image_path,plate_text
/content/drive/MyDrive/train_data/images/img_03106.jpg,BD8866
/content/drive/MyDrive/train_data/images/img_00784.jpg,AJ5796
/content/drive/MyDrive/train_data/images/img_06007.jpg,MR57
/content/drive/MyDrive/train_data/images/img_00206.jpg,ACM687
/content/drive/MyDrive/train_data/images/img_04493.jpg,DA175
/content/drive/MyDrive/train_data/images/img_06208.jpg,FD293
/content/drive/MyDrive/train_data/images/img_06082.jpg,ST682
/content/drive/MyDrive/train_data/images/img_01444.jpg,APH469
/content/drive/MyDrive/train_data/images/img_03484.jpg,BKE759
/content/drive/MyDrive/train_data/images/img_01596.jpg,AQG762
/content/drive/MyDrive/train_data/images/img_05259.jpg,LEB4913
/content/drive/MyDrive/train_data/images/img_01619.jpg,AQJ657
/content/drive/MyDrive/train_data/images/img_03709.jpg,BNU908
/content/drive/MyDrive/train_data/images/img_03980.jpg,BTW126
/content/drive/MyDrive/train_data/images/img_02637.jpg,AXC4
/content/drive/MyDrive/train_data/images/img_02923.jpg,BAL555
/content/drive/MyDrive/train_data/images/img_01917.jpg,ASH263
/content/drive/MyDrive/train_data/images/img_01202.jpg,AML194
/content/drive/MyDrive/train_data/images/img_01243.jpg,AMT240
/content/drive/MyDrive/train_data/images/img_06592.jpg,LEF2300
/content/drive/MyDrive/train_data/images/img_02459.jpg,AWB085
/content/drive/MyDrive/train_data/images/img_01649.jpg,AQQ915
/content/drive/MyDrive/train_data/images/img_05908.jpg,LRB2700
/content/drive/MyDrive/train_data/images/img_02205.jpg,AUH722
/content/drive/MyDrive/train_data/images/img_05244.jpg,LEB4022
/content/drive/MyDrive/train_data/images/img_01186.jpg,AMG959
/content/drive/MyDrive/train_data/images/img_05542.jpg,LED9647
/content/drive/MyDrive/train_data/images/img_03600.jpg,BM9156
/content/drive/MyDrive/train_data/images/img_00379.jpg,AEJ902
/content/drive/MyDrive/train_data/images/img_00621.jpg,AGV686
/content/drive/MyDrive/train_data/images/img_06000.jpg,MNA1061
/content/drive/MyDrive/train_data/images/img_03853.jpg,BRS369
/content/drive/MyDrive/train_data/images/img_00146.jpg,ABX769
/content/drive/MyDrive/train_data/images/img_01005.jpg,AKX618
/content/drive/MyDrive/train_data/images/img_03234.jpg,BEZ017
/content/drive/MyDrive/train_data/images/img_01234.jpg,AMS166
/content/drive/MyDrive/train_data/images/img_06204.jpg,DDA99
/content/drive/MyDrive/train_data/images/img_04645.jpg,DFN078
/content/drive/MyDrive/train_data/images/img_02593.jpg,AWX642
/content/drive/MyDrive/train_data/images/img_01087.jpg,ALM459
/content/drive/MyDrive/train_data/images/img_05430.jpg,LEC814
/content/drive/MyDrive/train_data/images/img_00041.jpg,AAK878
/content/drive/MyDrive/train_data/images/img_06001.jpg,MNA244
/content/drive/MyDrive/train_data/images/img_03581.jpg,BLP544
/content/drive/MyDrive/train_data/images/img_06057.jpg,SAJ886
/content/drive/MyDrive/train_data/images/img_05736.jpg,LEH3402
/content/drive/MyDrive/train_data/images/img_04530.jpg,DBM129
/content/drive/MyDrive/train_data/images/img_03396.jpg,BHA462
/content/drive/MyDrive/train_data/images/img_00151.jpg,ABZ410
/content/drive/MyDrive/train_data/images/img_01895.jpg,ASE768
/content/drive/MyDrive/train_data/images/img_00001.jpg,42
/content/drive/MyDrive/train_data/images/img_03666.jpg,BMZ178
/content/drive/MyDrive/train_data/images/img_00752.jpg,AHV555
/content/drive/MyDrive/train_data/images/img_03332.jpg,BGG552
/content/drive/MyDrive/train_data/images/img_06481.jpg,LEC2431
/content/drive/MyDrive/train_data/images/img_01178.jpg,AME307
/content/drive/MyDrive/train_data/images/img_02667.jpg,AXJ407
/content/drive/MyDrive/train_data/images/img_01922.jpg,ASJ301
/content/drive/MyDrive/train_data/images/img_00682.jpg,AHJ961
/content/drive/MyDrive/train_data/images/img_03178.jpg,BEC967
/content/drive/MyDrive/train_data/images/img_04575.jpg,DCV679
/content/drive/MyDrive/train_data/images/img_04266.jpg,BYD241
/content/drive/MyDrive/train_data/images/img_00785.jpg,AJA
/content/drive/MyDrive/train_data/images/img_01166.jpg,AMB789
/content/drive/MyDrive/train_data/images/img_02947.jpg,BAY439
/content/drive/MyDrive/train_data/images/img_02898.jpg,BAE002
/content/drive/MyDrive/train_data/images/img_05475.jpg,LED2877
/content/drive/MyDrive/train_data/images/img_06513.jpg,LEC9186
/content/drive/MyDrive/train_data/images/img_04478.jpg,CCM357
/content/drive/MyDrive/train_data/images/img_04376.jpg,CAA5912
/content/drive/MyDrive/train_data/images/img_03498.jpg,BKK937
/content/drive/MyDrive/train_data/images/img_03007.jpg,BBS923
/content/drive/MyDrive/train_data/images/img_02149.jpg,AU0
/content/drive/MyDrive/train_data/images/img_00208.jpg,ACN241
/content/drive/MyDrive/train_data/images/img_01164.jpg,AMB505
/content/drive/MyDrive/train_data/images/img_01666.jpg,AQT933
/content/drive/MyDrive/train_data/images/img_05459.jpg,LED2000
/content/drive/MyDrive/train_data/images/img_02448.jpg,AVZ642
/content/drive/MyDrive/train_data/images/img_05391.jpg,LEC4304
/content/drive/MyDrive/train_data/images/img_04840.jpg,LE1323
/content/drive/MyDrive/train_data/images/img_02076.jpg,ATL054
/content/drive/MyDrive/train_data/images/img_06658.jpg,LEH8375
/content/drive/MyDrive/train_data/images/img_00720.jpg,AHR683
/content/drive/MyDrive/train_data/images/img_04921.jpg,LE554
/content/drive/MyDrive/train_data/images/img_00613.jpg,AGU989
/content/drive/MyDrive/train_data/images/img_01705.jpg,AQZ558
/content/drive/MyDrive/train_data/images/img_05527.jpg,LED8302
/content/drive/MyDrive/train_data/images/img_02872.jpg,BA4528
/content/drive/MyDrive/train_data/images/img_05956.jpg,LXN384
/content/drive/MyDrive/train_data/images/img_06575.jpg,LEE6667
/content/drive/MyDrive/train_data/images/img_03768.jpg,BPY260
/content/drive/MyDrive/train_data/images/img_05136.jpg,LEA6663
/content/drive/MyDrive/train_data/images/img_00843.jpg,AJM488
/content/drive/MyDrive/train_data/images/img_03757.jpg,BPV360
/content/drive/MyDrive/train_data/images/img_03153.jpg,BDU724
/content/drive/MyDrive/train_data/images/img_00801.jpg,AJD183
/content/drive/MyDrive/train_data/images/img_05993.jpg,MC445
/content/drive/MyDrive/train_data/images/img_02624.jpg,AXA535
/content/drive/MyDrive/train_data/images/img_01930.jpg,ASJ740
/content/drive/MyDrive/train_data/images/img_05096.jpg,LEA4277
/content/drive/MyDrive/train_data/images/img_04033.jpg,BUQ1915
/content/drive/MyDrive/train_data/images/img_00776.jpg,AHZ172
/content/drive/MyDrive/train_data/images/img_04769.jpg,GPB193
/content/drive/MyDrive/train_data/images/img_01002.jpg,AKW763
/content/drive/MyDrive/train_data/images/img_01155.jpg,AM
/content/drive/MyDrive/train_data/images/img_00728.jpg,AHS615
/content/drive/MyDrive/train_data/images/img_00743.jpg,AHU095
/content/drive/MyDrive/train_data/images/img_04486.jpg,CT441
/content/drive/MyDrive/train_data/images/img_00224.jpg,ACS72
/content/drive/MyDrive/train_data/images/img_01925.jpg,ASJ342
/content/drive/MyDrive/train_data/images/img_04878.jpg,LE3647
/content/drive/MyDrive/train_data/images/img_02310.jpg,AUZ047
/content/drive/MyDrive/train_data/images/img_01163.jpg,AMB167
/content/drive/MyDrive/train_data/images/img_04068.jpg,BVC251
/content/drive/MyDrive/train_data/images/img_06557.jpg,LEE1341
/content/drive/MyDrive/train_data/images/img_05176.jpg,LEA8702
/content/drive/MyDrive/train_data/images/img_04689.jpg,EJ080
/content/drive/MyDrive/train_data/images/img_04401.jpg,CAL8441
/content/drive/MyDrive/train_data/images/img_02698.jpg,AXT845
/content/drive/MyDrive/train_data/images/img_01564.jpg,AQA946
/content/drive/MyDrive/train_data/images/img_05552.jpg,LEE1566
/content/drive/MyDrive/train_data/images/img_00862.jpg,AJR040
/content/drive/MyDrive/train_data/images/img_00686.jpg,AHK699
/content/drive/MyDrive/train_data/images/img_02018.jpg,ATA773
/content/drive/MyDrive/train_data/images/img_03614.jpg,BME121
/content/drive/MyDrive/train_data/images/img_02852.jpg,AZW988
/content/drive/MyDrive/train_data/images/img_02035.jpg,ATD749
/content/drive/MyDrive/train_data/images/img_05112.jpg,LEA507
/content/drive/MyDrive/train_data/images/img_06701.jpg,LEU5416
/content/drive/MyDrive/train_data/images/img_05844.jpg,LES7986
/content/drive/MyDrive/train_data/images/img_00071.jpg,AAX259
/content/drive/MyDrive/train_data/images/img_05740.jpg,LEH3999
/content/drive/MyDrive/train_data/images/img_01951.jpg,ASN681
/content/drive/MyDrive/train_data/images/img_00860.jpg,AJQ563
/content/drive/MyDrive/train_data/images/img_06279.jpg,LE6294
/content/drive/MyDrive/train_data/images/img_06143.jpg,AMS664
/content/drive/MyDrive/train_data/images/img_06096.jpg,UTS05
/content/drive/MyDrive/train_data/images/img_00060.jpg,AAT488
/content/drive/MyDrive/train_data/images/img_02362.jpg,AVF016
/content/drive/MyDrive/train_data/images/img_06374.jpg,LEA854
/content/drive/MyDrive/train_data/images/img_00090.jpg,ABD792
/content/drive/MyDrive/train_data/images/img_00477.jpg,AFL900
/content/drive/MyDrive/train_data/images/img_00173.jpg,ACD249
/content/drive/MyDrive/train_data/images/img_06359.jpg,LEA5526
/content/drive/MyDrive/train_data/images/img_04359.jpg,BZU070
/content/drive/MyDrive/train_data/images/img_05692.jpg,LEF7818
/content/drive/MyDrive/train_data/images/img_01024.jpg,ALA513
/content/drive/MyDrive/train_data/images/img_02243.jpg,AUQ777
/content/drive/MyDrive/train_data/images/img_02468.jpg,AWC213
/content/drive/MyDrive/train_data/images/img_02017.jpg,ATA773
/content/drive/MyDrive/train_data/images/img_05538.jpg,LED9611
/content/drive/MyDrive/train_data/images/img_00214.jpg,ACP455
/content/drive/MyDrive/train_data/images/img_00143.jpg,ABX534
/content/drive/MyDrive/train_data/images/img_01500.jpg,APQ462
/content/drive/MyDrive/train_data/images/img_03289.jpg,BFR288
/content/drive/MyDrive/train_data/images/img_00500.jpg,AFR409
/content/drive/MyDrive/train_data/images/img_06275.jpg,LE5957
/content/drive/MyDrive/train_data/images/img_00735.jpg,AHT465
/content/drive/MyDrive/train_data/images/img_06437.jpg,LEB6492
/content/drive/MyDrive/train_data/images/img_04760.jpg,GBK142
/content/drive/MyDrive/train_data/images/img_01456.jpg,APJ873
/content/drive/MyDrive/train_data/images/img_03073.jpg,BCN476
/content/drive/MyDrive/train_data/images/img_05982.jpg,LZX8822
/content/drive/MyDrive/train_data/images/img_03732.jpg,BPG586
/content/drive/MyDrive/train_data/images/img_04105.jpg,BVM701
/content/drive/MyDrive/train_data/images/img_06183.jpg,BTD778
/content/drive/MyDrive/train_data/images/img_03704.jpg,BNT026
/content/drive/MyDrive/train_data/images/img_04044.jpg,BUU137
/content/drive/MyDrive/train_data/images/img_00074.jpg,AAY263
/content/drive/MyDrive/train_data/images/img_03972.jpg,BTQ176
/content/drive/MyDrive/train_data/images/img_02150.jpg,AU005
/content/drive/MyDrive/train_data/images/img_06632.jpg,LEF9968
/content/drive/MyDrive/train_data/images/img_01872.jpg,ASB512
/content/drive/MyDrive/train_data/images/img_01301.jpg,ANC639
/content/drive/MyDrive/train_data/images/img_01084.jpg,ALL437
/content/drive/MyDrive/train_data/images/img_03564.jpg,BLJ241
/content/drive/MyDrive/train_data/images/img_01860.jpg,ARZ528
/content/drive/MyDrive/train_data/images/img_00377.jpg,AEH898
/content/drive/MyDrive/train_data/images/img_06636.jpg,LEG3593
/content/drive/MyDrive/train_data/images/img_00703.jpg,AHN166
/content/drive/MyDrive/train_data/images/img_04118.jpg,BVV918
/content/drive/MyDrive/train_data/images/img_04343.jpg,BZP050
/content/drive/MyDrive/train_data/images/img_03493.jpg,BKK511
/content/drive/MyDrive/train_data/images/img_01431.jpg,APF026
/content/drive/MyDrive/train_data/images/img_01693.jpg,AQY404
/content/drive/MyDrive/train_data/images/img_04462.jpg,CBB1992
/content/drive/MyDrive/train_data/images/img_00072.jpg,AAX976
/content/drive/MyDrive/train_data/images/img_06667.jpg,LEI5259
/content/drive/MyDrive/train_data/images/img_00863.jpg,AJR040
/content/drive/MyDrive/train_data/images/img_01856.jpg,ARZ367
/content/drive/MyDrive/train_data/images/img_01706.jpg,AQZ623
/content/drive/MyDrive/train_data/images/img_02216.jpg,AUK929
/content/drive/MyDrive/train_data/images/img_05703.jpg,LEF9341
/content/drive/MyDrive/train_data/images/img_00875.jpg,AJT943
/content/drive/MyDrive/train_data/images/img_02762.jpg,AYR155
/content/drive/MyDrive/train_data/images/img_04968.jpg,LE7333
/content/drive/MyDrive/train_data/images/img_00890.jpg,AJW095
/content/drive/MyDrive/train_data/images/img_05472.jpg,LED2856
/content/drive/MyDrive/train_data/images/img_04275.jpg,BYK451
/content/drive/MyDrive/train_data/images/img_00437.jpg,AEZ246
/content/drive/MyDrive/train_data/images/img_00354.jpg,AEA878
/content/drive/MyDrive/train_data/images/img_06342.jpg,LEA3737
/content/drive/MyDrive/train_data/images/img_01465.jpg,APK668
/content/drive/MyDrive/train_data/images/img_04194.jpg,BXA418
/content/drive/MyDrive/train_data/images/img_03908.jpg,BSP657
/content/drive/MyDrive/train_data/images/img_05190.jpg,LEA9375
/content/drive/MyDrive/train_data/images/img_03381.jpg,BGY228
/content/drive/MyDrive/train_data/images/img_04273.jpg,BYH827
/content/drive/MyDrive/train_data/images/img_02114.jpg,ATV872
/content/drive/MyDrive/train_data/images/img_06030.jpg,RGAZ48
/content/drive/MyDrive/train_data/images/img_00725.jpg,AHS266
/content/drive/MyDrive/train_data/images/img_06428.jpg,LEB5820
/content/drive/MyDrive/train_data/images/img_04705.jpg,FAA780
/content/drive/MyDrive/train_data/images/img_00084.jpg,ABD139
/content/drive/MyDrive/train_data/images/img_06421.jpg,LEB5263
/content/drive/MyDrive/train_data/images/img_03667.jpg,BMZ55
/content/drive/MyDrive/train_data/images/img_02119.jpg,ATW392
/content/drive/MyDrive/train_data/images/img_06346.jpg,LEA4739
/content/drive/MyDrive/train_data/images/img_01075.jpg,ALK372
/content/drive/MyDrive/train_data/images/img_01422.jpg,APD628
/content/drive/MyDrive/train_data/images/img_02082.jpg,ATM267
/content/drive/MyDrive/train_data/images/img_02447.jpg,AVZ499
/content/drive/MyDrive/train_data/images/img_03506.jpg,BKL947
/content/drive/MyDrive/train_data/images/img_06315.jpg,LE9243
/content/drive/MyDrive/train_data/images/img_02054.jpg,ATH056
/content/drive/MyDrive/train_data/images/img_00976.jpg,AKT814
/content/drive/MyDrive/train_data/images/img_04000.jpg,BUC017
/content/drive/MyDrive/train_data/images/img_05855.jpg,LET3276
/content/drive/MyDrive/train_data/images/img_02717.jpg,AYA088
/content/drive/MyDrive/train_data/images/img_06358.jpg,LEA5499
/content/drive/MyDrive/train_data/images/img_05996.jpg,MMT5
/content/drive/MyDrive/train_data/images/img_01055.jpg,ALF457
/content/drive/MyDrive/train_data/images/img_02894.jpg,BAC592
/content/drive/MyDrive/train_data/images/img_02895.jpg,BAC786
/content/drive/MyDrive/train_data/images/img_03230.jpg,BEY873
/content/drive/MyDrive/train_data/images/img_05119.jpg,LEA5311
/content/drive/MyDrive/train_data/images/img_05529.jpg,LED8385
/content/drive/MyDrive/train_data/images/img_00630.jpg,AGY737
/content/drive/MyDrive/train_data/images/img_05917.jpg,LRP128
/content/drive/MyDrive/train_data/images/img_06026.jpg,RB68
/content/drive/MyDrive/train_data/images/img_00587.jpg,AGQ017
/content/drive/MyDrive/train_data/images/img_00059.jpg,AAT317
/content/drive/MyDrive/train_data/images/img_01739.jpg,ARE248
/content/drive/MyDrive/train_data/images/img_01942.jpg,ASM990
/content/drive/MyDrive/train_data/images/img_04836.jpg,LE1212
/content/drive/MyDrive/train_data/images/img_03735.jpg,BPGS94
/content/drive/MyDrive/train_data/images/img_03979.jpg,BTT375
/content/drive/MyDrive/train_data/images/img_04491.jpg,CX621
/content/drive/MyDrive/train_data/images/img_02582.jpg,AWV993
/content/drive/MyDrive/train_data/images/img_05148.jpg,LEA7611
/content/drive/MyDrive/train_data/images/img_04733.jpg,GAK288
/content/drive/MyDrive/train_data/images/img_01784.jpg,ARM333
/content/drive/MyDrive/train_data/images/img_02512.jpg,AWK385
/content/drive/MyDrive/train_data/images/img_01487.jpg,APM925
/content/drive/MyDrive/train_data/images/img_06228.jpg,LE1095
/content/drive/MyDrive/train_data/images/img_04815.jpg,LARU337
/content/drive/MyDrive/train_data/images/img_01515.jpg,APS943
/content/drive/MyDrive/train_data/images/img_00176.jpg,ACF333
/content/drive/MyDrive/train_data/images/img_02622.jpg,AXA413
/content/drive/MyDrive/train_data/images/img_04237.jpg,BXP830
/content/drive/MyDrive/train_data/images/img_05920.jpg,LRQ747
/content/drive/MyDrive/train_data/images/img_01245.jpg,AMT660
/content/drive/MyDrive/train_data/images/img_00216.jpg,ACP513
/content/drive/MyDrive/train_data/images/img_01499.jpg,APQ462
/content/drive/MyDrive/train_data/images/img_05172.jpg,LEA855
/content/drive/MyDrive/train_data/images/img_06084.jpg,UAN7607
/content/drive/MyDrive/train_data/images/img_00393.jpg,AEP369
/content/drive/MyDrive/train_data/images/img_00395.jpg,AEP574
/content/drive/MyDrive/train_data/images/img_00532.jpg,AGA341
/content/drive/MyDrive/train_data/images/img_06251.jpg,LE3001
/content/drive/MyDrive/train_data/images/img_01654.jpg,AQS591
/content/drive/MyDrive/train_data/images/img_04507.jpg,DAP067
/content/drive/MyDrive/train_data/images/img_03538.jpg,BL235
/content/drive/MyDrive/train_data/images/img_03556.jpg,BLD655
/content/drive/MyDrive/train_data/images/img_00202.jpg,ACL365
/content/drive/MyDrive/train_data/images/img_00334.jpg,ADX600
/content/drive/MyDrive/train_data/images/img_04366.jpg,BZW136
/content/drive/MyDrive/train_data/images/img_00246.jpg,ACZ631
/content/drive/MyDrive/train_data/images/img_06020.jpg,QT562
/content/drive/MyDrive/train_data/images/img_06555.jpg,LED9994
/content/drive/MyDrive/train_data/images/img_06679.jpg,LES7983
/content/drive/MyDrive/train_data/images/img_03737.jpg,BPH524
/content/drive/MyDrive/train_data/images/img_05722.jpg,LEH1456
/content/drive/MyDrive/train_data/images/img_00578.jpg,AGN768
/content/drive/MyDrive/train_data/images/img_05802.jpg,LEJ1336
/content/drive/MyDrive/train_data/images/img_00341.jpg,ADY384
/content/drive/MyDrive/train_data/images/img_03150.jpg,BDT171
/content/drive/MyDrive/train_data/images/img_04245.jpg,BXS655
/content/drive/MyDrive/train_data/images/img_05958.jpg,LXP905
/content/drive/MyDrive/train_data/images/img_04338.jpg,BZN093
/content/drive/MyDrive/train_data/images/img_01760.jpg,ARH731
/content/drive/MyDrive/train_data/images/img_00067.jpg,AAV855
/content/drive/MyDrive/train_data/images/img_01379.jpg,ANV195
/content/drive/MyDrive/train_data/images/img_00674.jpg,AHG398
/content/drive/MyDrive/train_data/images/img_05871.jpg,LEU3076
/content/drive/MyDrive/train_data/images/img_05564.jpg,LEE3081
/content/drive/MyDrive/train_data/images/img_05611.jpg,LEE7975
/content/drive/MyDrive/train_data/images/img_05520.jpg,LED7995
/content/drive/MyDrive/train_data/images/img_04770.jpg,GPX334
/content/drive/MyDrive/train_data/images/img_05482.jpg,LED4450
/content/drive/MyDrive/train_data/images/img_00228.jpg,ACU178
/content/drive/MyDrive/train_data/images/img_06235.jpg,LE1640
/content/drive/MyDrive/train_data/images/img_03103.jpg,BD6932
/content/drive/MyDrive/train_data/images/img_05495.jpg,LED5661
/content/drive/MyDrive/train_data/images/img_05883.jpg,LEU5881
/content/drive/MyDrive/train_data/images/img_05057.jpg,LEA2376
/content/drive/MyDrive/train_data/images/img_04459.jpg,CB249
/content/drive/MyDrive/train_data/images/img_05437.jpg,LEC8894
/content/drive/MyDrive/train_data/images/img_01330.jpg,ANL917
/content/drive/MyDrive/train_data/images/img_01144.jpg,ALY104
/content/drive/MyDrive/train_data/images/img_01123.jpg,ALV335
/content/drive/MyDrive/train_data/images/img_02376.jpg,AVJ053
/content/drive/MyDrive/train_data/images/img_01316.jpg,ANF844
/content/drive/MyDrive/train_data/images/img_06113.jpg,YS569
/content/drive/MyDrive/train_data/images/img_03701.jpg,BNS313
/content/drive/MyDrive/train_data/images/img_04925.jpg,LE5666
/content/drive/MyDrive/train_data/images/img_05851.jpg,LET2366
/content/drive/MyDrive/train_data/images/img_04975.jpg,LE7781
/content/drive/MyDrive/train_data/images/img_00116.jpg,ABM115
/content/drive/MyDrive/train_data/images/img_00567.jpg,AGK726
/content/drive/MyDrive/train_data/images/img_04635.jpg,DFG740
/content/drive/MyDrive/train_data/images/img_00638.jpg,AHA033
/content/drive/MyDrive/train_data/images/img_01424.jpg,APD808
/content/drive/MyDrive/train_data/images/img_05678.jpg,LEF7057
/content/drive/MyDrive/train_data/images/img_06116.jpg,Z968
/content/drive/MyDrive/train_data/images/img_04471.jpg,CBJ6164
/content/drive/MyDrive/train_data/images/img_05941.jpg,LWO6090
/content/drive/MyDrive/train_data/images/img_05285.jpg,LEB6337
/content/drive/MyDrive/train_data/images/img_05655.jpg,LEF393
/content/drive/MyDrive/train_data/images/img_02794.jpg,AZC146
/content/drive/MyDrive/train_data/images/img_06090.jpg,UO865
/content/drive/MyDrive/train_data/images/img_06670.jpg,LEJ1484
/content/drive/MyDrive/train_data/images/img_02644.jpg,AXD710
/content/drive/MyDrive/train_data/images/img_00798.jpg,AJC909
/content/drive/MyDrive/train_data/images/img_02558.jpg,AWT522
/content/drive/MyDrive/train_data/images/img_02204.jpg,AUH261
/content/drive/MyDrive/train_data/images/img_01891.jpg,ASE274
/content/drive/MyDrive/train_data/images/img_05586.jpg,LEE5448
/content/drive/MyDrive/train_data/images/img_02178.jpg,AUC786
/content/drive/MyDrive/train_data/images/img_01460.jpg,APK018
/content/drive/MyDrive/train_data/images/img_02375.jpg,AVJ001
/content/drive/MyDrive/train_data/images/img_03596.jpg,BM1453
/content/drive/MyDrive/train_data/images/img_03179.jpg,BED105
/content/drive/MyDrive/train_data/images/img_00047.jpg,AAM599
/content/drive/MyDrive/train_data/images/img_00592.jpg,AGQ859
/content/drive/MyDrive/train_data/images/img_04502.jpg,DAM507
/content/drive/MyDrive/train_data/images/img_05183.jpg,LEA8939
/content/drive/MyDrive/train_data/images/img_03895.jpg,BSJ762
/content/drive/MyDrive/train_data/images/img_01361.jpg,ANS132
/content/drive/MyDrive/train_data/images/img_01344.jpg,ANQ030
/content/drive/MyDrive/train_data/images/img_05797.jpg,LEI5259
/content/drive/MyDrive/train_data/images/img_01115.jpg,ALT852
/content/drive/MyDrive/train_data/images/img_05048.jpg,LEA202
/content/drive/MyDrive/train_data/images/img_02505.jpg,AWJ937
/content/drive/MyDrive/train_data/images/img_05852.jpg,LET3275
/content/drive/MyDrive/train_data/images/img_04580.jpg,DCY638
/content/drive/MyDrive/train_data/images/img_04937.jpg,LE6105
/content/drive/MyDrive/train_data/images/img_01216.jpg,AMM900
/content/drive/MyDrive/train_data/images/img_04126.jpg,BVZ789
/content/drive/MyDrive/train_data/images/img_06189.jpg,CAF9530
/content/drive/MyDrive/train_data/images/img_05095.jpg,LEA426
/content/drive/MyDrive/train_data/images/img_06605.jpg,LEF4457
/content/drive/MyDrive/train_data/images/img_03639.jpg,BMR109
/content/drive/MyDrive/train_data/images/img_05297.jpg,LEB7062
/content/drive/MyDrive/train_data/images/img_02928.jpg,BAN945
/content/drive/MyDrive/train_data/images/img_03414.jpg,BHN108
/content/drive/MyDrive/train_data/images/img_01393.jpg,ANX512
/content/drive/MyDrive/train_data/images/img_02312.jpg,AUZ054
/content/drive/MyDrive/train_data/images/img_00485.jpg,AFN784
/content/drive/MyDrive/train_data/images/img_03383.jpg,BGZ469
/content/drive/MyDrive/train_data/images/img_06130.jpg,AEM167
/content/drive/MyDrive/train_data/images/img_01459.jpg,APK018
/content/drive/MyDrive/train_data/images/img_00069.jpg,AAX097
/content/drive/MyDrive/train_data/images/img_05629.jpg,LEE9722
/content/drive/MyDrive/train_data/images/img_04833.jpg,LD5558
/content/drive/MyDrive/train_data/images/img_02679.jpg,AXP555
/content/drive/MyDrive/train_data/images/img_00145.jpg,ABX769
/content/drive/MyDrive/train_data/images/img_06404.jpg,LEB2816
/content/drive/MyDrive/train_data/images/img_02294.jpg,AUX985
/content/drive/MyDrive/train_data/images/img_04628.jpg,DEW129
/content/drive/MyDrive/train_data/images/img_01517.jpg,APT491
/content/drive/MyDrive/train_data/images/img_03798.jpg,BQJ149
/content/drive/MyDrive/train_data/images/img_00231.jpg,ACV400
/content/drive/MyDrive/train_data/images/img_04446.jpg,CAV7917
/content/drive/MyDrive/train_data/images/img_00130.jpg,ABS370
/content/drive/MyDrive/train_data/images/img_04652.jpg,DFV173
/content/drive/MyDrive/train_data/images/img_05793.jpg,LEI3607
/content/drive/MyDrive/train_data/images/img_02629.jpg,AXB380
/content/drive/MyDrive/train_data/images/img_05081.jpg,LEA3662
/content/drive/MyDrive/train_data/images/img_03360.jpg,BGT695
/content/drive/MyDrive/train_data/images/img_02905.jpg,BAG053
/content/drive/MyDrive/train_data/images/img_00963.jpg,AKR064
/content/drive/MyDrive/train_data/images/img_05532.jpg,LED854
/content/drive/MyDrive/train_data/images/img_02565.jpg,AWU333
/content/drive/MyDrive/train_data/images/img_03438.jpg,BJ8685
/content/drive/MyDrive/train_data/images/img_02062.jpg,ATH335
/content/drive/MyDrive/train_data/images/img_03641.jpg,BMR547
/content/drive/MyDrive/train_data/images/img_06313.jpg,LE9171
/content/drive/MyDrive/train_data/images/img_04511.jpg,DAT310
/content/drive/MyDrive/train_data/images/img_02040.jpg,ATE096
/content/drive/MyDrive/train_data/images/img_04765.jpg,GLIM
/content/drive/MyDrive/train_data/images/img_00412.jpg,AES638
/content/drive/MyDrive/train_data/images/img_04026.jpg,BUL737
/content/drive/MyDrive/train_data/images/img_03050.jpg,BCE24
/content/drive/MyDrive/train_data/images/img_06196.jpg,CAS6152
/content/drive/MyDrive/train_data/images/img_05343.jpg,LEB9915
/content/drive/MyDrive/train_data/images/img_00810.jpg,AJF188
/content/drive/MyDrive/train_data/images/img_00835.jpg,AJK989
/content/drive/MyDrive/train_data/images/img_02209.jpg,AUJ2
/content/drive/MyDrive/train_data/images/img_06487.jpg,LEC3428
/content/drive/MyDrive/train_data/images/img_05536.jpg,LED9495
/content/drive/MyDrive/train_data/images/img_04378.jpg,CAB4812
/content/drive/MyDrive/train_data/images/img_05515.jpg,LED7714
/content/drive/MyDrive/train_data/images/img_01037.jpg,ALB944
/content/drive/MyDrive/train_data/images/img_01368.jpg,ANT208
/content/drive/MyDrive/train_data/images/img_00773.jpg,AHZ091
/content/drive/MyDrive/train_data/images/img_00591.jpg,AGQ859
/content/drive/MyDrive/train_data/images/img_02042.jpg,ATE646
/content/drive/MyDrive/train_data/images/img_04951.jpg,LE6502
/content/drive/MyDrive/train_data/images/img_02244.jpg,AUQ800
/content/drive/MyDrive/train_data/images/img_01492.jpg,APP015
/content/drive/MyDrive/train_data/images/img_06311.jpg,LE9065
/content/drive/MyDrive/train_data/images/img_05460.jpg,LED2206
/content/drive/MyDrive/train_data/images/img_01497.jpg,APQ009
/content/drive/MyDrive/train_data/images/img_01430.jpg,APF025
/content/drive/MyDrive/train_data/images/img_02543.jpg,AWR080
/content/drive/MyDrive/train_data/images/img_06263.jpg,LE4971
/content/drive/MyDrive/train_data/images/img_04653.jpg,DFV470
/content/drive/MyDrive/train_data/images/img_04136.jpg,BWA984
/content/drive/MyDrive/train_data/images/img_00901.jpg,AJY311
/content/drive/MyDrive/train_data/images/img_00383.jpg,AEK667
/content/drive/MyDrive/train_data/images/img_02658.jpg,AXG797
/content/drive/MyDrive/train_data/images/img_05358.jpg,LEC1707
/content/drive/MyDrive/train_data/images/img_05274.jpg,LEB558
/content/drive/MyDrive/train_data/images/img_05247.jpg,LEB428
/content/drive/MyDrive/train_data/images/img_06117.jpg,ZB34
/content/drive/MyDrive/train_data/images/img_03257.jpg,BFE632
/content/drive/MyDrive/train_data/images/img_01367.jpg,ANS418
/content/drive/MyDrive/train_data/images/img_00729.jpg,AHT021
/content/drive/MyDrive/train_data/images/img_05805.jpg,LEJ6484
/content/drive/MyDrive/train_data/images/img_02479.jpg,AWE127
/content/drive/MyDrive/train_data/images/img_05258.jpg,LEB4890
/content/drive/MyDrive/train_data/images/img_04923.jpg,LE5666
/content/drive/MyDrive/train_data/images/img_01370.jpg,ANT248
/content/drive/MyDrive/train_data/images/img_03710.jpg,BNU915
/content/drive/MyDrive/train_data/images/img_06179.jpg,BH6605
/content/drive/MyDrive/train_data/images/img_02104.jpg,ATS621
/content/drive/MyDrive/train_data/images/img_01712.jpg,AR5018
/content/drive/MyDrive/train_data/images/img_04563.jpg,DCP616
/content/drive/MyDrive/train_data/images/img_00730.jpg,AHT050
/content/drive/MyDrive/train_data/images/img_06166.jpg,BBP424
/content/drive/MyDrive/train_data/images/img_01921.jpg,ASJ212
/content/drive/MyDrive/train_data/images/img_04214.jpg,BXH711
/content/drive/MyDrive/train_data/images/img_02903.jpg,BAG
/content/drive/MyDrive/train_data/images/img_03807.jpg,BQS574
/content/drive/MyDrive/train_data/images/img_04291.jpg,BYU502
/content/drive/MyDrive/train_data/images/img_05607.jpg,LEE7731
/content/drive/MyDrive/train_data/images/img_01138.jpg,ALX523
/content/drive/MyDrive/train_data/images/img_04826.jpg,LC75
/content/drive/MyDrive/train_data/images/img_03134.jpg,BDH734
/content/drive/MyDrive/train_data/images/img_05157.jpg,LEA7706
/content/drive/MyDrive/train_data/images/img_02298.jpg,AUY308
/content/drive/MyDrive/train_data/images/img_06299.jpg,LE8373
/content/drive/MyDrive/train_data/images/img_04935.jpg,LE605
/content/drive/MyDrive/train_data/images/img_00662.jpg,AHE781
/content/drive/MyDrive/train_data/images/img_05918.jpg,LRQ49
/content/drive/MyDrive/train_data/images/img_05445.jpg,LEC9723
/content/drive/MyDrive/train_data/images/img_01539.jpg,APW470
/content/drive/MyDrive/train_data/images/img_01090.jpg,ALM611
/content/drive/MyDrive/train_data/images/img_00327.jpg,ADU711
/content/drive/MyDrive/train_data/images/img_01740.jpg,ARE376
/content/drive/MyDrive/train_data/images/img_02183.jpg,AUE201
/content/drive/MyDrive/train_data/images/img_02397.jpg,AVN755
/content/drive/MyDrive/train_data/images/img_02621.jpg,AXA413
/content/drive/MyDrive/train_data/images/img_06366.jpg,LEA7073
/content/drive/MyDrive/train_data/images/img_05742.jpg,LEH4674
/content/drive/MyDrive/train_data/images/img_05118.jpg,LEA5274
/content/drive/MyDrive/train_data/images/img_02522.jpg,AWL945
/content/drive/MyDrive/train_data/images/img_03341.jpg,BGL828
/content/drive/MyDrive/train_data/images/img_03938.jpg,BT915
/content/drive/MyDrive/train_data/images/img_02108.jpg,ATU228
/content/drive/MyDrive/train_data/images/img_01903.jpg,ASF585
/content/drive/MyDrive/train_data/images/img_02735.jpg,AYEI611
/content/drive/MyDrive/train_data/images/img_03756.jpg,BPV197
/content/drive/MyDrive/train_data/images/img_00716.jpg,AHQ175
/content/drive/MyDrive/train_data/images/img_04192.jpg,BWY602
/content/drive/MyDrive/train_data/images/img_04895.jpg,LE4250
/content/drive/MyDrive/train_data/images/img_02979.jpg,BBH103
/content/drive/MyDrive/train_data/images/img_01653.jpg,AQS393
/content/drive/MyDrive/train_data/images/img_05055.jpg,LEA2309
/content/drive/MyDrive/train_data/images/img_00855.jpg,AJN929
/content/drive/MyDrive/train_data/images/img_03681.jpg,BND864
/content/drive/MyDrive/train_data/images/img_05724.jpg,LEH1604
/content/drive/MyDrive/train_data/images/img_00250.jpg,AD0450
/content/drive/MyDrive/train_data/images/img_02502.jpg,AWJ759
/content/drive/MyDrive/train_data/images/img_04986.jpg,LE808
/content/drive/MyDrive/train_data/images/img_05640.jpg,LEF1977
/content/drive/MyDrive/train_data/images/img_06606.jpg,LEF4783
/content/drive/MyDrive/train_data/images/img_05825.jpg,LES3681
/content/drive/MyDrive/train_data/images/img_06071.jpg,SB0563
/content/drive/MyDrive/train_data/images/img_05948.jpg,LWR5058
/content/drive/MyDrive/train_data/images/img_03931.jpg,BSVT715
/content/drive/MyDrive/train_data/images/img_01188.jpg,AMH109
/content/drive/MyDrive/train_data/images/img_00054.jpg,AAR998
/content/drive/MyDrive/train_data/images/img_04691.jpg,EK44
/content/drive/MyDrive/train_data/images/img_06718.jpg,LWC3340
/content/drive/MyDrive/train_data/images/img_00691.jpg,AHL091
/content/drive/MyDrive/train_data/images/img_06625.jpg,LEF8544
/content/drive/MyDrive/train_data/images/img_01743.jpg,ARE856
/content/drive/MyDrive/train_data/images/img_04926.jpg,LE5845
/content/drive/MyDrive/train_data/images/img_04851.jpg,LE2089
/content/drive/MyDrive/train_data/images/img_00044.jpg,AAL829
/content/drive/MyDrive/train_data/images/img_04006.jpg,BUC650
/content/drive/MyDrive/train_data/images/img_00870.jpg,AJT398
/content/drive/MyDrive/train_data/images/img_02841.jpg,AZU805
/content/drive/MyDrive/train_data/images/img_04161.jpg,BWL838
/content/drive/MyDrive/train_data/images/img_02498.jpg,AWJ038
/content/drive/MyDrive/train_data/images/img_04946.jpg,LE63
/content/drive/MyDrive/train_data/images/img_02022.jpg,ATA887
/content/drive/MyDrive/train_data/images/img_05307.jpg,LEB7562
/content/drive/MyDrive/train_data/images/img_02021.jpg,ATA887
/content/drive/MyDrive/train_data/images/img_03154.jpg,BDV034
/content/drive/MyDrive/train_data/images/img_02395.jpg,AVN494
/content/drive/MyDrive/train_data/images/img_03860.jpg,BRU049
/content/drive/MyDrive/train_data/images/img_03697.jpg,BNR607
/content/drive/MyDrive/train_data/images/img_05091.jpg,LEA4214
/content/drive/MyDrive/train_data/images/img_01239.jpg,AMS664
/content/drive/MyDrive/train_data/images/img_01445.jpg,APH679
/content/drive/MyDrive/train_data/images/img_04498.jpg,DAG651
/content/drive/MyDrive/train_data/images/img_02714.jpg,AXZ342
/content/drive/MyDrive/train_data/images/img_00518.jpg,AFU772
/content/drive/MyDrive/train_data/images/img_02060.jpg,ATH315
/content/drive/MyDrive/train_data/images/img_00464.jpg,AFH353
/content/drive/MyDrive/train_data/images/img_06671.jpg,LES1166
/content/drive/MyDrive/train_data/images/img_02069.jpg,ATJ926
/content/drive/MyDrive/train_data/images/img_03620.jpg,BMG308
/content/drive/MyDrive/train_data/images/img_03352.jpg,BGR488
/content/drive/MyDrive/train_data/images/img_04792.jpg,JK658
/content/drive/MyDrive/train_data/images/img_06169.jpg,BBW27
/content/drive/MyDrive/train_data/images/img_00164.jpg,ACB750
/content/drive/MyDrive/train_data/images/img_03628.jpg,BMH990
/content/drive/MyDrive/train_data/images/img_06323.jpg,LEA1610
/content/drive/MyDrive/train_data/images/img_03669.jpg,BMZ962
/content/drive/MyDrive/train_data/images/img_03225.jpg,BEW384
/content/drive/MyDrive/train_data/images/img_06302.jpg,LE8464
/content/drive/MyDrive/train_data/images/img_00194.jpg,ACH959
/content/drive/MyDrive/train_data/images/img_05021.jpg,LE9943
/content/drive/MyDrive/train_data/images/img_02580.jpg,AWV993
/content/drive/MyDrive/train_data/images/img_05457.jpg,LED1572
/content/drive/MyDrive/train_data/images/img_05827.jpg,LES409
/content/drive/MyDrive/train_data/images/img_00040.jpg,AAK878
/content/drive/MyDrive/train_data/images/img_04373.jpg,CA043
/content/drive/MyDrive/train_data/images/img_04772.jpg,GRGU67
/content/drive/MyDrive/train_data/images/img_05679.jpg,LEF709
/content/drive/MyDrive/train_data/images/img_00386.jpg,AEL387
/content/drive/MyDrive/train_data/images/img_01187.jpg,AMG959
/content/drive/MyDrive/train_data/images/img_05628.jpg,LEE9613
/content/drive/MyDrive/train_data/images/img_05735.jpg,LEH3402
/content/drive/MyDrive/train_data/images/img_04898.jpg,LE4629
/content/drive/MyDrive/train_data/images/img_02607.jpg,AWZ504
/content/drive/MyDrive/train_data/images/img_02556.jpg,AWS964
/content/drive/MyDrive/train_data/images/img_06735.jpg,S348
/content/drive/MyDrive/train_data/images/img_04872.jpg,LE33
/content/drive/MyDrive/train_data/images/img_04583.jpg,DDA250
/content/drive/MyDrive/train_data/images/img_05177.jpg,LEA8725
/content/drive/MyDrive/train_data/images/img_04766.jpg,GN516
/content/drive/MyDrive/train_data/images/img_04455.jpg,CAX4835
/content/drive/MyDrive/train_data/images/img_00911.jpg,AK164
/content/drive/MyDrive/train_data/images/img_01994.jpg,ASW635
/content/drive/MyDrive/train_data/images/img_05559.jpg,LEE2120
/content/drive/MyDrive/train_data/images/img_04040.jpg,BUT272
/content/drive/MyDrive/train_data/images/img_06373.jpg,LEA8459
/content/drive/MyDrive/train_data/images/img_05535.jpg,LED92
/content/drive/MyDrive/train_data/images/img_00615.jpg,AGV010
/content/drive/MyDrive/train_data/images/img_05368.jpg,LEC3074
/content/drive/MyDrive/train_data/images/img_01793.jpg,ARP0543
/content/drive/MyDrive/train_data/images/img_02413.jpg,AVS129
/content/drive/MyDrive/train_data/images/img_06414.jpg,LEB4254
/content/drive/MyDrive/train_data/images/img_06329.jpg,LEA2048
/content/drive/MyDrive/train_data/images/img_06016.jpg,PT339
/content/drive/MyDrive/train_data/images/img_04551.jpg,DCG644
/content/drive/MyDrive/train_data/images/img_00405.jpg,AER181
/content/drive/MyDrive/train_data/images/img_03832.jpg,BRB705
/content/drive/MyDrive/train_data/images/img_04671.jpg,DGX170
/content/drive/MyDrive/train_data/images/img_02529.jpg,AWO
/content/drive/MyDrive/train_data/images/img_00680.jpg,AHH334
/content/drive/MyDrive/train_data/images/img_05809.jpg,LEP3843
/content/drive/MyDrive/train_data/images/img_05601.jpg,LEE6934
/content/drive/MyDrive/train_data/images/img_01800.jpg,ARQ232
/content/drive/MyDrive/train_data/images/img_05194.jpg,LEA9506
/content/drive/MyDrive/train_data/images/img_03450.jpg,BJJ627
/content/drive/MyDrive/train_data/images/img_06708.jpg,LRB2675
/content/drive/MyDrive/train_data/images/img_01771.jpg,ARK433
/content/drive/MyDrive/train_data/images/img_02796.jpg,AZC163
/content/drive/MyDrive/train_data/images/img_02854.jpg,AZX530
/content/drive/MyDrive/train_data/images/img_02877.jpg,BA60
/content/drive/MyDrive/train_data/images/img_02245.jpg,AUQ876
/content/drive/MyDrive/train_data/images/img_05028.jpg,LEA1043
/content/drive/MyDrive/train_data/images/img_01586.jpg,AQD723
/content/drive/MyDrive/train_data/images/img_03076.jpg,BCP691
/content/drive/MyDrive/train_data/images/img_04520.jpg,DB273
/content/drive/MyDrive/train_data/images/img_00162.jpg,ACB323
/content/drive/MyDrive/train_data/images/img_01275.jpg,AMX535
/content/drive/MyDrive/train_data/images/img_05754.jpg,LEH560
/content/drive/MyDrive/train_data/images/img_05375.jpg,LEC3544
/content/drive/MyDrive/train_data/images/img_00779.jpg,AHZ297
/content/drive/MyDrive/train_data/images/img_00213.jpg,ACP367
/content/drive/MyDrive/train_data/images/img_06288.jpg,LE7234
/content/drive/MyDrive/train_data/images/img_06248.jpg,LE2710
/content/drive/MyDrive/train_data/images/img_04149.jpg,BWG544
/content/drive/MyDrive/train_data/images/img_00852.jpg,AJN595
/content/drive/MyDrive/train_data/images/img_04775.jpg,GZ974
/content/drive/MyDrive/train_data/images/img_03501.jpg,BKL
/content/drive/MyDrive/train_data/images/img_03424.jpg,BHS284
/content/drive/MyDrive/train_data/images/img_01658.jpg,AQT710
/content/drive/MyDrive/train_data/images/img_05942.jpg,LWP7167
/content/drive/MyDrive/train_data/images/img_03422.jpg,BHR674
/content/drive/MyDrive/train_data/images/img_04602.jpg,DDX662
/content/drive/MyDrive/train_data/images/img_01622.jpg,AQK451
/content/drive/MyDrive/train_data/images/img_02213.jpg,AUK452
/content/drive/MyDrive/train_data/images/img_04861.jpg,LE2715
/content/drive/MyDrive/train_data/images/img_02227.jpg,AUN639
/content/drive/MyDrive/train_data/images/img_06680.jpg,LET2023
/content/drive/MyDrive/train_data/images/img_06368.jpg,LEA7109
/content/drive/MyDrive/train_data/images/img_04354.jpg,BZT144
/content/drive/MyDrive/train_data/images/img_01893.jpg,ASE581
/content/drive/MyDrive/train_data/images/img_00272.jpg,ADF070
/content/drive/MyDrive/train_data/images/img_02203.jpg,AUH261
/content/drive/MyDrive/train_data/images/img_05634.jpg,LEF1299
/content/drive/MyDrive/train_data/images/img_01343.jpg,ANP885
/content/drive/MyDrive/train_data/images/img_02563.jpg,AWU329
/content/drive/MyDrive/train_data/images/img_04757.jpg,GBG967
/content/drive/MyDrive/train_data/images/img_02724.jpg,AYC485
/content/drive/MyDrive/train_data/images/img_06340.jpg,LEA3535
/content/drive/MyDrive/train_data/images/img_02242.jpg,AUQ679
/content/drive/MyDrive/train_data/images/img_06043.jpg,RU452
/content/drive/MyDrive/train_data/images/img_01898.jpg,ASE880
/content/drive/MyDrive/train_data/images/img_00350.jpg,ADZ895
/content/drive/MyDrive/train_data/images/img_01226.jpg,AMP931
/content/drive/MyDrive/train_data/images/img_04648.jpg,DFS167
/content/drive/MyDrive/train_data/images/img_01576.jpg,AQC449
/content/drive/MyDrive/train_data/images/img_01389.jpg,ANW934
/content/drive/MyDrive/train_data/images/img_05198.jpg,LEB
/content/drive/MyDrive/train_data/images/img_01598.jpg,AQG865
/content/drive/MyDrive/train_data/images/img_05221.jpg,LEB2705
/content/drive/MyDrive/train_data/images/img_05300.jpg,LEB7207
/content/drive/MyDrive/train_data/images/img_05389.jpg,LEC4275
/content/drive/MyDrive/train_data/images/img_02348.jpg,AVC585
/content/drive/MyDrive/train_data/images/img_00288.jpg,ADL686
/content/drive/MyDrive/train_data/images/img_03504.jpg,BKL937
/content/drive/MyDrive/train_data/images/img_06181.jpg,BJ9313
/content/drive/MyDrive/train_data/images/img_01491.jpg,APN764
/content/drive/MyDrive/train_data/images/img_01612.jpg,AQJ251
/content/drive/MyDrive/train_data/images/img_03779.jpg,BQA230
/content/drive/MyDrive/train_data/images/img_01040.jpg,ALD258
/content/drive/MyDrive/train_data/images/img_02159.jpg,AUA120
/content/drive/MyDrive/train_data/images/img_00328.jpg,ADU739
/content/drive/MyDrive/train_data/images/img_01480.jpg,APM063
/content/drive/MyDrive/train_data/images/img_00958.jpg,AKN987
/content/drive/MyDrive/train_data/images/img_05047.jpg,LEA2017
/content/drive/MyDrive/train_data/images/img_06394.jpg,LEB1804
/content/drive/MyDrive/train_data/images/img_06464.jpg,LEB9190
/content/drive/MyDrive/train_data/images/img_04269.jpg,BYF471
/content/drive/MyDrive/train_data/images/img_03647.jpg,BMT445
/content/drive/MyDrive/train_data/images/img_02065.jpg,ATJ437
/content/drive/MyDrive/train_data/images/img_00113.jpg,ABJ566
/content/drive/MyDrive/train_data/images/img_00296.jpg,ADM972
/content/drive/MyDrive/train_data/images/img_06535.jpg,LED5589
/content/drive/MyDrive/train_data/images/img_03400.jpg,BHC083
/content/drive/MyDrive/train_data/images/img_05562.jpg,LEE290
/content/drive/MyDrive/train_data/images/img_00192.jpg,ACH848
/content/drive/MyDrive/train_data/images/img_06010.jpg,NF35
/content/drive/MyDrive/train_data/images/img_03884.jpg,BSB071
/content/drive/MyDrive/train_data/images/img_00544.jpg,AGF336
/content/drive/MyDrive/train_data/images/img_01879.jpg,ASC663
/content/drive/MyDrive/train_data/images/img_04283.jpg,BYP979
/content/drive/MyDrive/train_data/images/img_05710.jpg,LEF991
/content/drive/MyDrive/train_data/images/img_04036.jpg,BUQ378
/content/drive/MyDrive/train_data/images/img_01749.jpg,ARF543
/content/drive/MyDrive/train_data/images/img_02889.jpg,BAC021
/content/drive/MyDrive/train_data/images/img_04654.jpg,DFW389
/content/drive/MyDrive/train_data/images/img_04585.jpg,DDA991
/content/drive/MyDrive/train_data/images/img_05907.jpg,LRB2700
/content/drive/MyDrive/train_data/images/img_02927.jpg,BAN945
/content/drive/MyDrive/train_data/images/img_03018.jpg,BBV355
/content/drive/MyDrive/train_data/images/img_01850.jpg,ARZ123
/content/drive/MyDrive/train_data/images/img_02766.jpg,AYS220
/content/drive/MyDrive/train_data/images/img_05217.jpg,LEB2388
/content/drive/MyDrive/train_data/images/img_01201.jpg,AML194
/content/drive/MyDrive/train_data/images/img_05714.jpg,LEG5029
/content/drive/MyDrive/train_data/images/img_01597.jpg,AQG865
/content/drive/MyDrive/train_data/images/img_03446.jpg,BJC549
/content/drive/MyDrive/train_data/images/img_06465.jpg,LEB9345
/content/drive/MyDrive/train_data/images/img_01835.jpg,ARW945
/content/drive/MyDrive/train_data/images/img_06211.jpg,FK481
/content/drive/MyDrive/train_data/images/img_02718.jpg,AYA094
/content/drive/MyDrive/train_data/images/img_02836.jpg,AZT510
/content/drive/MyDrive/train_data/images/img_04331.jpg,BZH228
/content/drive/MyDrive/train_data/images/img_01787.jpg,ARN221
/content/drive/MyDrive/train_data/images/img_04778.jpg,HASSNAIN
/content/drive/MyDrive/train_data/images/img_01843.jpg,ARX435
/content/drive/MyDrive/train_data/images/img_00440.jpg,AEZ808
/content/drive/MyDrive/train_data/images/img_06518.jpg,LEC9598
/content/drive/MyDrive/train_data/images/img_05604.jpg,LEE7362
/content/drive/MyDrive/train_data/images/img_05677.jpg,LEF7057
/content/drive/MyDrive/train_data/images/img_00503.jpg,AFS060
/content/drive/MyDrive/train_data/images/img_05193.jpg,LEA949
/content/drive/MyDrive/train_data/images/img_00957.jpg,AKN987
/content/drive/MyDrive/train_data/images/img_00547.jpg,AGG134
/content/drive/MyDrive/train_data/images/img_04694.jpg,ETS2215
/content/drive/MyDrive/train_data/images/img_03042.jpg,BCD317
/content/drive/MyDrive/train_data/images/img_06612.jpg,LEF6554
/content/drive/MyDrive/train_data/images/img_01976.jpg,AST487
/content/drive/MyDrive/train_data/images/img_02867.jpg,AZZ55
/content/drive/MyDrive/train_data/images/img_04880.jpg,LE3822
/content/drive/MyDrive/train_data/images/img_04902.jpg,LE491
/content/drive/MyDrive/train_data/images/img_00310.jpg,ADR403
/content/drive/MyDrive/train_data/images/img_06199.jpg,CBH6598
/content/drive/MyDrive/train_data/images/img_00866.jpg,AJR482
/content/drive/MyDrive/train_data/images/img_03161.jpg,BE416
/content/drive/MyDrive/train_data/images/img_04198.jpg,BXB705
/content/drive/MyDrive/train_data/images/img_02985.jpg,BBJ331
/content/drive/MyDrive/train_data/images/img_05288.jpg,LEB64
/content/drive/MyDrive/train_data/images/img_00091.jpg,ABE043
/content/drive/MyDrive/train_data/images/img_04055.jpg,BUY086
/content/drive/MyDrive/train_data/images/img_04965.jpg,LE709
/content/drive/MyDrive/train_data/images/img_04711.jpg,FDA543
/content/drive/MyDrive/train_data/images/img_04680.jpg,EA517
/content/drive/MyDrive/train_data/images/img_01664.jpg,AQT842
/content/drive/MyDrive/train_data/images/img_03245.jpg,BFA501
/content/drive/MyDrive/train_data/images/img_00654.jpg,AHC557
/content/drive/MyDrive/train_data/images/img_04846.jpg,LE1742
/content/drive/MyDrive/train_data/images/img_05334.jpg,LEB9001
/content/drive/MyDrive/train_data/images/img_05077.jpg,LEA3411
/content/drive/MyDrive/train_data/images/img_00577.jpg,AGN588
/content/drive/MyDrive/train_data/images/img_02381.jpg,AVK093
/content/drive/MyDrive/train_data/images/img_00824.jpg,AJH791
/content/drive/MyDrive/train_data/images/img_03364.jpg,BGU805
/content/drive/MyDrive/train_data/images/img_00611.jpg,AGU831
/content/drive/MyDrive/train_data/images/img_03356.jpg,BGS036
/content/drive/MyDrive/train_data/images/img_03590.jpg,BLZ235
/content/drive/MyDrive/train_data/images/img_06475.jpg,LEB9820
/content/drive/MyDrive/train_data/images/img_03513.jpg,BKS506
/content/drive/MyDrive/train_data/images/img_04024.jpg,BUL327
/content/drive/MyDrive/train_data/images/img_00805.jpg,AJD890
/content/drive/MyDrive/train_data/images/img_02551.jpg,AWS307
/content/drive/MyDrive/train_data/images/img_03982.jpg,BTX541
/content/drive/MyDrive/train_data/images/img_06562.jpg,LEE2998
/content/drive/MyDrive/train_data/images/img_00478.jpg,AFN115
/content/drive/MyDrive/train_data/images/img_06055.jpg,SAJ886
/content/drive/MyDrive/train_data/images/img_03823.jpg,BQW736
/content/drive/MyDrive/train_data/images/img_01039.jpg,ALC615
/content/drive/MyDrive/train_data/images/img_01011.jpg,AKZ803
/content/drive/MyDrive/train_data/images/img_00035.jpg,AAJ118
/content/drive/MyDrive/train_data/images/img_06278.jpg,LE6260
/content/drive/MyDrive/train_data/images/img_04131.jpg,BWA278
/content/drive/MyDrive/train_data/images/img_01238.jpg,AMS578
/content/drive/MyDrive/train_data/images/img_00921.jpg,AKD854
/content/drive/MyDrive/train_data/images/img_03427.jpg,BHU060
/content/drive/MyDrive/train_data/images/img_01833.jpg,ARW705
/content/drive/MyDrive/train_data/images/img_02222.jpg,AUM391
/content/drive/MyDrive/train_data/images/img_06198.jpg,CAX7003
/content/drive/MyDrive/train_data/images/img_03502.jpg,BKL140
/content/drive/MyDrive/train_data/images/img_00253.jpg,ADA216
/content/drive/MyDrive/train_data/images/img_03736.jpg,BPH524
/content/drive/MyDrive/train_data/images/img_02428.jpg,AVW060
/content/drive/MyDrive/train_data/images/img_02268.jpg,AUT556
/content/drive/MyDrive/train_data/images/img_04246.jpg,BXU717
/content/drive/MyDrive/train_data/images/img_00086.jpg,ABD403
/content/drive/MyDrive/train_data/images/img_04849.jpg,LE1913
/content/drive/MyDrive/train_data/images/img_04892.jpg,LE4228
/content/drive/MyDrive/train_data/images/img_02380.jpg,AVK045
/content/drive/MyDrive/train_data/images/img_02546.jpg,AWR413
/content/drive/MyDrive/train_data/images/img_05717.jpg,LEG5661
/content/drive/MyDrive/train_data/images/img_00536.jpg,AGC575
/content/drive/MyDrive/train_data/images/img_01386.jpg,ANW540
/content/drive/MyDrive/train_data/images/img_04101.jpg,BVL069
/content/drive/MyDrive/train_data/images/img_05796.jpg,LEI5259
/content/drive/MyDrive/train_data/images/img_01458.jpg,APJ937
/content/drive/MyDrive/train_data/images/img_03193.jpg,BEK313
/content/drive/MyDrive/train_data/images/img_00065.jpg,AAV125
/content/drive/MyDrive/train_data/images/img_02907.jpg,BAG132
/content/drive/MyDrive/train_data/images/img_05079.jpg,LEA3498
/content/drive/MyDrive/train_data/images/img_00406.jpg,AER338
/content/drive/MyDrive/train_data/images/img_03357.jpg,BGS036
/content/drive/MyDrive/train_data/images/img_02398.jpg,AVN878
/content/drive/MyDrive/train_data/images/img_06347.jpg,LEA487
/content/drive/MyDrive/train_data/images/img_03489.jpg,BKG70
/content/drive/MyDrive/train_data/images/img_02101.jpg,ATR561
/content/drive/MyDrive/train_data/images/img_00761.jpg,AHW904
/content/drive/MyDrive/train_data/images/img_06474.jpg,LEB9803
/content/drive/MyDrive/train_data/images/img_01446.jpg,APH679
/content/drive/MyDrive/train_data/images/img_04991.jpg,LE8488
/content/drive/MyDrive/train_data/images/img_06383.jpg,LEA9506
/content/drive/MyDrive/train_data/images/img_01373.jpg,ANT448
/content/drive/MyDrive/train_data/images/img_05680.jpg,LEF709
/content/drive/MyDrive/train_data/images/img_02074.jpg,ATL054
/content/drive/MyDrive/train_data/images/img_02986.jpg,BBJ331
/content/drive/MyDrive/train_data/images/img_01364.jpg,ANS332
/content/drive/MyDrive/train_data/images/img_06596.jpg,LEF3188
/content/drive/MyDrive/train_data/images/img_03402.jpg,BHC322
/content/drive/MyDrive/train_data/images/img_03815.jpg,BQV219
/content/drive/MyDrive/train_data/images/img_04077.jpg,BVF106
/content/drive/MyDrive/train_data/images/img_03143.jpg,BDP769
/content/drive/MyDrive/train_data/images/img_03771.jpg,BPZ317
/content/drive/MyDrive/train_data/images/img_04228.jpg,BXL717
/content/drive/MyDrive/train_data/images/img_02602.jpg,AWZ227
/content/drive/MyDrive/train_data/images/img_04617.jpg,DEM125
/content/drive/MyDrive/train_data/images/img_01661.jpg,AQT788
/content/drive/MyDrive/train_data/images/img_02496.jpg,AWH786
/content/drive/MyDrive/train_data/images/img_04188.jpg,BWW960
/content/drive/MyDrive/train_data/images/img_06360.jpg,LEA568
/content/drive/MyDrive/train_data/images/img_05141.jpg,LEA7288
/content/drive/MyDrive/train_data/images/img_05027.jpg,LEA
/content/drive/MyDrive/train_data/images/img_00324.jpg,ADT652
/content/drive/MyDrive/train_data/images/img_05751.jpg,LEH5383
/content/drive/MyDrive/train_data/images/img_04062.jpg,BVA769
/content/drive/MyDrive/train_data/images/img_05921.jpg,LRU8888
/content/drive/MyDrive/train_data/images/img_06640.jpg,LEH2030
/content/drive/MyDrive/train_data/images/img_04855.jpg,LE2314
/content/drive/MyDrive/train_data/images/img_01394.jpg,ANX512
/content/drive/MyDrive/train_data/images/img_03819.jpg,BQW204
/content/drive/MyDrive/train_data/images/img_01820.jpg,ARV230
/content/drive/MyDrive/train_data/images/img_04302.jpg,BYX416
/content/drive/MyDrive/train_data/images/img_02775.jpg,AYV563
/content/drive/MyDrive/train_data/images/img_04115.jpg,BVV575
/content/drive/MyDrive/train_data/images/img_02319.jpg,AV022
/content/drive/MyDrive/train_data/images/img_05969.jpg,LZL5442
/content/drive/MyDrive/train_data/images/img_01448.jpg,APJ02
/content/drive/MyDrive/train_data/images/img_04200.jpg,BXC039
/content/drive/MyDrive/train_data/images/img_01050.jpg,ALF024
/content/drive/MyDrive/train_data/images/img_02843.jpg,AZV597
/content/drive/MyDrive/train_data/images/img_00293.jpg,ADM533
/content/drive/MyDrive/train_data/images/img_03993.jpg,BTZ660
/content/drive/MyDrive/train_data/images/img_04790.jpg,JAF001
/content/drive/MyDrive/train_data/images/img_04061.jpg,BVA412
/content/drive/MyDrive/train_data/images/img_01613.jpg,AQJ251
/content/drive/MyDrive/train_data/images/img_00754.jpg,AHV767
/content/drive/MyDrive/train_data/images/img_05085.jpg,LEA38
/content/drive/MyDrive/train_data/images/img_03459.jpg,BJQ024
/content/drive/MyDrive/train_data/images/img_06054.jpg,SAJ886
/content/drive/MyDrive/train_data/images/img_03310.jpg,BG2481
/content/drive/MyDrive/train_data/images/img_00332.jpg,ADW999
/content/drive/MyDrive/train_data/images/img_05579.jpg,LEE4814
/content/drive/MyDrive/train_data/images/img_05041.jpg,LEA1941
/content/drive/MyDrive/train_data/images/img_04224.jpg,BXK935
/content/drive/MyDrive/train_data/images/img_01868.jpg,ASA771
/content/drive/MyDrive/train_data/images/img_02492.jpg,AWG538
/content/drive/MyDrive/train_data/images/img_00664.jpg,AHF014
/content/drive/MyDrive/train_data/images/img_03848.jpg,BRQ305
/content/drive/MyDrive/train_data/images/img_03379.jpg,BGW623
/content/drive/MyDrive/train_data/images/img_05860.jpg,LEU1670
/content/drive/MyDrive/train_data/images/img_04529.jpg,DBM129
/content/drive/MyDrive/train_data/images/img_03370.jpg,BGV825
/content/drive/MyDrive/train_data/images/img_02083.jpg,ATM357
/content/drive/MyDrive/train_data/images/img_03139.jpg,BDK771
/content/drive/MyDrive/train_data/images/img_00124.jpg,ABQ729
/content/drive/MyDrive/train_data/images/img_03991.jpg,BTZ112
/content/drive/MyDrive/train_data/images/img_00020.jpg,AADS062
/content/drive/MyDrive/train_data/images/img_00352.jpg,AEA484
/content/drive/MyDrive/train_data/images/img_06201.jpg,CBK4746
/content/drive/MyDrive/train_data/images/img_04025.jpg,BUL737
/content/drive/MyDrive/train_data/images/img_03322.jpg,BGD366
/content/drive/MyDrive/train_data/images/img_02288.jpg,AUW821
/content/drive/MyDrive/train_data/images/img_01258.jpg,AMV212
/content/drive/MyDrive/train_data/images/img_03207.jpg,BEN516
/content/drive/MyDrive/train_data/images/img_06415.jpg,LEB4376
/content/drive/MyDrive/train_data/images/img_02072.jpg,ATK585
/content/drive/MyDrive/train_data/images/img_05823.jpg,LES2973
/content/drive/MyDrive/train_data/images/img_04593.jpg,DDH603
/content/drive/MyDrive/train_data/images/img_00098.jpg,ABG056
/content/drive/MyDrive/train_data/images/img_02975.jpg,BBG239
/content/drive/MyDrive/train_data/images/img_03772.jpg,BPZ345
/content/drive/MyDrive/train_data/images/img_00487.jpg,AFN928
/content/drive/MyDrive/train_data/images/img_06728.jpg,LZY3863
/content/drive/MyDrive/train_data/images/img_04128.jpg,BW205
/content/drive/MyDrive/train_data/images/img_05016.jpg,LE9687
/content/drive/MyDrive/train_data/images/img_00061.jpg,AAT669
/content/drive/MyDrive/train_data/images/img_03098.jpg,BCZ773
/content/drive/MyDrive/train_data/images/img_06635.jpg,LEG2088
/content/drive/MyDrive/train_data/images/img_00101.jpg,ABG633
/content/drive/MyDrive/train_data/images/img_02292.jpg,AUX502
/content/drive/MyDrive/train_data/images/img_03696.jpg,BNR607
/content/drive/MyDrive/train_data/images/img_06480.jpg,LEC2017
/content/drive/MyDrive/train_data/images/img_02767.jpg,AYS471
/content/drive/MyDrive/train_data/images/img_06318.jpg,LE9728
/content/drive/MyDrive/train_data/images/img_03843.jpg,BRJ942
/content/drive/MyDrive/train_data/images/img_06673.jpg,LES44
/content/drive/MyDrive/train_data/images/img_05861.jpg,LEU1670
/content/drive/MyDrive/train_data/images/img_01889.jpg,ASE079
/content/drive/MyDrive/train_data/images/img_03192.jpg,BEK313
/content/drive/MyDrive/train_data/images/img_04497.jpg,DAE668
/content/drive/MyDrive/train_data/images/img_03244.jpg,BFA039
/content/drive/MyDrive/train_data/images/img_05727.jpg,LEH2551
/content/drive/MyDrive/train_data/images/img_05610.jpg,LEE7975
/content/drive/MyDrive/train_data/images/img_05576.jpg,LEE4488
/content/drive/MyDrive/train_data/images/img_01452.jpg,APJ456
/content/drive/MyDrive/train_data/images/img_02809.jpg,AZF422
/content/drive/MyDrive/train_data/images/img_03545.jpg,BLB423
/content/drive/MyDrive/train_data/images/img_03445.jpg,BJB978
/content/drive/MyDrive/train_data/images/img_06202.jpg,DBF604
/content/drive/MyDrive/train_data/images/img_01982.jpg,ASU555
/content/drive/MyDrive/train_data/images/img_04329.jpg,BZG543
/content/drive/MyDrive/train_data/images/img_05560.jpg,LEE2324
/content/drive/MyDrive/train_data/images/img_01337.jpg,ANN720
/content/drive/MyDrive/train_data/images/img_06330.jpg,LEA2088
/content/drive/MyDrive/train_data/images/img_05725.jpg,LEH2108
/content/drive/MyDrive/train_data/images/img_03049.jpg,BCE24
/content/drive/MyDrive/train_data/images/img_01884.jpg,ASD
/content/drive/MyDrive/train_data/images/img_06301.jpg,LE8429
/content/drive/MyDrive/train_data/images/img_02675.jpg,AXM426
/content/drive/MyDrive/train_data/images/img_03729.jpg,BPE728
/content/drive/MyDrive/train_data/images/img_02039.jpg,ATE087
/content/drive/MyDrive/train_data/images/img_04340.jpg,BZN093
/content/drive/MyDrive/train_data/images/img_03069.jpg,BCL321
/content/drive/MyDrive/train_data/images/img_06336.jpg,LEA2908
/content/drive/MyDrive/train_data/images/img_00102.jpg,ABG633
/content/drive/MyDrive/train_data/images/img_05376.jpg,LEC3544
/content/drive/MyDrive/train_data/images/img_06620.jpg,LEF7773
/content/drive/MyDrive/train_data/images/img_00967.jpg,AKS028
/content/drive/MyDrive/train_data/images/img_01775.jpg,ARL015
/content/drive/MyDrive/train_data/images/img_01574.jpg,AQC372
/content/drive/MyDrive/train_data/images/img_05813.jpg,LES1166
/content/drive/MyDrive/train_data/images/img_05214.jpg,LEB2162
/content/drive/MyDrive/train_data/images/img_03552.jpg,BLD360
/content/drive/MyDrive/train_data/images/img_00985.jpg,AKU502
/content/drive/MyDrive/train_data/images/img_01504.jpg,APQ738
/content/drive/MyDrive/train_data/images/img_05988.jpg,LZY503
/content/drive/MyDrive/train_data/images/img_03817.jpg,BQV784
/content/drive/MyDrive/train_data/images/img_02566.jpg,AWU333
/content/drive/MyDrive/train_data/images/img_02289.jpg,AUX005
/content/drive/MyDrive/train_data/images/img_01197.jpg,AMK074
/content/drive/MyDrive/train_data/images/img_06482.jpg,LEC2590
/content/drive/MyDrive/train_data/images/img_05846.jpg,LES9562
/content/drive/MyDrive/train_data/images/img_00434.jpg,AEY594
/content/drive/MyDrive/train_data/images/img_04399.jpg,CAL8441
/content/drive/MyDrive/train_data/images/img_01632.jpg,AQM770
/content/drive/MyDrive/train_data/images/img_04001.jpg,BUC268
/content/drive/MyDrive/train_data/images/img_02494.jpg,AWG944
/content/drive/MyDrive/train_data/images/img_02884.jpg,BAB290
/content/drive/MyDrive/train_data/images/img_03540.jpg,BL4186
/content/drive/MyDrive/train_data/images/img_01966.jpg,ASR741
/content/drive/MyDrive/train_data/images/img_01285.jpg,AMZ985
/content/drive/MyDrive/train_data/images/img_00269.jpg,ADDT6502
/content/drive/MyDrive/train_data/images/img_02138.jpg,ATZ12
/content/drive/MyDrive/train_data/images/img_00191.jpg,ACH786
/content/drive/MyDrive/train_data/images/img_06363.jpg,LEA637
/content/drive/MyDrive/train_data/images/img_00882.jpg,AJU973
/content/drive/MyDrive/train_data/images/img_02181.jpg,AUD499
/content/drive/MyDrive/train_data/images/img_05402.jpg,LEC5415
/content/drive/MyDrive/train_data/images/img_00333.jpg,ADX111
/content/drive/MyDrive/train_data/images/img_06145.jpg,APL4
/content/drive/MyDrive/train_data/images/img_06335.jpg,LEA2678
/content/drive/MyDrive/train_data/images/img_00388.jpg,AEL880
/content/drive/MyDrive/train_data/images/img_02939.jpg,BAV230
/content/drive/MyDrive/train_data/images/img_05803.jpg,LEJ1336
/content/drive/MyDrive/train_data/images/img_03731.jpg,BPG586
/content/drive/MyDrive/train_data/images/img_05476.jpg,LED3131
/content/drive/MyDrive/train_data/images/img_01618.jpg,AQJ657
/content/drive/MyDrive/train_data/images/img_02477.jpg,AWD889
/content/drive/MyDrive/train_data/images/img_01284.jpg,AMZ537
/content/drive/MyDrive/train_data/images/img_02215.jpg,AUK712
/content/drive/MyDrive/train_data/images/img_02151.jpg,AU008
/content/drive/MyDrive/train_data/images/img_00123.jpg,ABP195
/content/drive/MyDrive/train_data/images/img_06381.jpg,LEA9089
/content/drive/MyDrive/train_data/images/img_04219.jpg,BXJ827
/content/drive/MyDrive/train_data/images/img_03644.jpg,BMS489
/content/drive/MyDrive/train_data/images/img_06738.jpg,SLU46
/content/drive/MyDrive/train_data/images/img_00881.jpg,AJU968
/content/drive/MyDrive/train_data/images/img_03578.jpg,BLP144
/content/drive/MyDrive/train_data/images/img_04233.jpg,BXN186
/content/drive/MyDrive/train_data/images/img_01709.jpg,AR03
/content/drive/MyDrive/train_data/images/img_03158.jpg,BDY505
/content/drive/MyDrive/train_data/images/img_06192.jpg,CAS3902
/content/drive/MyDrive/train_data/images/img_05570.jpg,LEE3622
/content/drive/MyDrive/train_data/images/img_04725.jpg,FZ835
/content/drive/MyDrive/train_data/images/img_01291.jpg,ANB231
/content/drive/MyDrive/train_data/images/img_01096.jpg,ALQ346
/content/drive/MyDrive/train_data/images/img_06171.jpg,BDZ173
/content/drive/MyDrive/train_data/images/img_05731.jpg,LEH3028
/content/drive/MyDrive/train_data/images/img_04616.jpg,DEM125
/content/drive/MyDrive/train_data/images/img_04397.jpg,CAL5175
/content/drive/MyDrive/train_data/images/img_05092.jpg,LEA4214
/content/drive/MyDrive/train_data/images/img_02980.jpg,BBH385
/content/drive/MyDrive/train_data/images/img_06024.jpg,RA207
/content/drive/MyDrive/train_data/images/img_02668.jpg,AXJ407
/content/drive/MyDrive/train_data/images/img_00523.jpg,AFY083
/content/drive/MyDrive/train_data/images/img_04927.jpg,LE5845
/content/drive/MyDrive/train_data/images/img_01007.jpg,AKZ168
/content/drive/MyDrive/train_data/images/img_02089.jpg,ATN547
/content/drive/MyDrive/train_data/images/img_00502.jpg,AFS060
/content/drive/MyDrive/train_data/images/img_00281.jpg,ADJ423
/content/drive/MyDrive/train_data/images/img_03132.jpg,BDG409
/content/drive/MyDrive/train_data/images/img_02974.jpg,BBG239
/content/drive/MyDrive/train_data/images/img_06688.jpg,LEU3048
/content/drive/MyDrive/train_data/images/img_00902.jpg,AJY314
/content/drive/MyDrive/train_data/images/img_01249.jpg,AMT994
/content/drive/MyDrive/train_data/images/img_03712.jpg,BNV997
/content/drive/MyDrive/train_data/images/img_04735.jpg,GAT601
/content/drive/MyDrive/train_data/images/img_00635.jpg,AGZ497
/content/drive/MyDrive/train_data/images/img_02081.jpg,ATM267
/content/drive/MyDrive/train_data/images/img_01992.jpg,ASW431
/content/drive/MyDrive/train_data/images/img_03015.jpg,BBT707
/content/drive/MyDrive/train_data/images/img_04717.jpg,FSB1916
/content/drive/MyDrive/train_data/images/img_01279.jpg,AMY646
/content/drive/MyDrive/train_data/images/img_04634.jpg,DFG390
/content/drive/MyDrive/train_data/images/img_05571.jpg,LEE3647
/content/drive/MyDrive/train_data/images/img_00782.jpg,AIE67
/content/drive/MyDrive/train_data/images/img_00006.jpg,AABB785
/content/drive/MyDrive/train_data/images/img_05791.jpg,LEH9978
/content/drive/MyDrive/train_data/images/img_01417.jpg,APB56
/content/drive/MyDrive/train_data/images/img_03369.jpg,BGV825
/content/drive/MyDrive/train_data/images/img_00978.jpg,AKU023
/content/drive/MyDrive/train_data/images/img_03223.jpg,BEV966
/content/drive/MyDrive/train_data/images/img_05498.jpg,LED6081
/content/drive/MyDrive/train_data/images/img_05322.jpg,LEB8359
/content/drive/MyDrive/train_data/images/img_00122.jpg,ABN084
/content/drive/MyDrive/train_data/images/img_04182.jpg,BWW549
/content/drive/MyDrive/train_data/images/img_01533.jpg,APV994
/content/drive/MyDrive/train_data/images/img_01415.jpg,APA648
/content/drive/MyDrive/train_data/images/img_01548.jpg,APY861
/content/drive/MyDrive/train_data/images/img_00633.jpg,AGZ089
/content/drive/MyDrive/train_data/images/img_05624.jpg,LEE8828
/content/drive/MyDrive/train_data/images/img_00511.jpg,AFT238
/content/drive/MyDrive/train_data/images/img_01708.jpg,AQZ847
/content/drive/MyDrive/train_data/images/img_01200.jpg,AMK559
/content/drive/MyDrive/train_data/images/img_02486.jpg,AWF625
/content/drive/MyDrive/train_data/images/img_03182.jpg,BEE505
/content/drive/MyDrive/train_data/images/img_00495.jpg,AFR026
/content/drive/MyDrive/train_data/images/img_03455.jpg,BJL944
/content/drive/MyDrive/train_data/images/img_03941.jpg,BTB164
/content/drive/MyDrive/train_data/images/img_06163.jpg,BAZ09
/content/drive/MyDrive/train_data/images/img_02090.jpg,ATN547
/content/drive/MyDrive/train_data/images/img_03775.jpg,BQ592
/content/drive/MyDrive/train_data/images/img_05565.jpg,LEE3081
/content/drive/MyDrive/train_data/images/img_04138.jpg,BWC36
/content/drive/MyDrive/train_data/images/img_02739.jpg,AYG810
/content/drive/MyDrive/train_data/images/img_01811.jpg,ART984
/content/drive/MyDrive/train_data/images/img_02892.jpg,BAC057
/content/drive/MyDrive/train_data/images/img_02262.jpg,AUT224
/content/drive/MyDrive/train_data/images/img_05808.jpg,LEO1091
/content/drive/MyDrive/train_data/images/img_00700.jpg,AHN062
/content/drive/MyDrive/train_data/images/img_05955.jpg,LXL670
/content/drive/MyDrive/train_data/images/img_02332.jpg,AVA363
/content/drive/MyDrive/train_data/images/img_00588.jpg,AGQ157
/content/drive/MyDrive/train_data/images/img_01831.jpg,ARW478
/content/drive/MyDrive/train_data/images/img_03592.jpg,BLZ957
/content/drive/MyDrive/train_data/images/img_02208.jpg,AUJ167
/content/drive/MyDrive/train_data/images/img_06633.jpg,LEG2088
/content/drive/MyDrive/train_data/images/img_04092.jpg,BVH480
/content/drive/MyDrive/train_data/images/img_01175.jpg,AMD925
/content/drive/MyDrive/train_data/images/img_05414.jpg,LEC6961
/content/drive/MyDrive/train_data/images/img_00451.jpg,AFD500
/content/drive/MyDrive/train_data/images/img_00783.jpg,AJ172
/content/drive/MyDrive/train_data/images/img_05933.jpg,LWB848
/content/drive/MyDrive/train_data/images/img_06522.jpg,LED1237
/content/drive/MyDrive/train_data/images/img_00238.jpg,ACW666
/content/drive/MyDrive/train_data/images/img_03075.jpg,BCN932
/content/drive/MyDrive/train_data/images/img_03068.jpg,BCL321
/content/drive/MyDrive/train_data/images/img_05039.jpg,LEA183
/content/drive/MyDrive/train_data/images/img_00939.jpg,AKH437
/content/drive/MyDrive/train_data/images/img_06158.jpg,AYG131
/content/drive/MyDrive/train_data/images/img_06160.jpg,AZQ290
/content/drive/MyDrive/train_data/images/img_01152.jpg,ALZ241
/content/drive/MyDrive/train_data/images/img_05050.jpg,LEA2037
/content/drive/MyDrive/train_data/images/img_02337.jpg,AVB266
/content/drive/MyDrive/train_data/images/img_00512.jpg,AFT280
/content/drive/MyDrive/train_data/images/img_04147.jpg,BWG161
/content/drive/MyDrive/train_data/images/img_04321.jpg,BZC149
/content/drive/MyDrive/train_data/images/img_04721.jpg,FT876
/content/drive/MyDrive/train_data/images/img_05263.jpg,LEB5109
/content/drive/MyDrive/train_data/images/img_01886.jpg,ASD830
/content/drive/MyDrive/train_data/images/img_01214.jpg,AMM725
/content/drive/MyDrive/train_data/images/img_01521.jpg,APU052
/content/drive/MyDrive/train_data/images/img_01883.jpg,ASC996
/content/drive/MyDrive/train_data/images/img_05775.jpg,LEH7866
/content/drive/MyDrive/train_data/images/img_00833.jpg,AJK363
/content/drive/MyDrive/train_data/images/img_01116.jpg,ALT852
/content/drive/MyDrive/train_data/images/img_02669.jpg,AXK284
/content/drive/MyDrive/train_data/images/img_02257.jpg,AUS084
/content/drive/MyDrive/train_data/images/img_03973.jpg,BTQ378
/content/drive/MyDrive/train_data/images/img_05004.jpg,LE9047
/content/drive/MyDrive/train_data/images/img_04202.jpg,BXC651
/content/drive/MyDrive/train_data/images/img_05588.jpg,LEE5713
/content/drive/MyDrive/train_data/images/img_04948.jpg,LE6447
/content/drive/MyDrive/train_data/images/img_06595.jpg,LEF2977
/content/drive/MyDrive/train_data/images/img_02815.jpg,AZH908
/content/drive/MyDrive/train_data/images/img_06017.jpg,PW852
/content/drive/MyDrive/train_data/images/img_00184.jpg,ACH153
/content/drive/MyDrive/train_data/images/img_04924.jpg,LE5666
/content/drive/MyDrive/train_data/images/img_00031.jpg,AAGJ743
/content/drive/MyDrive/train_data/images/img_01333.jpg,ANN10
/content/drive/MyDrive/train_data/images/img_03087.jpg,BCU592
/content/drive/MyDrive/train_data/images/img_06639.jpg,LEH1881
/content/drive/MyDrive/train_data/images/img_02389.jpg,AVK47
/content/drive/MyDrive/train_data/images/img_00723.jpg,AHR800
/content/drive/MyDrive/train_data/images/img_04752.jpg,GBE011
/content/drive/MyDrive/train_data/images/img_04208.jpg,BXE427
/content/drive/MyDrive/train_data/images/img_05817.jpg,LES1968
/content/drive/MyDrive/train_data/images/img_05346.jpg,LEC1129
/content/drive/MyDrive/train_data/images/img_02034.jpg,ATD053
/content/drive/MyDrive/train_data/images/img_06500.jpg,LEC6167
/content/drive/MyDrive/train_data/images/img_03557.jpg,BLD910
/content/drive/MyDrive/train_data/images/img_06376.jpg,LEA8700
/content/drive/MyDrive/train_data/images/img_05828.jpg,LES4535
/content/drive/MyDrive/train_data/images/img_04915.jpg,LE5367
/content/drive/MyDrive/train_data/images/img_04431.jpg,CAS6152
/content/drive/MyDrive/train_data/images/img_01363.jpg,ANS332
/content/drive/MyDrive/train_data/images/img_04528.jpg,DBJ533
/content/drive/MyDrive/train_data/images/img_04164.jpg,BWP304
/content/drive/MyDrive/train_data/images/img_01773.jpg,ARK568
/content/drive/MyDrive/train_data/images/img_04129.jpg,BW5454
/content/drive/MyDrive/train_data/images/img_02141.jpg,ATZ222
/content/drive/MyDrive/train_data/images/img_02518.jpg,AWL230
/content/drive/MyDrive/train_data/images/img_00899.jpg,AJX114
/content/drive/MyDrive/train_data/images/img_05351.jpg,LEC139
/content/drive/MyDrive/train_data/images/img_02532.jpg,AWP235
/content/drive/MyDrive/train_data/images/img_00117.jpg,ABM313
/content/drive/MyDrive/train_data/images/img_06466.jpg,LEB9387
/content/drive/MyDrive/train_data/images/img_01832.jpg,ARW500
/content/drive/MyDrive/train_data/images/img_06106.jpg,WF497
/content/drive/MyDrive/train_data/images/img_02932.jpg,BAS382
/content/drive/MyDrive/train_data/images/img_01552.jpg,APZ4
/content/drive/MyDrive/train_data/images/img_03065.jpg,BCK559
/content/drive/MyDrive/train_data/images/img_06695.jpg,LEU4687
/content/drive/MyDrive/train_data/images/img_05547.jpg,LED9952
/content/drive/MyDrive/train_data/images/img_04605.jpg,DDZ876
/content/drive/MyDrive/train_data/images/img_00131.jpg,ABT329
/content/drive/MyDrive/train_data/images/img_02303.jpg,AUY613
/content/drive/MyDrive/train_data/images/img_03591.jpg,BLZ957
/content/drive/MyDrive/train_data/images/img_01834.jpg,ARW798
/content/drive/MyDrive/train_data/images/img_01764.jpg,ARJ543
/content/drive/MyDrive/train_data/images/img_02210.jpg,AUJ310
/content/drive/MyDrive/train_data/images/img_01485.jpg,APM925
/content/drive/MyDrive/train_data/images/img_05070.jpg,LEA2936
/content/drive/MyDrive/train_data/images/img_01952.jpg,ASN681
/content/drive/MyDrive/train_data/images/img_02725.jpg,AYC689
/content/drive/MyDrive/train_data/images/img_02733.jpg,AYE666
/content/drive/MyDrive/train_data/images/img_04010.jpg,BUF440
/content/drive/MyDrive/train_data/images/img_02588.jpg,AWW640
/content/drive/MyDrive/train_data/images/img_03762.jpg,BPX280
/content/drive/MyDrive/train_data/images/img_06716.jpg,LRP9846
/content/drive/MyDrive/train_data/images/img_05927.jpg,LU7678
/content/drive/MyDrive/train_data/images/img_06504.jpg,LEC6613
/content/drive/MyDrive/train_data/images/img_03961.jpg,BTM467
/content/drive/MyDrive/train_data/images/img_05937.jpg,LWE1040
/content/drive/MyDrive/train_data/images/img_06168.jpg,BBT
/content/drive/MyDrive/train_data/images/img_01823.jpg,ARV479
/content/drive/MyDrive/train_data/images/img_02363.jpg,AVF716
/content/drive/MyDrive/train_data/images/img_05412.jpg,LEC6472
/content/drive/MyDrive/train_data/images/img_04971.jpg,LE742
/content/drive/MyDrive/train_data/images/img_04676.jpg,DK646
/content/drive/MyDrive/train_data/images/img_04984.jpg,LE8012
/content/drive/MyDrive/train_data/images/img_05849.jpg,LET2023
/content/drive/MyDrive/train_data/images/img_02748.jpg,AYL093
/content/drive/MyDrive/train_data/images/img_06186.jpg,CAA5912
/content/drive/MyDrive/train_data/images/img_06034.jpg,RIS2137
/content/drive/MyDrive/train_data/images/img_05799.jpg,LEJ1160
/content/drive/MyDrive/train_data/images/img_04868.jpg,LE313
/content/drive/MyDrive/train_data/images/img_04406.jpg,CAN561
/content/drive/MyDrive/train_data/images/img_03316.jpg,BGA166
/content/drive/MyDrive/train_data/images/img_03508.jpg,BKR535
/content/drive/MyDrive/train_data/images/img_02129.jpg,ATY297
/content/drive/MyDrive/train_data/images/img_03428.jpg,BHU202
/content/drive/MyDrive/train_data/images/img_02851.jpg,AZW602
/content/drive/MyDrive/train_data/images/img_06249.jpg,LE2777
/content/drive/MyDrive/train_data/images/img_06133.jpg,AGP047
/content/drive/MyDrive/train_data/images/img_03363.jpg,BGT827
/content/drive/MyDrive/train_data/images/img_04547.jpg,DCB187
/content/drive/MyDrive/train_data/images/img_02998.jpg,BBP566
/content/drive/MyDrive/train_data/images/img_03140.jpg,BDK771
/content/drive/MyDrive/train_data/images/img_00316.jpg,ADS317
/content/drive/MyDrive/train_data/images/img_01767.jpg,ARJ962
/content/drive/MyDrive/train_data/images/img_03897.jpg,BSK093
/content/drive/MyDrive/train_data/images/img_04086.jpg,BVG868
/content/drive/MyDrive/train_data/images/img_04572.jpg,DCT418
/content/drive/MyDrive/train_data/images/img_02192.jpg,AUF364
/content/drive/MyDrive/train_data/images/img_00768.jpg,AHY071
/content/drive/MyDrive/train_data/images/img_06234.jpg,LE1622
/content/drive/MyDrive/train_data/images/img_05261.jpg,LEB492
/content/drive/MyDrive/train_data/images/img_00241.jpg,ACX495
/content/drive/MyDrive/train_data/images/img_02296.jpg,AUY308
/content/drive/MyDrive/train_data/images/img_00014.jpg,AAD131
/content/drive/MyDrive/train_data/images/img_01668.jpg,AQU561
/content/drive/MyDrive/train_data/images/img_06292.jpg,LE7519
/content/drive/MyDrive/train_data/images/img_05336.jpg,LEB909
/content/drive/MyDrive/train_data/images/img_00836.jpg,AJL095
/content/drive/MyDrive/train_data/images/img_03454.jpg,BJL711
/content/drive/MyDrive/train_data/images/img_05001.jpg,LE90
/content/drive/MyDrive/train_data/images/img_00171.jpg,ACD013
/content/drive/MyDrive/train_data/images/img_00476.jpg,AFL710
/content/drive/MyDrive/train_data/images/img_06320.jpg,LEA1111
/content/drive/MyDrive/train_data/images/img_05199.jpg,LEB
/content/drive/MyDrive/train_data/images/img_03965.jpg,BTN213
/content/drive/MyDrive/train_data/images/img_06551.jpg,LED913
/content/drive/MyDrive/train_data/images/img_02819.jpg,AZJ707
/content/drive/MyDrive/train_data/images/img_01179.jpg,AME711
/content/drive/MyDrive/train_data/images/img_00717.jpg,AHQ333
/content/drive/MyDrive/train_data/images/img_03886.jpg,BSB659
/content/drive/MyDrive/train_data/images/img_01211.jpg,AMM456
/content/drive/MyDrive/train_data/images/img_04961.jpg,LE7
/content/drive/MyDrive/train_data/images/img_00878.jpg,AJU332
/content/drive/MyDrive/train_data/images/img_02671.jpg,AXL333
/content/drive/MyDrive/train_data/images/img_01271.jpg,AMW799
/content/drive/MyDrive/train_data/images/img_00758.jpg,AHW106
/content/drive/MyDrive/train_data/images/img_00861.jpg,AJQ585
/content/drive/MyDrive/train_data/images/img_01910.jpg,ASG517
/content/drive/MyDrive/train_data/images/img_05180.jpg,LEA881
/content/drive/MyDrive/train_data/images/img_02673.jpg,AXM192
/content/drive/MyDrive/train_data/images/img_05034.jpg,LEA1467
/content/drive/MyDrive/train_data/images/img_01938.jpg,ASM678
/content/drive/MyDrive/train_data/images/img_05728.jpg,LEH288
/content/drive/MyDrive/train_data/images/img_03875.jpg,BRX387
/content/drive/MyDrive/train_data/images/img_04385.jpg,CAE9458
/content/drive/MyDrive/train_data/images/img_03713.jpg,BNW280
/content/drive/MyDrive/train_data/images/img_01088.jpg,ALM471
/content/drive/MyDrive/train_data/images/img_02738.jpg,AYG306
/content/drive/MyDrive/train_data/images/img_04523.jpg,DBF604
/content/drive/MyDrive/train_data/images/img_05910.jpg,LRE3028
/content/drive/MyDrive/train_data/images/img_02154.jpg,AU476
/content/drive/MyDrive/train_data/images/img_02871.jpg,BA17
/content/drive/MyDrive/train_data/images/img_06456.jpg,LEB8478
/content/drive/MyDrive/train_data/images/img_06685.jpg,LEU1700
/content/drive/MyDrive/train_data/images/img_03802.jpg,BQK285
/content/drive/MyDrive/train_data/images/img_02106.jpg,ATS754
/content/drive/MyDrive/train_data/images/img_03175.jpg,BEC056
/content/drive/MyDrive/train_data/images/img_06646.jpg,LEH5152
/content/drive/MyDrive/train_data/images/img_06657.jpg,LEH8375
/content/drive/MyDrive/train_data/images/img_04318.jpg,BZA057
/content/drive/MyDrive/train_data/images/img_04929.jpg,LE5
/content/drive/MyDrive/train_data/images/img_00470.jpg,AFJ939
/content/drive/MyDrive/train_data/images/img_00140.jpg,ABV40
/content/drive/MyDrive/train_data/images/img_01276.jpg,AMX535
/content/drive/MyDrive/train_data/images/img_01483.jpg,APM068
/content/drive/MyDrive/train_data/images/img_00928.jpg,AKF543
/content/drive/MyDrive/train_data/images/img_03899.jpg,BSK62
/content/drive/MyDrive/train_data/images/img_05153.jpg,LEA765
/content/drive/MyDrive/train_data/images/img_01965.jpg,ASR306
/content/drive/MyDrive/train_data/images/img_05716.jpg,LEG5029
/content/drive/MyDrive/train_data/images/img_04555.jpg,DCG644
/content/drive/MyDrive/train_data/images/img_01782.jpg,ARM237
/content/drive/MyDrive/train_data/images/img_00292.jpg,ADM116
/content/drive/MyDrive/train_data/images/img_02396.jpg,AVN755
/content/drive/MyDrive/train_data/images/img_05894.jpg,LHC7
/content/drive/MyDrive/train_data/images/img_00449.jpg,AFD304
/content/drive/MyDrive/train_data/images/img_00349.jpg,ADZ826
/content/drive/MyDrive/train_data/images/img_05142.jpg,LEA7436
/content/drive/MyDrive/train_data/images/img_06068.jpg,SAM505
/content/drive/MyDrive/train_data/images/img_05666.jpg,LEF5455
/content/drive/MyDrive/train_data/images/img_05987.jpg,LZY41
/content/drive/MyDrive/train_data/images/img_06445.jpg,LEB7736
/content/drive/MyDrive/train_data/images/img_00175.jpg,ACE842
/content/drive/MyDrive/train_data/images/img_06257.jpg,LE413
/content/drive/MyDrive/train_data/images/img_02754.jpg,AYP750
/content/drive/MyDrive/train_data/images/img_04589.jpg,DDC287
/content/drive/MyDrive/train_data/images/img_03718.jpg,BP4674
/content/drive/MyDrive/train_data/images/img_06162.jpg,BAY015
/content/drive/MyDrive/train_data/images/img_04059.jpg,BUZ845
/content/drive/MyDrive/train_data/images/img_02109.jpg,ATU599
/content/drive/MyDrive/train_data/images/img_02427.jpg,AVV283
/content/drive/MyDrive/train_data/images/img_00340.jpg,ADY263
/content/drive/MyDrive/train_data/images/img_05354.jpg,LEC1433
/content/drive/MyDrive/train_data/images/img_05615.jpg,LEE8222
/content/drive/MyDrive/train_data/images/img_04150.jpg,BWG729
/content/drive/MyDrive/train_data/images/img_02659.jpg,AXG985
/content/drive/MyDrive/train_data/images/img_05506.jpg,LED6382
/content/drive/MyDrive/train_data/images/img_01411.jpg,AP977
/content/drive/MyDrive/train_data/images/img_02736.jpg,AYF358
/content/drive/MyDrive/train_data/images/img_06256.jpg,LE413
/content/drive/MyDrive/train_data/images/img_03953.jpg,BTJ260
/content/drive/MyDrive/train_data/images/img_02302.jpg,AUY607
/content/drive/MyDrive/train_data/images/img_00088.jpg,ABD521
/content/drive/MyDrive/train_data/images/img_05126.jpg,LEA5987
/content/drive/MyDrive/train_data/images/img_06077.jpg,SH065
/content/drive/MyDrive/train_data/images/img_02991.jpg,BBK291
/content/drive/MyDrive/train_data/images/img_03915.jpg,BSS083
/content/drive/MyDrive/train_data/images/img_06047.jpg,RZ715
/content/drive/MyDrive/train_data/images/img_01573.jpg,AQC223
/content/drive/MyDrive/train_data/images/img_00981.jpg,AKU291
/content/drive/MyDrive/train_data/images/img_05499.jpg,LED6101
/content/drive/MyDrive/train_data/images/img_02914.jpg,BAJ172
/content/drive/MyDrive/train_data/images/img_01601.jpg,AQG870
/content/drive/MyDrive/train_data/images/img_03351.jpg,BGR083
/content/drive/MyDrive/train_data/images/img_04753.jpg,GBE243
/content/drive/MyDrive/train_data/images/img_05573.jpg,LEE3682
/content/drive/MyDrive/train_data/images/img_03962.jpg,BTM467
/content/drive/MyDrive/train_data/images/img_01232.jpg,AMR429
/content/drive/MyDrive/train_data/images/img_06333.jpg,LEA2147
/content/drive/MyDrive/train_data/images/img_05388.jpg,LEC426
/content/drive/MyDrive/train_data/images/img_04070.jpg,BVD532
/content/drive/MyDrive/train_data/images/img_06156.jpg,AXJ444
/content/drive/MyDrive/train_data/images/img_02943.jpg,BAW597
/content/drive/MyDrive/train_data/images/img_00575.jpg,AGM821
/content/drive/MyDrive/train_data/images/img_03431.jpg,BHV015
/content/drive/MyDrive/train_data/images/img_00157.jpg,ACA415
/content/drive/MyDrive/train_data/images/img_03525.jpg,BKX221
/content/drive/MyDrive/train_data/images/img_02117.jpg,ATW184
/content/drive/MyDrive/train_data/images/img_04411.jpg,CAP889
/content/drive/MyDrive/train_data/images/img_00284.jpg,ADJ545
/content/drive/MyDrive/train_data/images/img_01027.jpg,ALB090
/content/drive/MyDrive/train_data/images/img_06172.jpg,BED85
/content/drive/MyDrive/train_data/images/img_03184.jpg,BEH01
/content/drive/MyDrive/train_data/images/img_05807.jpg,LEM6236
/content/drive/MyDrive/train_data/images/img_03165.jpg,BE6932
/content/drive/MyDrive/train_data/images/img_03452.jpg,BJJ941
/content/drive/MyDrive/train_data/images/img_00722.jpg,AHR766
/content/drive/MyDrive/train_data/images/img_00831.jpg,AJJ998
/content/drive/MyDrive/train_data/images/img_04587.jpg,DDA991
/content/drive/MyDrive/train_data/images/img_02420.jpg,AVT098
/content/drive/MyDrive/train_data/images/img_00770.jpg,AHY451
/content/drive/MyDrive/train_data/images/img_01547.jpg,APY700
/content/drive/MyDrive/train_data/images/img_04748.jpg,GBB853
/content/drive/MyDrive/train_data/images/img_06533.jpg,LED4625
/content/drive/MyDrive/train_data/images/img_02549.jpg,AWR786
/content/drive/MyDrive/train_data/images/img_05652.jpg,LEF3751
/content/drive/MyDrive/train_data/images/img_05804.jpg,LEJ6484
/content/drive/MyDrive/train_data/images/img_06593.jpg,LEF2332
/content/drive/MyDrive/train_data/images/img_06307.jpg,LE8907
/content/drive/MyDrive/train_data/images/img_04695.jpg,ETS7963
/content/drive/MyDrive/train_data/images/img_02992.jpg,BBK764
/content/drive/MyDrive/train_data/images/img_05284.jpg,LEB6331
/content/drive/MyDrive/train_data/images/img_05453.jpg,LED1210
/content/drive/MyDrive/train_data/images/img_01830.jpg,ARW204
/content/drive/MyDrive/train_data/images/img_03393.jpg,BH9760
/content/drive/MyDrive/train_data/images/img_05889.jpg,LF858
/content/drive/MyDrive/train_data/images/img_05283.jpg,LEB6303
/content/drive/MyDrive/train_data/images/img_00663.jpg,AHF005
/content/drive/MyDrive/train_data/images/img_04939.jpg,LE618
/content/drive/MyDrive/train_data/images/img_01878.jpg,ASC643
/content/drive/MyDrive/train_data/images/img_05741.jpg,LEH4466
/content/drive/MyDrive/train_data/images/img_03390.jpg,BH413
/content/drive/MyDrive/train_data/images/img_03270.jpg,BFH753
/content/drive/MyDrive/train_data/images/img_04970.jpg,LE7404
/content/drive/MyDrive/train_data/images/img_05758.jpg,LEH6311
/content/drive/MyDrive/train_data/images/img_04664.jpg,DGT045
/content/drive/MyDrive/train_data/images/img_00087.jpg,ABD403
/content/drive/MyDrive/train_data/images/img_03437.jpg,BJ8685
/content/drive/MyDrive/train_data/images/img_06283.jpg,LE6868
/content/drive/MyDrive/train_data/images/img_06009.jpg,ND479
/content/drive/MyDrive/train_data/images/img_04171.jpg,BWT260
/content/drive/MyDrive/train_data/images/img_03575.jpg,BLM624
/content/drive/MyDrive/train_data/images/img_04369.jpg,BZX195
/content/drive/MyDrive/train_data/images/img_05074.jpg,LEA3135
/content/drive/MyDrive/train_data/images/img_04908.jpg,LE5220
/content/drive/MyDrive/train_data/images/img_01786.jpg,ARM686
/content/drive/MyDrive/train_data/images/img_02355.jpg,AVD660
/content/drive/MyDrive/train_data/images/img_03216.jpg,BET622
/content/drive/MyDrive/train_data/images/img_05695.jpg,LEF8021
/content/drive/MyDrive/train_data/images/img_04550.jpg,DCG644
/content/drive/MyDrive/train_data/images/img_00366.jpg,AED693
/content/drive/MyDrive/train_data/images/img_01637.jpg,AQP559
/content/drive/MyDrive/train_data/images/img_06564.jpg,LEE3681
/content/drive/MyDrive/train_data/images/img_04327.jpg,BZE374
/content/drive/MyDrive/train_data/images/img_04416.jpg,CAR8412
/content/drive/MyDrive/train_data/images/img_00339.jpg,ADY220
/content/drive/MyDrive/train_data/images/img_02349.jpg,AVC821
/content/drive/MyDrive/train_data/images/img_02942.jpg,BAW597
/content/drive/MyDrive/train_data/images/img_02256.jpg,AURU750
/content/drive/MyDrive/train_data/images/img_03774.jpg,BPZ853
/content/drive/MyDrive/train_data/images/img_01028.jpg,ALB221
/content/drive/MyDrive/train_data/images/img_04151.jpg,BWG881
/content/drive/MyDrive/train_data/images/img_05197.jpg,LEA9999
/content/drive/MyDrive/train_data/images/img_00185.jpg,ACH222
/content/drive/MyDrive/train_data/images/img_05980.jpg,LZX717
/content/drive/MyDrive/train_data/images/img_06720.jpg,LWJ973
/content/drive/MyDrive/train_data/images/img_05321.jpg,LEB8323
/content/drive/MyDrive/train_data/images/img_06062.jpg,SAL652
/content/drive/MyDrive/train_data/images/img_05814.jpg,LES1435
/content/drive/MyDrive/train_data/images/img_02578.jpg,AWV584
/content/drive/MyDrive/train_data/images/img_00457.jpg,AFF111
/content/drive/MyDrive/train_data/images/img_04037.jpg,BUQ990
/content/drive/MyDrive/train_data/images/img_02078.jpg,ATL595
/content/drive/MyDrive/train_data/images/img_03394.jpg,BH9973
/content/drive/MyDrive/train_data/images/img_01339.jpg,ANP126
/content/drive/MyDrive/train_data/images/img_00966.jpg,AKR509
/content/drive/MyDrive/train_data/images/img_06194.jpg,CAS6152
/content/drive/MyDrive/train_data/images/img_02073.jpg,ATK719
/content/drive/MyDrive/train_data/images/img_00533.jpg,AGC259
/content/drive/MyDrive/train_data/images/img_05135.jpg,LEA658
/content/drive/MyDrive/train_data/images/img_05080.jpg,LEA3564
/content/drive/MyDrive/train_data/images/img_02441.jpg,AVY810
/content/drive/MyDrive/train_data/images/img_04436.jpg,CAS6152
/content/drive/MyDrive/train_data/images/img_00829.jpg,AJJ879
/content/drive/MyDrive/train_data/images/img_03306.jpg,BFZ161
/content/drive/MyDrive/train_data/images/img_04707.jpg,FAA780
/content/drive/MyDrive/train_data/images/img_01861.jpg,ARZ993
/content/drive/MyDrive/train_data/images/img_05723.jpg,LEH1560
/content/drive/MyDrive/train_data/images/img_03233.jpg,BEY986
/content/drive/MyDrive/train_data/images/img_04644.jpg,DFN078
/content/drive/MyDrive/train_data/images/img_05645.jpg,LEF3059
/content/drive/MyDrive/train_data/images/img_00156.jpg,AC4520
/content/drive/MyDrive/train_data/images/img_04383.jpg,CAD6071
/content/drive/MyDrive/train_data/images/img_06722.jpg,LZK2454
/content/drive/MyDrive/train_data/images/img_02012.jpg,AT635
/content/drive/MyDrive/train_data/images/img_05770.jpg,LEH7465
/content/drive/MyDrive/train_data/images/img_00286.jpg,ADK686
/content/drive/MyDrive/train_data/images/img_04032.jpg,BUQ068
/content/drive/MyDrive/train_data/images/img_00167.jpg,ACC696
/content/drive/MyDrive/train_data/images/img_01736.jpg,ARE036
/content/drive/MyDrive/train_data/images/img_04071.jpg,BVE284
/content/drive/MyDrive/train_data/images/img_02749.jpg,AYL250
/content/drive/MyDrive/train_data/images/img_06446.jpg,LEB7736
/content/drive/MyDrive/train_data/images/img_01129.jpg,ALW479
/content/drive/MyDrive/train_data/images/img_01447.jpg,APH713
/content/drive/MyDrive/train_data/images/img_03048.jpg,BCD975
/content/drive/MyDrive/train_data/images/img_05151.jpg,LEA7628
/content/drive/MyDrive/train_data/images/img_03814.jpg,BQV12
/content/drive/MyDrive/train_data/images/img_05002.jpg,LE9022
/content/drive/MyDrive/train_data/images/img_05065.jpg,LEA2802
/content/drive/MyDrive/train_data/images/img_06004.jpg,MND687
/content/drive/MyDrive/train_data/images/img_01391.jpg,ANX113
/content/drive/MyDrive/train_data/images/img_03543.jpg,BL9016
/content/drive/MyDrive/train_data/images/img_02726.jpg,AYC960
/content/drive/MyDrive/train_data/images/img_03101.jpg,BD2813
/content/drive/MyDrive/train_data/images/img_02620.jpg,AXA395
/content/drive/MyDrive/train_data/images/img_01312.jpg,ANE702
/content/drive/MyDrive/train_data/images/img_05500.jpg,LED6101
/content/drive/MyDrive/train_data/images/img_04911.jpg,LE5254
/content/drive/MyDrive/train_data/images/img_00641.jpg,AHA102
/content/drive/MyDrive/train_data/images/img_05606.jpg,LEE7575
/content/drive/MyDrive/train_data/images/img_05928.jpg,LUA177
/content/drive/MyDrive/train_data/images/img_03654.jpg,BMW199
/content/drive/MyDrive/train_data/images/img_01535.jpg,APV998
/content/drive/MyDrive/train_data/images/img_00746.jpg,AHU7065
/content/drive/MyDrive/train_data/images/img_01160.jpg,AMA763
/content/drive/MyDrive/train_data/images/img_04920.jpg,LE554
/content/drive/MyDrive/train_data/images/img_00312.jpg,ADS035
/content/drive/MyDrive/train_data/images/img_05329.jpg,LEB8602
/content/drive/MyDrive/train_data/images/img_03088.jpg,BCV18
/content/drive/MyDrive/train_data/images/img_00626.jpg,AGX052
/content/drive/MyDrive/train_data/images/img_01350.jpg,ANR210
/content/drive/MyDrive/train_data/images/img_03640.jpg,BMR530
/content/drive/MyDrive/train_data/images/img_03651.jpg,BMV657
/content/drive/MyDrive/train_data/images/img_04263.jpg,BYD152
/content/drive/MyDrive/train_data/images/img_00995.jpg,AKV692
/content/drive/MyDrive/train_data/images/img_06550.jpg,LED8860
/content/drive/MyDrive/train_data/images/img_03987.jpg,BTY633
/content/drive/MyDrive/train_data/images/img_05106.jpg,LEA4657
/content/drive/MyDrive/train_data/images/img_06392.jpg,LEB1719
/content/drive/MyDrive/train_data/images/img_04686.jpg,EC86
/content/drive/MyDrive/train_data/images/img_06742.jpg,ST66
/content/drive/MyDrive/train_data/images/img_03338.jpg,BGK959
/content/drive/MyDrive/train_data/images/img_02826.jpg,AZM033
/content/drive/MyDrive/train_data/images/img_04191.jpg,BWY561
/content/drive/MyDrive/train_data/images/img_04435.jpg,CAS6152
/content/drive/MyDrive/train_data/images/img_00731.jpg,AHT094
/content/drive/MyDrive/train_data/images/img_01991.jpg,ASW139
/content/drive/MyDrive/train_data/images/img_00997.jpg,AKW381
/content/drive/MyDrive/train_data/images/img_01189.jpg,AMH140
/content/drive/MyDrive/train_data/images/img_00404.jpg,AER181
/content/drive/MyDrive/train_data/images/img_02409.jpg,AVQ969
/content/drive/MyDrive/train_data/images/img_03336.jpg,BGH825
/content/drive/MyDrive/train_data/images/img_00137.jpg,ABU152
/content/drive/MyDrive/train_data/images/img_02482.jpg,AWE893
/content/drive/MyDrive/train_data/images/img_03460.jpg,BJQ024
/content/drive/MyDrive/train_data/images/img_02506.jpg,AWJ937
/content/drive/MyDrive/train_data/images/img_04122.jpg,BVY016
/content/drive/MyDrive/train_data/images/img_01320.jpg,ANH752
/content/drive/MyDrive/train_data/images/img_06195.jpg,CAS6152
/content/drive/MyDrive/train_data/images/img_03977.jpg,BTR930
/content/drive/MyDrive/train_data/images/img_05528.jpg,LED8312
/content/drive/MyDrive/train_data/images/img_03239.jpg,BF25
/content/drive/MyDrive/train_data/images/img_06539.jpg,LED6828
/content/drive/MyDrive/train_data/images/img_04213.jpg,BXG805
/content/drive/MyDrive/train_data/images/img_06655.jpg,LEH8076
/content/drive/MyDrive/train_data/images/img_06584.jpg,LEE8636
/content/drive/MyDrive/train_data/images/img_05333.jpg,LEB8991
/content/drive/MyDrive/train_data/images/img_05675.jpg,LEF705
/content/drive/MyDrive/train_data/images/img_05462.jpg,LED2207
/content/drive/MyDrive/train_data/images/img_05253.jpg,LEB4738
/content/drive/MyDrive/train_data/images/img_04300.jpg,BYW852
/content/drive/MyDrive/train_data/images/img_04568.jpg,DCT418
/content/drive/MyDrive/train_data/images/img_01817.jpg,ARV001
/content/drive/MyDrive/train_data/images/img_03240.jpg,BF7054
/content/drive/MyDrive/train_data/images/img_03904.jpg,BSN057
/content/drive/MyDrive/train_data/images/img_03580.jpg,BLP520
/content/drive/MyDrive/train_data/images/img_00704.jpg,AHN378
/content/drive/MyDrive/train_data/images/img_05116.jpg,LEA5203
/content/drive/MyDrive/train_data/images/img_04038.jpg,BUR652
/content/drive/MyDrive/train_data/images/img_02462.jpg,AWB297
/content/drive/MyDrive/train_data/images/img_05335.jpg,LEB9013
/content/drive/MyDrive/train_data/images/img_02407.jpg,AVQ103
/content/drive/MyDrive/train_data/images/img_03471.jpg,BJV748
/content/drive/MyDrive/train_data/images/img_02707.jpg,AXW247
/content/drive/MyDrive/train_data/images/img_04737.jpg,GAU332
/content/drive/MyDrive/train_data/images/img_03831.jpg,BR859
/content/drive/MyDrive/train_data/images/img_00085.jpg,ABD139
/content/drive/MyDrive/train_data/images/img_03374.jpg,BGW186
/content/drive/MyDrive/train_data/images/img_00289.jpg,ADL686
/content/drive/MyDrive/train_data/images/img_05673.jpg,LEF6767
/content/drive/MyDrive/train_data/images/img_01808.jpg,ARS678
/content/drive/MyDrive/train_data/images/img_00022.jpg,AAEL863
/content/drive/MyDrive/train_data/images/img_06053.jpg,SAJ886
/content/drive/MyDrive/train_data/images/img_02063.jpg,ATH6
/content/drive/MyDrive/train_data/images/img_04743.jpg,GAZ870
/content/drive/MyDrive/train_data/images/img_01387.jpg,ANW540
/content/drive/MyDrive/train_data/images/img_02382.jpg,AVK104
/content/drive/MyDrive/train_data/images/img_06260.jpg,LE4680
/content/drive/MyDrive/train_data/images/img_01298.jpg,ANC258
/content/drive/MyDrive/train_data/images/img_02770.jpg,AYT175
/content/drive/MyDrive/train_data/images/img_01117.jpg,ALT887
/content/drive/MyDrive/train_data/images/img_04065.jpg,BVB120
/content/drive/MyDrive/train_data/images/img_00279.jpg,ADH515
/content/drive/MyDrive/train_data/images/img_01643.jpg,AQQ270
/content/drive/MyDrive/train_data/images/img_05311.jpg,LEB7906
/content/drive/MyDrive/train_data/images/img_06153.jpg,ATZ640
/content/drive/MyDrive/train_data/images/img_03335.jpg,BGH825
/content/drive/MyDrive/train_data/images/img_05064.jpg,LEA2770
/content/drive/MyDrive/train_data/images/img_01353.jpg,ANR222
/content/drive/MyDrive/train_data/images/img_06702.jpg,LEU5416
/content/drive/MyDrive/train_data/images/img_03565.jpg,BLJ427
/content/drive/MyDrive/train_data/images/img_04936.jpg,LE605
/content/drive/MyDrive/train_data/images/img_05160.jpg,LEA7945
/content/drive/MyDrive/train_data/images/img_00177.jpg,ACF333
/content/drive/MyDrive/train_data/images/img_05841.jpg,LES7148
/content/drive/MyDrive/train_data/images/img_02912.jpg,BAG159
/content/drive/MyDrive/train_data/images/img_01404.jpg,ANZ8
/content/drive/MyDrive/train_data/images/img_00593.jpg,AGQ896
/content/drive/MyDrive/train_data/images/img_05014.jpg,LE943
/content/drive/MyDrive/train_data/images/img_01029.jpg,ALB393
/content/drive/MyDrive/train_data/images/img_04328.jpg,BZF584
/content/drive/MyDrive/train_data/images/img_00148.jpg,ABY154
/content/drive/MyDrive/train_data/images/img_02601.jpg,AWZ227
/content/drive/MyDrive/train_data/images/img_01906.jpg,ASF792
/content/drive/MyDrive/train_data/images/img_04365.jpg,BZV749
/content/drive/MyDrive/train_data/images/img_03910.jpg,BSQ325
/content/drive/MyDrive/train_data/images/img_05936.jpg,LWC3340
/content/drive/MyDrive/train_data/images/img_05344.jpg,LEB9971
/content/drive/MyDrive/train_data/images/img_04236.jpg,BXP653
/content/drive/MyDrive/train_data/images/img_06706.jpg,LOS644
/content/drive/MyDrive/train_data/images/img_03304.jpg,BFX231
/content/drive/MyDrive/train_data/images/img_06147.jpg,ARE512
/content/drive/MyDrive/train_data/images/img_06566.jpg,LEE4872
/content/drive/MyDrive/train_data/images/img_00797.jpg,AJC885
/content/drive/MyDrive/train_data/images/img_04573.jpg,DCT584
/content/drive/MyDrive/train_data/images/img_01969.jpg,ASR845
/content/drive/MyDrive/train_data/images/img_01858.jpg,ARZ387
/content/drive/MyDrive/train_data/images/img_03215.jpg,BET259
/content/drive/MyDrive/train_data/images/img_03030.jpg,BC5405
/content/drive/MyDrive/train_data/images/img_02740.jpg,AYH155
/content/drive/MyDrive/train_data/images/img_06453.jpg,LEB838
/content/drive/MyDrive/train_data/images/img_05903.jpg,LR1512
/content/drive/MyDrive/train_data/images/img_00529.jpg,AG7
/content/drive/MyDrive/train_data/images/img_02273.jpg,AUU097
/content/drive/MyDrive/train_data/images/img_01177.jpg,AME307
/content/drive/MyDrive/train_data/images/img_02280.jpg,AUV513
/content/drive/MyDrive/train_data/images/img_01142.jpg,ALX980
/content/drive/MyDrive/train_data/images/img_00515.jpg,AFT844
/content/drive/MyDrive/train_data/images/img_05132.jpg,LEA6555
/content/drive/MyDrive/train_data/images/img_02521.jpg,AWL721
/content/drive/MyDrive/train_data/images/img_05759.jpg,LEH640
/content/drive/MyDrive/train_data/images/img_02885.jpg,BAB530
/content/drive/MyDrive/train_data/images/img_00077.jpg,AAZ730
/content/drive/MyDrive/train_data/images/img_06644.jpg,LEH333
/content/drive/MyDrive/train_data/images/img_05383.jpg,LEC4100
/content/drive/MyDrive/train_data/images/img_02055.jpg,ATH056
/content/drive/MyDrive/train_data/images/img_06460.jpg,LEB9001
/content/drive/MyDrive/train_data/images/img_01662.jpg,AQT788
/content/drive/MyDrive/train_data/images/img_05428.jpg,LEC7821
/content/drive/MyDrive/train_data/images/img_03822.jpg,BQW662
/content/drive/MyDrive/train_data/images/img_00147.jpg,ABX952
/content/drive/MyDrive/train_data/images/img_01324.jpg,ANK037
/content/drive/MyDrive/train_data/images/img_00891.jpg,AJW403
/content/drive/MyDrive/train_data/images/img_04056.jpg,BUY086
/content/drive/MyDrive/train_data/images/img_05518.jpg,LED789
/content/drive/MyDrive/train_data/images/img_01578.jpg,AQC638
/content/drive/MyDrive/train_data/images/img_03195.jpg,BEK418
/content/drive/MyDrive/train_data/images/img_05868.jpg,LEU2369
/content/drive/MyDrive/train_data/images/img_00868.jpg,AJR816
/content/drive/MyDrive/train_data/images/img_03481.jpg,BKD375
/content/drive/MyDrive/train_data/images/img_03246.jpg,BFA501
/content/drive/MyDrive/train_data/images/img_05101.jpg,LEA448
/content/drive/MyDrive/train_data/images/img_04199.jpg,BXC039
/content/drive/MyDrive/train_data/images/img_00431.jpg,AEW402
/content/drive/MyDrive/train_data/images/img_03865.jpg,BRU840
/content/drive/MyDrive/train_data/images/img_04353.jpg,BZS809
/content/drive/MyDrive/train_data/images/img_02534.jpg,AWP668
/content/drive/MyDrive/train_data/images/img_06125.jpg,ABG065
/content/drive/MyDrive/train_data/images/img_03728.jpg,BPE326
/content/drive/MyDrive/train_data/images/img_03046.jpg,BCD815
/content/drive/MyDrive/train_data/images/img_06556.jpg,LEE
/content/drive/MyDrive/train_data/images/img_00168.jpg,ACC696
/content/drive/MyDrive/train_data/images/img_01680.jpg,AQW538
/content/drive/MyDrive/train_data/images/img_04324.jpg,BZE129
/content/drive/MyDrive/train_data/images/img_03940.jpg,BTA605
/content/drive/MyDrive/train_data/images/img_06049.jpg,SA5204
/content/drive/MyDrive/train_data/images/img_06308.jpg,LE8907
/content/drive/MyDrive/train_data/images/img_04479.jpg,CCM468
/content/drive/MyDrive/train_data/images/img_03922.jpg,BSV013
/content/drive/MyDrive/train_data/images/img_01611.jpg,AQJ218
/content/drive/MyDrive/train_data/images/img_04372.jpg,BZZ893
/content/drive/MyDrive/train_data/images/img_01053.jpg,ALF027
/content/drive/MyDrive/train_data/images/img_05795.jpg,LEI5259
/content/drive/MyDrive/train_data/images/img_03747.jpg,BPS680
/content/drive/MyDrive/train_data/images/img_05060.jpg,LEA257
/content/drive/MyDrive/train_data/images/img_02443.jpg,AVZ33
/content/drive/MyDrive/train_data/images/img_05312.jpg,LEB8073
/content/drive/MyDrive/train_data/images/img_02130.jpg,ATY381
/content/drive/MyDrive/train_data/images/img_01106.jpg,ALS286
/content/drive/MyDrive/train_data/images/img_00525.jpg,AG183
/content/drive/MyDrive/train_data/images/img_00790.jpg,AJB181
/content/drive/MyDrive/train_data/images/img_03968.jpg,BTN599
/content/drive/MyDrive/train_data/images/img_03794.jpg,BQG782
/content/drive/MyDrive/train_data/images/img_04195.jpg,BXA474
/content/drive/MyDrive/train_data/images/img_01397.jpg,ANY273
/content/drive/MyDrive/train_data/images/img_03925.jpg,BSV127
/content/drive/MyDrive/train_data/images/img_04143.jpg,BWE711
/content/drive/MyDrive/train_data/images/img_02930.jpg,BAR673
/content/drive/MyDrive/train_data/images/img_02635.jpg,AXC245
/content/drive/MyDrive/train_data/images/img_01315.jpg,ANF44
/content/drive/MyDrive/train_data/images/img_05071.jpg,LEA3008
/content/drive/MyDrive/train_data/images/img_06743.jpg,STP319
/content/drive/MyDrive/train_data/images/img_04544.jpg,DCA080
/content/drive/MyDrive/train_data/images/img_01369.jpg,ANT248
/content/drive/MyDrive/train_data/images/img_00234.jpg,ACV966
/content/drive/MyDrive/train_data/images/img_03488.jpg,BKG346
/content/drive/MyDrive/train_data/images/img_06580.jpg,LEE774
/content/drive/MyDrive/train_data/images/img_03664.jpg,BMY699
/content/drive/MyDrive/train_data/images/img_01731.jpg,ARD021
/content/drive/MyDrive/train_data/images/img_02544.jpg,AWR20
/content/drive/MyDrive/train_data/images/img_04730.jpg,GAB043
/content/drive/MyDrive/train_data/images/img_05023.jpg,LE9977
/content/drive/MyDrive/train_data/images/img_06243.jpg,LE2052
/content/drive/MyDrive/train_data/images/img_03687.jpg,BNH441
/content/drive/MyDrive/train_data/images/img_00601.jpg,AGS820
/content/drive/MyDrive/train_data/images/img_02734.jpg,AYE811
/content/drive/MyDrive/train_data/images/img_00678.jpg,AHH274
/content/drive/MyDrive/train_data/images/img_05774.jpg,LEH7752
/content/drive/MyDrive/train_data/images/img_06148.jpg,ARG181
/content/drive/MyDrive/train_data/images/img_03776.jpg,BQA12
/content/drive/MyDrive/train_data/images/img_04584.jpg,DDA277
/content/drive/MyDrive/train_data/images/img_02097.jpg,ATP945
/content/drive/MyDrive/train_data/images/img_02050.jpg,ATG808
/content/drive/MyDrive/train_data/images/img_06032.jpg,RI169
/content/drive/MyDrive/train_data/images/img_06615.jpg,LEF6793
/content/drive/MyDrive/train_data/images/img_01112.jpg,ALT36
/content/drive/MyDrive/train_data/images/img_00851.jpg,AJN344
/content/drive/MyDrive/train_data/images/img_05658.jpg,LEF4228
/content/drive/MyDrive/train_data/images/img_03627.jpg,BMH983
/content/drive/MyDrive/train_data/images/img_01610.jpg,AQJ218
/content/drive/MyDrive/train_data/images/img_00139.jpg,ABU588
/content/drive/MyDrive/train_data/images/img_01066.jpg,ALI1
/content/drive/MyDrive/train_data/images/img_05870.jpg,LEU3048
/content/drive/MyDrive/train_data/images/img_00450.jpg,AFD500
/content/drive/MyDrive/train_data/images/img_05575.jpg,LEE392
/content/drive/MyDrive/train_data/images/img_00650.jpg,AHB403
/content/drive/MyDrive/train_data/images/img_02768.jpg,AYS591
/content/drive/MyDrive/train_data/images/img_01605.jpg,AQH395
/content/drive/MyDrive/train_data/images/img_04903.jpg,LE491
/content/drive/MyDrive/train_data/images/img_03534.jpg,BKZ558
/content/drive/MyDrive/train_data/images/img_04559.jpg,DCM683
/content/drive/MyDrive/train_data/images/img_05444.jpg,LEC9641
/content/drive/MyDrive/train_data/images/img_05778.jpg,LEH8855
/content/drive/MyDrive/train_data/images/img_03328.jpg,BGE619
/content/drive/MyDrive/train_data/images/img_06656.jpg,LEH8307
/content/drive/MyDrive/train_data/images/img_03505.jpg,BKL937
/content/drive/MyDrive/train_data/images/img_01260.jpg,AMV542
/content/drive/MyDrive/train_data/images/img_05068.jpg,LEA289
/content/drive/MyDrive/train_data/images/img_03080.jpg,BCS181
/content/drive/MyDrive/train_data/images/img_02287.jpg,AUW321
/content/drive/MyDrive/train_data/images/img_03833.jpg,BRC076
/content/drive/MyDrive/train_data/images/img_05450.jpg,LEC999
/content/drive/MyDrive/train_data/images/img_00314.jpg,ADS210
/content/drive/MyDrive/train_data/images/img_05379.jpg,LEC3621
/content/drive/MyDrive/train_data/images/img_06220.jpg,HK629
/content/drive/MyDrive/train_data/images/img_01700.jpg,AQZ148
/content/drive/MyDrive/train_data/images/img_05327.jpg,LEB8576
/content/drive/MyDrive/train_data/images/img_04706.jpg,FAA780
/content/drive/MyDrive/train_data/images/img_02793.jpg,AZB994
/content/drive/MyDrive/train_data/images/img_04210.jpg,BXE603
/content/drive/MyDrive/train_data/images/img_06328.jpg,LEA1987
/content/drive/MyDrive/train_data/images/img_01756.jpg,ARG245
/content/drive/MyDrive/train_data/images/img_00266.jpg,ADD1
/content/drive/MyDrive/train_data/images/img_03079.jpg,BCS181
/content/drive/MyDrive/train_data/images/img_03265.jpg,BFF929
/content/drive/MyDrive/train_data/images/img_05551.jpg,LEE1566
/content/drive/MyDrive/train_data/images/img_04330.jpg,BZG742
/content/drive/MyDrive/train_data/images/img_05838.jpg,LES7148
/content/drive/MyDrive/train_data/images/img_06682.jpg,LEU1496
/content/drive/MyDrive/train_data/images/img_06727.jpg,LZW8870
/content/drive/MyDrive/train_data/images/img_01052.jpg,ALF027
/content/drive/MyDrive/train_data/images/img_03159.jpg,BDZ028
/content/drive/MyDrive/train_data/images/img_01849.jpg,ARZ121
/content/drive/MyDrive/train_data/images/img_03208.jpg,BENTLEY
/content/drive/MyDrive/train_data/images/img_00152.jpg,ABZ626
/content/drive/MyDrive/train_data/images/img_01398.jpg,ANY459
/content/drive/MyDrive/train_data/images/img_04440.jpg,CAU2618
/content/drive/MyDrive/train_data/images/img_02951.jpg,BAZ
/content/drive/MyDrive/train_data/images/img_02352.jpg,AVD268
/content/drive/MyDrive/train_data/images/img_02495.jpg,AWH430
/content/drive/MyDrive/train_data/images/img_01484.jpg,APM85
/content/drive/MyDrive/train_data/images/img_04437.jpg,CAS6152
/content/drive/MyDrive/train_data/images/img_03799.jpg,BQJ455
/content/drive/MyDrive/train_data/images/img_05957.jpg,LXP2905
/content/drive/MyDrive/train_data/images/img_01512.jpg,APS050
/content/drive/MyDrive/train_data/images/img_03810.jpg,BQU05
/content/drive/MyDrive/train_data/images/img_02233.jpg,AUP125
/content/drive/MyDrive/train_data/images/img_01546.jpg,APY700
/content/drive/MyDrive/train_data/images/img_05776.jpg,LEH868
/content/drive/MyDrive/train_data/images/img_04912.jpg,LE5278
/content/drive/MyDrive/train_data/images/img_02702.jpg,AXV351
/content/drive/MyDrive/train_data/images/img_01443.jpg,APH026
/content/drive/MyDrive/train_data/images/img_01914.jpg,ASG945
/content/drive/MyDrive/train_data/images/img_03091.jpg,BCV7
/content/drive/MyDrive/train_data/images/img_06419.jpg,LEB518
/content/drive/MyDrive/train_data/images/img_00907.jpg,AJZ557
/content/drive/MyDrive/train_data/images/img_03532.jpg,BKZ484
/content/drive/MyDrive/train_data/images/img_05109.jpg,LEA4893
/content/drive/MyDrive/train_data/images/img_02586.jpg,AWW290
/content/drive/MyDrive/train_data/images/img_04791.jpg,JAF001
/content/drive/MyDrive/train_data/images/img_02999.jpg,BBP578
/content/drive/MyDrive/train_data/images/img_05269.jpg,LEB5364
/content/drive/MyDrive/train_data/images/img_04229.jpg,BXM016
/content/drive/MyDrive/train_data/images/img_03720.jpg,BP5452
/content/drive/MyDrive/train_data/images/img_00640.jpg,AHA063
/content/drive/MyDrive/train_data/images/img_02079.jpg,ATL6
/content/drive/MyDrive/train_data/images/img_06164.jpg,BBH094
/content/drive/MyDrive/train_data/images/img_00853.jpg,AJN680
/content/drive/MyDrive/train_data/images/img_01844.jpg,ARX451
/content/drive/MyDrive/train_data/images/img_04286.jpg,BYS275
/content/drive/MyDrive/train_data/images/img_00096.jpg,ABE654
/content/drive/MyDrive/train_data/images/img_05192.jpg,LEA948
/content/drive/MyDrive/train_data/images/img_01419.jpg,APB777
/content/drive/MyDrive/train_data/images/img_02490.jpg,AWG506
/content/drive/MyDrive/train_data/images/img_06429.jpg,LEB6025
/content/drive/MyDrive/train_data/images/img_04854.jpg,LE2255
/content/drive/MyDrive/train_data/images/img_06431.jpg,LEB6330
/content/drive/MyDrive/train_data/images/img_01748.jpg,ARF543
/content/drive/MyDrive/train_data/images/img_05944.jpg,LWQ8090
/content/drive/MyDrive/train_data/images/img_00486.jpg,AFN784
/content/drive/MyDrive/train_data/images/img_02246.jpg,AUR023
/content/drive/MyDrive/train_data/images/img_01149.jpg,ALY858
/content/drive/MyDrive/train_data/images/img_06267.jpg,LE531
/content/drive/MyDrive/train_data/images/img_05211.jpg,LEB1986
/content/drive/MyDrive/train_data/images/img_05464.jpg,LED2349
/content/drive/MyDrive/train_data/images/img_03251.jpg,BFC932
/content/drive/MyDrive/train_data/images/img_01514.jpg,APS936
/content/drive/MyDrive/train_data/images/img_03314.jpg,BG765
/content/drive/MyDrive/train_data/images/img_05568.jpg,LEE325
/content/drive/MyDrive/train_data/images/img_00209.jpg,ACN241
/content/drive/MyDrive/train_data/images/img_06103.jpg,VRW495
/content/drive/MyDrive/train_data/images/img_02387.jpg,AVK336
/content/drive/MyDrive/train_data/images/img_05292.jpg,LEB6492
/content/drive/MyDrive/train_data/images/img_03222.jpg,BEV966
/content/drive/MyDrive/train_data/images/img_01108.jpg,ALS883
/content/drive/MyDrive/train_data/images/img_01543.jpg,APX319
/content/drive/MyDrive/train_data/images/img_02806.jpg,AZD865
/content/drive/MyDrive/train_data/images/img_06607.jpg,LEF5214
/content/drive/MyDrive/train_data/images/img_01606.jpg,AQH447
/content/drive/MyDrive/train_data/images/img_04633.jpg,DFF858
/content/drive/MyDrive/train_data/images/img_02814.jpg,AZG997
/content/drive/MyDrive/train_data/images/img_03449.jpg,BJE573
/content/drive/MyDrive/train_data/images/img_05748.jpg,LEH5024
/content/drive/MyDrive/train_data/images/img_00513.jpg,AFT290
/content/drive/MyDrive/train_data/images/img_01399.jpg,ANY459
/content/drive/MyDrive/train_data/images/img_05370.jpg,LEC326
/content/drive/MyDrive/train_data/images/img_04452.jpg,CAW9018
/content/drive/MyDrive/train_data/images/img_04287.jpg,BYS704
/content/drive/MyDrive/train_data/images/img_02160.jpg,AUA120
/content/drive/MyDrive/train_data/images/img_03055.jpg,BCF755
/content/drive/MyDrive/train_data/images/img_00409.jpg,AES335
/content/drive/MyDrive/train_data/images/img_02694.jpg,AXT100
/content/drive/MyDrive/train_data/images/img_02900.jpg,BAE432
/content/drive/MyDrive/train_data/images/img_00108.jpg,ABH850
/content/drive/MyDrive/train_data/images/img_03201.jpg,BEM178
/content/drive/MyDrive/train_data/images/img_02200.jpg,AUG714
/content/drive/MyDrive/train_data/images/img_03012.jpg,BBT525
/content/drive/MyDrive/train_data/images/img_05663.jpg,LEF4580
/content/drive/MyDrive/train_data/images/img_01070.jpg,ALJ2700
/content/drive/MyDrive/train_data/images/img_02909.jpg,BAG143
/content/drive/MyDrive/train_data/images/img_05843.jpg,LES7983
/content/drive/MyDrive/train_data/images/img_05691.jpg,LEF7818
/content/drive/MyDrive/train_data/images/img_03648.jpg,BMT629
/content/drive/MyDrive/train_data/images/img_05421.jpg,LEC7354
/content/drive/MyDrive/train_data/images/img_01093.jpg,ALP132
/content/drive/MyDrive/train_data/images/img_03004.jpg,BBS080
/content/drive/MyDrive/train_data/images/img_03616.jpg,BME225
/content/drive/MyDrive/train_data/images/img_01380.jpg,ANV642
/content/drive/MyDrive/train_data/images/img_00854.jpg,AJN800
/content/drive/MyDrive/train_data/images/img_03096.jpg,BCX916
/content/drive/MyDrive/train_data/images/img_01366.jpg,ANS350
/content/drive/MyDrive/train_data/images/img_01168.jpg,AMD186
/content/drive/MyDrive/train_data/images/img_04003.jpg,BUC476
/content/drive/MyDrive/train_data/images/img_00983.jpg,AKU321
/content/drive/MyDrive/train_data/images/img_03877.jpg,BRZ038
/content/drive/MyDrive/train_data/images/img_04384.jpg,CAE9458
/content/drive/MyDrive/train_data/images/img_06433.jpg,LEB6432
/content/drive/MyDrive/train_data/images/img_06152.jpg,ATE69
/content/drive/MyDrive/train_data/images/img_06598.jpg,LEF3489
/content/drive/MyDrive/train_data/images/img_06029.jpg,RG799
/content/drive/MyDrive/train_data/images/img_06224.jpg,KPK8339
/content/drive/MyDrive/train_data/images/img_05003.jpg,LE9047
/content/drive/MyDrive/train_data/images/img_02946.jpg,BAY381
/content/drive/MyDrive/train_data/images/img_05276.jpg,LEB5824
/content/drive/MyDrive/train_data/images/img_04430.jpg,CAS6152
/content/drive/MyDrive/train_data/images/img_03148.jpg,BDS191
/content/drive/MyDrive/train_data/images/img_03594.jpg,BM0074
/content/drive/MyDrive/train_data/images/img_00271.jpg,ADE847
/content/drive/MyDrive/train_data/images/img_03419.jpg,BHR135
/content/drive/MyDrive/train_data/images/img_03284.jpg,BFM897
/content/drive/MyDrive/train_data/images/img_01406.jpg,AP0
/content/drive/MyDrive/train_data/images/img_00595.jpg,AGR48
/content/drive/MyDrive/train_data/images/img_06553.jpg,LED9626
/content/drive/MyDrive/train_data/images/img_03954.jpg,BTJ482
/content/drive/MyDrive/train_data/images/img_04279.jpg,BYL212
/content/drive/MyDrive/train_data/images/img_03989.jpg,BTY670
/content/drive/MyDrive/train_data/images/img_00445.jpg,AFB707
/content/drive/MyDrive/train_data/images/img_06297.jpg,LE8014
/content/drive/MyDrive/train_data/images/img_01859.jpg,ARZ431
/content/drive/MyDrive/train_data/images/img_01509.jpg,APR435
/content/drive/MyDrive/train_data/images/img_06678.jpg,LES7672
/content/drive/MyDrive/train_data/images/img_00642.jpg,AHA618
/content/drive/MyDrive/train_data/images/img_06660.jpg,LEH8715
/content/drive/MyDrive/train_data/images/img_04146.jpg,BWF175
/content/drive/MyDrive/train_data/images/img_03315.jpg,BG8689
/content/drive/MyDrive/train_data/images/img_05839.jpg,LES7148
/content/drive/MyDrive/train_data/images/img_04132.jpg,BWA278
/content/drive/MyDrive/train_data/images/img_01049.jpg,ALE884
/content/drive/MyDrive/train_data/images/img_05267.jpg,LEB532
/content/drive/MyDrive/train_data/images/img_05020.jpg,LE9933
/content/drive/MyDrive/train_data/images/img_01433.jpg,APF2026
/content/drive/MyDrive/train_data/images/img_02143.jpg,ATZ640
/content/drive/MyDrive/train_data/images/img_00845.jpg,AJM499
/content/drive/MyDrive/train_data/images/img_02933.jpg,BAS382
/content/drive/MyDrive/train_data/images/img_06355.jpg,LEA5290
/content/drive/MyDrive/train_data/images/img_01648.jpg,AQQ850
/content/drive/MyDrive/train_data/images/img_00927.jpg,AKE701
/content/drive/MyDrive/train_data/images/img_04549.jpg,DCD392
/content/drive/MyDrive/train_data/images/img_00702.jpg,AHN062
/content/drive/MyDrive/train_data/images/img_00814.jpg,AJF912
/content/drive/MyDrive/train_data/images/img_06468.jpg,LEB943
/content/drive/MyDrive/train_data/images/img_04496.jpg,DAB104
/content/drive/MyDrive/train_data/images/img_05555.jpg,LEE1866
/content/drive/MyDrive/train_data/images/img_02904.jpg,BAG043
/content/drive/MyDrive/train_data/images/img_04976.jpg,LE7795
/content/drive/MyDrive/train_data/images/img_03294.jpg,BFS650
/content/drive/MyDrive/train_data/images/img_00787.jpg,AJA784
/content/drive/MyDrive/train_data/images/img_03829.jpg,BR705
/content/drive/MyDrive/train_data/images/img_06669.jpg,LEJ1329
/content/drive/MyDrive/train_data/images/img_04407.jpg,CAN561
/content/drive/MyDrive/train_data/images/img_04190.jpg,BWY425
/content/drive/MyDrive/train_data/images/img_04738.jpg,GAU332
/content/drive/MyDrive/train_data/images/img_03417.jpg,BHQ444
/content/drive/MyDrive/train_data/images/img_02085.jpg,ATN115
/content/drive/MyDrive/train_data/images/img_05558.jpg,LEE2100
/content/drive/MyDrive/train_data/images/img_03199.jpg,BEL867
/content/drive/MyDrive/train_data/images/img_06628.jpg,LEF9051
/content/drive/MyDrive/train_data/images/img_01669.jpg,AQU686
/content/drive/MyDrive/train_data/images/img_03347.jpg,BGP554
/content/drive/MyDrive/train_data/images/img_03131.jpg,BDG409
/content/drive/MyDrive/train_data/images/img_05557.jpg,LEE1918
/content/drive/MyDrive/train_data/images/img_03827.jpg,BR602
/content/drive/MyDrive/train_data/images/img_04162.jpg,BWN265
/content/drive/MyDrive/train_data/images/img_01599.jpg,AQG868
/content/drive/MyDrive/train_data/images/img_02275.jpg,AUV091
/content/drive/MyDrive/train_data/images/img_00989.jpg,AKU568
/content/drive/MyDrive/train_data/images/img_06365.jpg,LEA6967
/content/drive/MyDrive/train_data/images/img_06105.jpg,VY166
/content/drive/MyDrive/train_data/images/img_02024.jpg,ATB732
/content/drive/MyDrive/train_data/images/img_05866.jpg,LEU1885
/content/drive/MyDrive/train_data/images/img_00099.jpg,ABG065
/content/drive/MyDrive/train_data/images/img_01507.jpg,APQ943
/content/drive/MyDrive/train_data/images/img_04261.jpg,BYC049
/content/drive/MyDrive/train_data/images/img_00008.jpg,AABE567
/content/drive/MyDrive/train_data/images/img_02368.jpg,AVH060
/content/drive/MyDrive/train_data/images/img_04481.jpg,CH300
/content/drive/MyDrive/train_data/images/img_03891.jpg,BSG074
/content/drive/MyDrive/train_data/images/img_05128.jpg,LEA6252
/content/drive/MyDrive/train_data/images/img_04579.jpg,DCY283
/content/drive/MyDrive/train_data/images/img_05922.jpg,LRU8888
/content/drive/MyDrive/train_data/images/img_06400.jpg,LEB2095
/content/drive/MyDrive/train_data/images/img_06079.jpg,SN2435
/content/drive/MyDrive/train_data/images/img_01581.jpg,AQC953
/content/drive/MyDrive/train_data/images/img_02497.jpg,AWH919
/content/drive/MyDrive/train_data/images/img_01205.jpg,AML888
/content/drive/MyDrive/train_data/images/img_01376.jpg,ANT703
/content/drive/MyDrive/train_data/images/img_02137.jpg,ATZ107
/content/drive/MyDrive/train_data/images/img_04859.jpg,LE268
/content/drive/MyDrive/train_data/images/img_00095.jpg,ABE654
/content/drive/MyDrive/train_data/images/img_03859.jpg,BRT830
/content/drive/MyDrive/train_data/images/img_01550.jpg,APZ274
/content/drive/MyDrive/train_data/images/img_06686.jpg,LEU1885
/content/drive/MyDrive/train_data/images/img_02031.jpg,ATC257
/content/drive/MyDrive/train_data/images/img_04368.jpg,BZW949
/content/drive/MyDrive/train_data/images/img_03301.jpg,BFV259
/content/drive/MyDrive/train_data/images/img_04663.jpg,DG487
/content/drive/MyDrive/train_data/images/img_04169.jpg,BWT080
/content/drive/MyDrive/train_data/images/img_00936.jpg,AKG576
/content/drive/MyDrive/train_data/images/img_00441.jpg,AEZ808
/content/drive/MyDrive/train_data/images/img_00804.jpg,AJD808
/content/drive/MyDrive/train_data/images/img_01745.jpg,ARF012
/content/drive/MyDrive/train_data/images/img_03138.jpg,BDK404
/content/drive/MyDrive/train_data/images/img_06723.jpg,LZL4554
/content/drive/MyDrive/train_data/images/img_05405.jpg,LEC5632
/content/drive/MyDrive/train_data/images/img_02323.jpg,AV573
/content/drive/MyDrive/train_data/images/img_05241.jpg,LEB4000
/content/drive/MyDrive/train_data/images/img_05525.jpg,LED8231
/content/drive/MyDrive/train_data/images/img_00838.jpg,AJL095
/content/drive/MyDrive/train_data/images/img_04867.jpg,LE3106
/content/drive/MyDrive/train_data/images/img_01520.jpg,APT807
/content/drive/MyDrive/train_data/images/img_02058.jpg,ATH248
/content/drive/MyDrive/train_data/images/img_03491.jpg,BKJ342
/content/drive/MyDrive/train_data/images/img_00287.jpg,ADL686
/content/drive/MyDrive/train_data/images/img_01008.jpg,AKZ498
/content/drive/MyDrive/train_data/images/img_03788.jpg,BQE743
/content/drive/MyDrive/train_data/images/img_04619.jpg,DEM451
/content/drive/MyDrive/train_data/images/img_04272.jpg,BYF887
/content/drive/MyDrive/train_data/images/img_06721.jpg,LZD8142
/content/drive/MyDrive/train_data/images/img_04943.jpg,LE6260
/content/drive/MyDrive/train_data/images/img_04183.jpg,BWW549
/content/drive/MyDrive/train_data/images/img_02297.jpg,AUY308
/content/drive/MyDrive/train_data/images/img_01121.jpg,ALV192
/content/drive/MyDrive/train_data/images/img_05960.jpg,LXY384
/content/drive/MyDrive/train_data/images/img_01638.jpg,AQP783
/content/drive/MyDrive/train_data/images/img_03778.jpg,BQA230
/content/drive/MyDrive/train_data/images/img_01699.jpg,AQZ148
/content/drive/MyDrive/train_data/images/img_04839.jpg,LE131
/content/drive/MyDrive/train_data/images/img_04220.jpg,BXJ856
/content/drive/MyDrive/train_data/images/img_03186.jpg,BEH130
/content/drive/MyDrive/train_data/images/img_05036.jpg,LEA1710
/content/drive/MyDrive/train_data/images/img_03693.jpg,BNM271
/content/drive/MyDrive/train_data/images/img_05801.jpg,LEJ1293
/content/drive/MyDrive/train_data/images/img_02158.jpg,AUA059
/content/drive/MyDrive/train_data/images/img_00233.jpg,ACV509
/content/drive/MyDrive/train_data/images/img_02196.jpg,AUF781
/content/drive/MyDrive/train_data/images/img_02125.jpg,ATX572
/content/drive/MyDrive/train_data/images/img_02374.jpg,AVH857
/content/drive/MyDrive/train_data/images/img_01345.jpg,ANQ030
/content/drive/MyDrive/train_data/images/img_04386.jpg,CAG6704
/content/drive/MyDrive/train_data/images/img_02699.jpg,AXU143
/content/drive/MyDrive/train_data/images/img_03919.jpg,BST42
/content/drive/MyDrive/train_data/images/img_03045.jpg,BCD526
/content/drive/MyDrive/train_data/images/img_06733.jpg,NA402
/content/drive/MyDrive/train_data/images/img_04768.jpg,GPA334
/content/drive/MyDrive/train_data/images/img_03324.jpg,BGE269
/content/drive/MyDrive/train_data/images/img_00930.jpg,AKF842
/content/drive/MyDrive/train_data/images/img_03171.jpg,BEB087
/content/drive/MyDrive/train_data/images/img_06459.jpg,LEB8641
/content/drive/MyDrive/train_data/images/img_01672.jpg,AQV248
/content/drive/MyDrive/train_data/images/img_02683.jpg,AXQ725
/content/drive/MyDrive/train_data/images/img_01690.jpg,AQY292
/content/drive/MyDrive/train_data/images/img_04231.jpg,BXM355
/content/drive/MyDrive/train_data/images/img_06176.jpg,BFU462
/content/drive/MyDrive/train_data/images/img_04745.jpg,GAZ909
/content/drive/MyDrive/train_data/images/img_03902.jpg,BSKT7645
/content/drive/MyDrive/train_data/images/img_03624.jpg,BMH161
/content/drive/MyDrive/train_data/images/img_06613.jpg,LEF6658
/content/drive/MyDrive/train_data/images/img_06135.jpg,AGT333
/content/drive/MyDrive/train_data/images/img_01041.jpg,ALD417
/content/drive/MyDrive/train_data/images/img_03177.jpg,BEC677
/content/drive/MyDrive/train_data/images/img_00623.jpg,AGV737
/content/drive/MyDrive/train_data/images/img_05612.jpg,LEE813
/content/drive/MyDrive/train_data/images/img_05150.jpg,LEA7611
/content/drive/MyDrive/train_data/images/img_05224.jpg,LEB298
/content/drive/MyDrive/train_data/images/img_05216.jpg,LEB2337
/content/drive/MyDrive/train_data/images/img_04186.jpg,BWW660
/content/drive/MyDrive/train_data/images/img_03188.jpg,BEJ81
/content/drive/MyDrive/train_data/images/img_00000.jpg,1632
/content/drive/MyDrive/train_data/images/img_04352.jpg,BZS809
/content/drive/MyDrive/train_data/images/img_01141.jpg,ALX734
/content/drive/MyDrive/train_data/images/img_05426.jpg,LEC778
/content/drive/MyDrive/train_data/images/img_00844.jpg,AJM488
/content/drive/MyDrive/train_data/images/img_02126.jpg,ATX583
/content/drive/MyDrive/train_data/images/img_05916.jpg,LRO83
/content/drive/MyDrive/train_data/images/img_02330.jpg,AVA209
/content/drive/MyDrive/train_data/images/img_04828.jpg,LD130
/content/drive/MyDrive/train_data/images/img_05440.jpg,LEC8907
/content/drive/MyDrive/train_data/images/img_05670.jpg,LEF6399
/content/drive/MyDrive/train_data/images/img_02665.jpg,AXH906
/content/drive/MyDrive/train_data/images/img_03220.jpg,BEU719
/content/drive/MyDrive/train_data/images/img_00915.jpg,AKB72
/content/drive/MyDrive/train_data/images/img_04932.jpg,LE6008
/content/drive/MyDrive/train_data/images/img_05659.jpg,LEF4273
/content/drive/MyDrive/train_data/images/img_06442.jpg,LEB7323
/content/drive/MyDrive/train_data/images/img_00917.jpg,AKC260
/content/drive/MyDrive/train_data/images/img_03061.jpg,BCH54
/content/drive/MyDrive/train_data/images/img_02798.jpg,AZC700
/content/drive/MyDrive/train_data/images/img_03576.jpg,BLM660
/content/drive/MyDrive/train_data/images/img_05685.jpg,LEF744
/content/drive/MyDrive/train_data/images/img_04806.jpg,KX2707
/content/drive/MyDrive/train_data/images/img_00481.jpg,AFN338
/content/drive/MyDrive/train_data/images/img_06349.jpg,LEA5031
/content/drive/MyDrive/train_data/images/img_02670.jpg,AXL104
/content/drive/MyDrive/train_data/images/img_00775.jpg,AHZ172
/content/drive/MyDrive/train_data/images/img_04545.jpg,DCA706
/content/drive/MyDrive/train_data/images/img_02322.jpg,AV45
/content/drive/MyDrive/train_data/images/img_00456.jpg,AFE799
/content/drive/MyDrive/train_data/images/img_05245.jpg,LEB4052
/content/drive/MyDrive/train_data/images/img_05886.jpg,LEU7295
/content/drive/MyDrive/train_data/images/img_06672.jpg,LES409
/content/drive/MyDrive/train_data/images/img_05811.jpg,LER8162
/content/drive/MyDrive/train_data/images/img_03200.jpg,BEM178
/content/drive/MyDrive/train_data/images/img_03172.jpg,BEB5
/content/drive/MyDrive/train_data/images/img_02122.jpg,ATW747
/content/drive/MyDrive/train_data/images/img_05415.jpg,LEC702
/content/drive/MyDrive/train_data/images/img_01538.jpg,APW442
/content/drive/MyDrive/train_data/images/img_06399.jpg,LEB2066
/content/drive/MyDrive/train_data/images/img_03388.jpg,BH2083
/content/drive/MyDrive/train_data/images/img_03721.jpg,BP5452
/content/drive/MyDrive/train_data/images/img_02711.jpg,AXY26
/content/drive/MyDrive/train_data/images/img_02982.jpg,BBH385
/content/drive/MyDrive/train_data/images/img_04095.jpg,BVH480
/content/drive/MyDrive/train_data/images/img_01738.jpg,ARE162
/content/drive/MyDrive/train_data/images/img_02148.jpg,ATZ981
/content/drive/MyDrive/train_data/images/img_03830.jpg,BR707
/content/drive/MyDrive/train_data/images/img_05650.jpg,LEF3489
/content/drive/MyDrive/train_data/images/img_02729.jpg,AYD856
/content/drive/MyDrive/train_data/images/img_05264.jpg,LEB5141
/content/drive/MyDrive/train_data/images/img_00111.jpg,ABJ553
/content/drive/MyDrive/train_data/images/img_01255.jpg,AMU939
/content/drive/MyDrive/train_data/images/img_02763.jpg,AYR940
/content/drive/MyDrive/train_data/images/img_06610.jpg,LEF6478
/content/drive/MyDrive/train_data/images/img_02567.jpg,AWU537
/content/drive/MyDrive/train_data/images/img_02440.jpg,AVY810
/content/drive/MyDrive/train_data/images/img_03873.jpg,BRX244
/content/drive/MyDrive/train_data/images/img_00788.jpg,AJA924
/content/drive/MyDrive/train_data/images/img_03682.jpg,BNG248
/content/drive/MyDrive/train_data/images/img_01385.jpg,ANW512
/content/drive/MyDrive/train_data/images/img_05676.jpg,LEF705
/content/drive/MyDrive/train_data/images/img_02625.jpg,AXA54
/content/drive/MyDrive/train_data/images/img_00986.jpg,AKU502
/content/drive/MyDrive/train_data/images/img_00509.jpg,AFS781
/content/drive/MyDrive/train_data/images/img_05966.jpg,LZK7146
/content/drive/MyDrive/train_data/images/img_03510.jpg,BKS344
/content/drive/MyDrive/train_data/images/img_05147.jpg,LEA7525
/content/drive/MyDrive/train_data/images/img_00195.jpg,ACH959
/content/drive/MyDrive/train_data/images/img_06418.jpg,LEB5179
/content/drive/MyDrive/train_data/images/img_04142.jpg,BWE524
/content/drive/MyDrive/train_data/images/img_05278.jpg,LEB588
/content/drive/MyDrive/train_data/images/img_04852.jpg,LE2089
/content/drive/MyDrive/train_data/images/img_04607.jpg,DEA706
/content/drive/MyDrive/train_data/images/img_02164.jpg,AUA50
/content/drive/MyDrive/train_data/images/img_01788.jpg,ARN415
/content/drive/MyDrive/train_data/images/img_06065.jpg,SAM417
/content/drive/MyDrive/train_data/images/img_05689.jpg,LEF7756
/content/drive/MyDrive/train_data/images/img_04332.jpg,BZH513
/content/drive/MyDrive/train_data/images/img_06709.jpg,LRB8588
/content/drive/MyDrive/train_data/images/img_02133.jpg,ATY381
/content/drive/MyDrive/train_data/images/img_01482.jpg,APM063
/content/drive/MyDrive/train_data/images/img_05501.jpg,LED6158
/content/drive/MyDrive/train_data/images/img_04201.jpg,BXC430
/content/drive/MyDrive/train_data/images/img_04608.jpg,DEA750
/content/drive/MyDrive/train_data/images/img_03995.jpg,BU4675
/content/drive/MyDrive/train_data/images/img_01388.jpg,ANW910
/content/drive/MyDrive/train_data/images/img_02557.jpg,AWT240
/content/drive/MyDrive/train_data/images/img_05539.jpg,LED9617
/content/drive/MyDrive/train_data/images/img_00025.jpg,AAF563
/content/drive/MyDrive/train_data/images/img_01287.jpg,AN4
/content/drive/MyDrive/train_data/images/img_04072.jpg,BVE284
/content/drive/MyDrive/train_data/images/img_03248.jpg,BFC219
/content/drive/MyDrive/train_data/images/img_02935.jpg,BAU755
/content/drive/MyDrive/train_data/images/img_06713.jpg,LRO83
/content/drive/MyDrive/train_data/images/img_05869.jpg,LEU2611
/content/drive/MyDrive/train_data/images/img_04157.jpg,BWL104
/content/drive/MyDrive/train_data/images/img_03582.jpg,BLQ515
/content/drive/MyDrive/train_data/images/img_04051.jpg,BUX907
/content/drive/MyDrive/train_data/images/img_02800.jpg,AZD14
/content/drive/MyDrive/train_data/images/img_02373.jpg,AVH857
/content/drive/MyDrive/train_data/images/img_02274.jpg,AUU184
/content/drive/MyDrive/train_data/images/img_04034.jpg,BUQ378
/content/drive/MyDrive/train_data/images/img_00742.jpg,AHU080
/content/drive/MyDrive/train_data/images/img_03272.jpg,BFH771
/content/drive/MyDrive/train_data/images/img_05456.jpg,LED1314
/content/drive/MyDrive/train_data/images/img_02948.jpg,BAY439
/content/drive/MyDrive/train_data/images/img_00424.jpg,AEU572
/content/drive/MyDrive/train_data/images/img_00652.jpg,AHB79
/content/drive/MyDrive/train_data/images/img_05994.jpg,MKH62
/content/drive/MyDrive/train_data/images/img_03767.jpg,BPY224
/content/drive/MyDrive/train_data/images/img_03366.jpg,BGV307
/content/drive/MyDrive/train_data/images/img_02977.jpg,BBG691
/content/drive/MyDrive/train_data/images/img_01727.jpg,ARC103
/content/drive/MyDrive/train_data/images/img_01958.jpg,ASP428
/content/drive/MyDrive/train_data/images/img_06432.jpg,LEB6373
/content/drive/MyDrive/train_data/images/img_03250.jpg,BFC932
/content/drive/MyDrive/train_data/images/img_02366.jpg,AVG754
/content/drive/MyDrive/train_data/images/img_04638.jpg,DFK398
/content/drive/MyDrive/train_data/images/img_05403.jpg,LEC5454
/content/drive/MyDrive/train_data/images/img_02313.jpg,AUZ054
/content/drive/MyDrive/train_data/images/img_02955.jpg,BAZ099
/content/drive/MyDrive/train_data/images/img_02177.jpg,AUC743
/content/drive/MyDrive/train_data/images/img_04319.jpg,BZA232
/content/drive/MyDrive/train_data/images/img_00380.jpg,AEJ916
/content/drive/MyDrive/train_data/images/img_04120.jpg,BVX783
/content/drive/MyDrive/train_data/images/img_06741.jpg,ST66
/content/drive/MyDrive/train_data/images/img_02716.jpg,AY8418
/content/drive/MyDrive/train_data/images/img_01346.jpg,ANQ134
/content/drive/MyDrive/train_data/images/img_00698.jpg,AHM794
/content/drive/MyDrive/train_data/images/img_06521.jpg,LED1237
/content/drive/MyDrive/train_data/images/img_04632.jpg,DFE568
/content/drive/MyDrive/train_data/images/img_06634.jpg,LEG2088
/content/drive/MyDrive/train_data/images/img_03187.jpg,BEJ756
/content/drive/MyDrive/train_data/images/img_02742.jpg,AYH208
/content/drive/MyDrive/train_data/images/img_01744.jpg,ARF012
/content/drive/MyDrive/train_data/images/img_01280.jpg,AMY757
/content/drive/MyDrive/train_data/images/img_04940.jpg,LE6181
/content/drive/MyDrive/train_data/images/img_01190.jpg,AMH873
/content/drive/MyDrive/train_data/images/img_02121.jpg,ATW478
/content/drive/MyDrive/train_data/images/img_00715.jpg,AHQ075
/content/drive/MyDrive/train_data/images/img_00408.jpg,AER842
/content/drive/MyDrive/train_data/images/img_05340.jpg,LEB957
/content/drive/MyDrive/train_data/images/img_04799.jpg,KPK8339
/content/drive/MyDrive/train_data/images/img_06002.jpg,MNC584
/content/drive/MyDrive/train_data/images/img_01212.jpg,AMM541
/content/drive/MyDrive/train_data/images/img_02926.jpg,BAN222
/content/drive/MyDrive/train_data/images/img_00946.jpg,AKK503
/content/drive/MyDrive/train_data/images/img_01048.jpg,ALE884
/content/drive/MyDrive/train_data/images/img_02554.jpg,AWS770
/content/drive/MyDrive/train_data/images/img_02568.jpg,AWUA057
/content/drive/MyDrive/train_data/images/img_02135.jpg,ATY727
/content/drive/MyDrive/train_data/images/img_00368.jpg,AED739
/content/drive/MyDrive/train_data/images/img_00610.jpg,AGU727
/content/drive/MyDrive/train_data/images/img_02023.jpg,ATA887
/content/drive/MyDrive/train_data/images/img_00452.jpg,AFE114
/content/drive/MyDrive/train_data/images/img_00364.jpg,AED622
/content/drive/MyDrive/train_data/images/img_00052.jpg,AAP795
/content/drive/MyDrive/train_data/images/img_00011.jpg,AABJ475
/content/drive/MyDrive/train_data/images/img_00960.jpg,AKP596
/content/drive/MyDrive/train_data/images/img_01354.jpg,ANR222
/content/drive/MyDrive/train_data/images/img_05830.jpg,LES6240
/content/drive/MyDrive/train_data/images/img_02839.jpg,AZU589
/content/drive/MyDrive/train_data/images/img_04657.jpg,DFX034
/content/drive/MyDrive/train_data/images/img_00161.jpg,ACA856
/content/drive/MyDrive/train_data/images/img_06372.jpg,LEA8400
/content/drive/MyDrive/train_data/images/img_04124.jpg,BVZ580
/content/drive/MyDrive/train_data/images/img_01678.jpg,AQW425
/content/drive/MyDrive/train_data/images/img_01466.jpg,APK845
/content/drive/MyDrive/train_data/images/img_05931.jpg,LW8994
/content/drive/MyDrive/train_data/images/img_03028.jpg,BBZ99
/content/drive/MyDrive/train_data/images/img_03656.jpg,BMX089
/content/drive/MyDrive/train_data/images/img_05296.jpg,LEB699
/content/drive/MyDrive/train_data/images/img_02038.jpg,ATD890
/content/drive/MyDrive/train_data/images/img_00435.jpg,AEY594
/content/drive/MyDrive/train_data/images/img_06281.jpg,LE6867
/content/drive/MyDrive/train_data/images/img_06207.jpg,EZ78
/content/drive/MyDrive/train_data/images/img_02539.jpg,AWQ241
/content/drive/MyDrive/train_data/images/img_02921.jpg,BAL377
/content/drive/MyDrive/train_data/images/img_05246.jpg,LEB4052
/content/drive/MyDrive/train_data/images/img_01715.jpg,ARA161
/content/drive/MyDrive/train_data/images/img_03157.jpg,BDY505
/content/drive/MyDrive/train_data/images/img_01105.jpg,ALR590
/content/drive/MyDrive/train_data/images/img_02182.jpg,AUD67
/content/drive/MyDrive/train_data/images/img_02429.jpg,AVW084
/content/drive/MyDrive/train_data/images/img_03078.jpg,BCQ675
/content/drive/MyDrive/train_data/images/img_04252.jpg,BXW604
/content/drive/MyDrive/train_data/images/img_03337.jpg,BGH828
/content/drive/MyDrive/train_data/images/img_05108.jpg,LEA48
/content/drive/MyDrive/train_data/images/img_00627.jpg,AGX052
/content/drive/MyDrive/train_data/images/img_05189.jpg,LEA9375
/content/drive/MyDrive/train_data/images/img_01035.jpg,ALB745
/content/drive/MyDrive/train_data/images/img_06295.jpg,LE7819
/content/drive/MyDrive/train_data/images/img_05396.jpg,LEC50
/content/drive/MyDrive/train_data/images/img_01819.jpg,ARV042
/content/drive/MyDrive/train_data/images/img_02715.jpg,AY405
/content/drive/MyDrive/train_data/images/img_06528.jpg,LED270
/content/drive/MyDrive/train_data/images/img_06444.jpg,LEB7483
/content/drive/MyDrive/train_data/images/img_00080.jpg,ABD
/content/drive/MyDrive/train_data/images/img_06390.jpg,LEB141
/content/drive/MyDrive/train_data/images/img_00196.jpg,ACH959
/content/drive/MyDrive/train_data/images/img_00199.jpg,ACK901
/content/drive/MyDrive/train_data/images/img_01047.jpg,ALE279
/content/drive/MyDrive/train_data/images/img_03275.jpg,BFJ320
/content/drive/MyDrive/train_data/images/img_02419.jpg,AVT098
/content/drive/MyDrive/train_data/images/img_01501.jpg,APQ462
/content/drive/MyDrive/train_data/images/img_03127.jpg,BDG097
/content/drive/MyDrive/train_data/images/img_00692.jpg,AHL095
/content/drive/MyDrive/train_data/images/img_05954.jpg,LXH653
/content/drive/MyDrive/train_data/images/img_02664.jpg,AXH532
/content/drive/MyDrive/train_data/images/img_02388.jpg,AVK47
/content/drive/MyDrive/train_data/images/img_00537.jpg,AGD062
/content/drive/MyDrive/train_data/images/img_00918.jpg,AKC286
/content/drive/MyDrive/train_data/images/img_03740.jpg,BPJ442
/content/drive/MyDrive/train_data/images/img_00078.jpg,AB1588
/content/drive/MyDrive/train_data/images/img_05919.jpg,LRQ6727
/content/drive/MyDrive/train_data/images/img_05747.jpg,LEH4948
/content/drive/MyDrive/train_data/images/img_02295.jpg,AUX985
/content/drive/MyDrive/train_data/images/img_05590.jpg,LEE5985
/content/drive/MyDrive/train_data/images/img_02007.jpg,ASZ683
/content/drive/MyDrive/train_data/images/img_04305.jpg,BYX678
/content/drive/MyDrive/train_data/images/img_03442.jpg,BJA485
/content/drive/MyDrive/train_data/images/img_05669.jpg,LEF6155
/content/drive/MyDrive/train_data/images/img_06585.jpg,LEE99
/content/drive/MyDrive/train_data/images/img_03998.jpg,BUB531
/content/drive/MyDrive/train_data/images/img_05964.jpg,LZD4214
/content/drive/MyDrive/train_data/images/img_06467.jpg,LEB943
/content/drive/MyDrive/train_data/images/img_01191.jpg,AMJ045
/content/drive/MyDrive/train_data/images/img_06262.jpg,LE4906
/content/drive/MyDrive/train_data/images/img_04053.jpg,BUX993
/content/drive/MyDrive/train_data/images/img_05699.jpg,LEF863
/content/drive/MyDrive/train_data/images/img_02466.jpg,AWC164
/content/drive/MyDrive/train_data/images/img_04581.jpg,DCZ019
/content/drive/MyDrive/train_data/images/img_02061.jpg,ATH335
/content/drive/MyDrive/train_data/images/img_03426.jpg,BHT746
/content/drive/MyDrive/train_data/images/img_04419.jpg,CAS1130
/content/drive/MyDrive/train_data/images/img_00528.jpg,AG6704
/content/drive/MyDrive/train_data/images/img_01278.jpg,AMY621
/content/drive/MyDrive/train_data/images/img_02347.jpg,AVC435
/content/drive/MyDrive/train_data/images/img_06214.jpg,FSL5474
/content/drive/MyDrive/train_data/images/img_04719.jpg,FT280
/content/drive/MyDrive/train_data/images/img_00016.jpg,AAD644
/content/drive/MyDrive/train_data/images/img_00073.jpg,AAY135
/content/drive/MyDrive/train_data/images/img_00780.jpg,AHZ589
/content/drive/MyDrive/train_data/images/img_06022.jpg,RA019
/content/drive/MyDrive/train_data/images/img_03287.jpg,BFR097
/content/drive/MyDrive/train_data/images/img_00057.jpg,AAS243
/content/drive/MyDrive/train_data/images/img_03926.jpg,BSV127
/content/drive/MyDrive/train_data/images/img_06188.jpg,CAD1749
/content/drive/MyDrive/train_data/images/img_02186.jpg,AUE837
/content/drive/MyDrive/train_data/images/img_00154.jpg,ABZ626
/content/drive/MyDrive/train_data/images/img_02223.jpg,AUM459
/content/drive/MyDrive/train_data/images/img_01570.jpg,AQC099
/content/drive/MyDrive/train_data/images/img_06345.jpg,LEA4659
/content/drive/MyDrive/train_data/images/img_04641.jpg,DFL246
/content/drive/MyDrive/train_data/images/img_03571.jpg,BLK730
/content/drive/MyDrive/train_data/images/img_05688.jpg,LEF7517
/content/drive/MyDrive/train_data/images/img_01776.jpg,ARL120
/content/drive/MyDrive/train_data/images/img_00530.jpg,AG8
/content/drive/MyDrive/train_data/images/img_00360.jpg,AEC43
/content/drive/MyDrive/train_data/images/img_03415.jpg,BHN108
/content/drive/MyDrive/train_data/images/img_00648.jpg,AHB100
/content/drive/MyDrive/train_data/images/img_04950.jpg,LE6493
/content/drive/MyDrive/train_data/images/img_00857.jpg,AJP301
/content/drive/MyDrive/train_data/images/img_05393.jpg,LEC46
/content/drive/MyDrive/train_data/images/img_02838.jpg,AZU545
/content/drive/MyDrive/train_data/images/img_00019.jpg,AADN670
/content/drive/MyDrive/train_data/images/img_03026.jpg,BBZ447
/content/drive/MyDrive/train_data/images/img_03160.jpg,BDZ760
/content/drive/MyDrive/train_data/images/img_00724.jpg,AHS007
/content/drive/MyDrive/train_data/images/img_05469.jpg,LED2755
/content/drive/MyDrive/train_data/images/img_05859.jpg,LEU1670
/content/drive/MyDrive/train_data/images/img_00331.jpg,ADW111
/content/drive/MyDrive/train_data/images/img_05381.jpg,LEC393
/content/drive/MyDrive/train_data/images/img_06561.jpg,LEE2845
/content/drive/MyDrive/train_data/images/img_00586.jpg,AGP889
/content/drive/MyDrive/train_data/images/img_04212.jpg,BXG113
/content/drive/MyDrive/train_data/images/img_05668.jpg,LEF5896
/content/drive/MyDrive/train_data/images/img_01403.jpg,ANZ650
/content/drive/MyDrive/train_data/images/img_06538.jpg,LED6817
/content/drive/MyDrive/train_data/images/img_04818.jpg,LB5
/content/drive/MyDrive/train_data/images/img_03558.jpg,BLE453
/content/drive/MyDrive/train_data/images/img_00221.jpg,ACR453
/content/drive/MyDrive/train_data/images/img_01692.jpg,AQY404
/content/drive/MyDrive/train_data/images/img_02305.jpg,AUZ003
/content/drive/MyDrive/train_data/images/img_02893.jpg,BAC452
/content/drive/MyDrive/train_data/images/img_01563.jpg,AQA861
/content/drive/MyDrive/train_data/images/img_04964.jpg,LE702
/content/drive/MyDrive/train_data/images/img_06505.jpg,LEC702
/content/drive/MyDrive/train_data/images/img_05320.jpg,LEB8312
/content/drive/MyDrive/train_data/images/img_05298.jpg,LEB7070
/content/drive/MyDrive/train_data/images/img_00291.jpg,ADL704
/content/drive/MyDrive/train_data/images/img_06558.jpg,LEE1920
/content/drive/MyDrive/train_data/images/img_01927.jpg,ASJ536
/content/drive/MyDrive/train_data/images/img_03440.jpg,BJ9111
/content/drive/MyDrive/train_data/images/img_01899.jpg,ASE880
/content/drive/MyDrive/train_data/images/img_01204.jpg,AML802
/content/drive/MyDrive/train_data/images/img_01067.jpg,ALI222
/content/drive/MyDrive/train_data/images/img_06371.jpg,LEA8278
/content/drive/MyDrive/train_data/images/img_02411.jpg,AVS103
/content/drive/MyDrive/train_data/images/img_01722.jpg,ARB415
/content/drive/MyDrive/train_data/images/img_01257.jpg,AMV212
/content/drive/MyDrive/train_data/images/img_06122.jpg,AAFG310
/content/drive/MyDrive/train_data/images/img_01455.jpg,APJ723
/content/drive/MyDrive/train_data/images/img_02811.jpg,AZF549
/content/drive/MyDrive/train_data/images/img_02391.jpg,AVK920
/content/drive/MyDrive/train_data/images/img_06463.jpg,LEB9183
/content/drive/MyDrive/train_data/images/img_03996.jpg,BU6
/content/drive/MyDrive/train_data/images/img_02481.jpg,AWE228
/content/drive/MyDrive/train_data/images/img_06489.jpg,LEC3508
/content/drive/MyDrive/train_data/images/img_02517.jpg,AWL217
/content/drive/MyDrive/train_data/images/img_03536.jpg,BKZ974
/content/drive/MyDrive/train_data/images/img_01203.jpg,AML590
/content/drive/MyDrive/train_data/images/img_00741.jpg,AHU080
/content/drive/MyDrive/train_data/images/img_03518.jpg,BKV15
/content/drive/MyDrive/train_data/images/img_03529.jpg,BKY6690
/content/drive/MyDrive/train_data/images/img_04759.jpg,GBJ949
/content/drive/MyDrive/train_data/images/img_01468.jpg,APL025
/content/drive/MyDrive/train_data/images/img_01948.jpg,ASN674
/content/drive/MyDrive/train_data/images/img_05788.jpg,LEH960
/content/drive/MyDrive/train_data/images/img_04394.jpg,CAL3227
/content/drive/MyDrive/train_data/images/img_03522.jpg,BKW213
/content/drive/MyDrive/train_data/images/img_00777.jpg,AHZ172
/content/drive/MyDrive/train_data/images/img_06331.jpg,LEA2098
/content/drive/MyDrive/train_data/images/img_02703.jpg,AXV351
/content/drive/MyDrive/train_data/images/img_01657.jpg,AQT329
/content/drive/MyDrive/train_data/images/img_02484.jpg,AWF404
/content/drive/MyDrive/train_data/images/img_01062.jpg,ALH690
/content/drive/MyDrive/train_data/images/img_03097.jpg,BCY142
/content/drive/MyDrive/train_data/images/img_02037.jpg,ATD803
/content/drive/MyDrive/train_data/images/img_00104.jpg,ABH472
/content/drive/MyDrive/train_data/images/img_03129.jpg,BDG317
/content/drive/MyDrive/train_data/images/img_02454.jpg,AW64
/content/drive/MyDrive/train_data/images/img_04355.jpg,BZT540
/content/drive/MyDrive/train_data/images/img_06478.jpg,LEC1480
/content/drive/MyDrive/train_data/images/img_05496.jpg,LED5984
/content/drive/MyDrive/train_data/images/img_03003.jpg,BBR405
/content/drive/MyDrive/train_data/images/img_04546.jpg,DCA706
/content/drive/MyDrive/train_data/images/img_02688.jpg,AXR333
/content/drive/MyDrive/train_data/images/img_01223.jpg,AMP369
/content/drive/MyDrive/train_data/images/img_04655.jpg,DFW726
/content/drive/MyDrive/train_data/images/img_06408.jpg,LEB340
/content/drive/MyDrive/train_data/images/img_04301.jpg,BYX236
/content/drive/MyDrive/train_data/images/img_01132.jpg,ALW848
/content/drive/MyDrive/train_data/images/img_06056.jpg,SAJ886
/content/drive/MyDrive/train_data/images/img_03125.jpg,BDG076
/content/drive/MyDrive/train_data/images/img_06527.jpg,LED2551
/content/drive/MyDrive/train_data/images/img_06058.jpg,SAJ886
/content/drive/MyDrive/train_data/images/img_04949.jpg,LE646
/content/drive/MyDrive/train_data/images/img_01157.jpg,AM28
/content/drive/MyDrive/train_data/images/img_02299.jpg,AUY478
/content/drive/MyDrive/train_data/images/img_03566.jpg,BLJ974
/content/drive/MyDrive/train_data/images/img_02095.jpg,ATP350
/content/drive/MyDrive/train_data/images/img_00030.jpg,AAGJ7
/content/drive/MyDrive/train_data/images/img_03795.jpg,BQG795
/content/drive/MyDrive/train_data/images/img_01626.jpg,AQL390
/content/drive/MyDrive/train_data/images/img_04643.jpg,DFN078
/content/drive/MyDrive/train_data/images/img_01237.jpg,AMS577
/content/drive/MyDrive/train_data/images/img_01911.jpg,ASG58
/content/drive/MyDrive/train_data/images/img_05235.jpg,LEB3688
/content/drive/MyDrive/train_data/images/img_01032.jpg,ALB514
/content/drive/MyDrive/train_data/images/img_04357.jpg,BZT540
/content/drive/MyDrive/train_data/images/img_01428.jpg,APE326
/content/drive/MyDrive/train_data/images/img_04960.jpg,LE68
/content/drive/MyDrive/train_data/images/img_04097.jpg,BVK518
/content/drive/MyDrive/train_data/images/img_04659.jpg,DFY669
/content/drive/MyDrive/train_data/images/img_03196.jpg,BEK799
/content/drive/MyDrive/train_data/images/img_03933.jpg,BSW680
/content/drive/MyDrive/train_data/images/img_06265.jpg,LE5108
/content/drive/MyDrive/train_data/images/img_03147.jpg,BDS191
/content/drive/MyDrive/train_data/images/img_03844.jpg,BRK697
/content/drive/MyDrive/train_data/images/img_04761.jpg,GBK142
/content/drive/MyDrive/train_data/images/img_01941.jpg,ASM969
/content/drive/MyDrive/train_data/images/img_00036.jpg,AAJ126
/content/drive/MyDrive/train_data/images/img_05461.jpg,LED2207
/content/drive/MyDrive/train_data/images/img_02102.jpg,ATR561
/content/drive/MyDrive/train_data/images/img_01677.jpg,AQW425
/content/drive/MyDrive/train_data/images/img_01102.jpg,ALR007
/content/drive/MyDrive/train_data/images/img_03985.jpg,BTY293
/content/drive/MyDrive/train_data/images/img_04303.jpg,BYX416
/content/drive/MyDrive/train_data/images/img_04050.jpg,BUX791
/content/drive/MyDrive/train_data/images/img_00877.jpg,AJU258
/content/drive/MyDrive/train_data/images/img_04922.jpg,LE5666
/content/drive/MyDrive/train_data/images/img_04978.jpg,LE7876
/content/drive/MyDrive/train_data/images/img_01583.jpg,AQD312
/content/drive/MyDrive/train_data/images/img_05577.jpg,LEE4488
/content/drive/MyDrive/train_data/images/img_03109.jpg,BDC117
/content/drive/MyDrive/train_data/images/img_05386.jpg,LEC418
/content/drive/MyDrive/train_data/images/img_05031.jpg,LEA1278
/content/drive/MyDrive/train_data/images/img_00669.jpg,AHG016
/content/drive/MyDrive/train_data/images/img_01410.jpg,AP940
/content/drive/MyDrive/train_data/images/img_01432.jpg,APF026
/content/drive/MyDrive/train_data/images/img_04176.jpg,BWW085
/content/drive/MyDrive/train_data/images/img_05418.jpg,LEC7216
/content/drive/MyDrive/train_data/images/img_02743.jpg,AYH656
/content/drive/MyDrive/train_data/images/img_01827.jpg,ARW018
/content/drive/MyDrive/train_data/images/img_02002.jpg,ASY115
/content/drive/MyDrive/train_data/images/img_04856.jpg,LE239
/content/drive/MyDrive/train_data/images/img_00990.jpg,AKU609
/content/drive/MyDrive/train_data/images/img_05056.jpg,LEA231
/content/drive/MyDrive/train_data/images/img_00507.jpg,AFS443
/content/drive/MyDrive/train_data/images/img_03928.jpg,BSV929
/content/drive/MyDrive/train_data/images/img_05755.jpg,LEH59
/content/drive/MyDrive/train_data/images/img_01901.jpg,ASE892
/content/drive/MyDrive/train_data/images/img_02916.jpg,BAJ376
/content/drive/MyDrive/train_data/images/img_05929.jpg,LW101
/content/drive/MyDrive/train_data/images/img_00815.jpg,AJF912
/content/drive/MyDrive/train_data/images/img_03206.jpg,BEN263
/content/drive/MyDrive/train_data/images/img_02778.jpg,AYV935
/content/drive/MyDrive/train_data/images/img_06439.jpg,LEB7029
/content/drive/MyDrive/train_data/images/img_00135.jpg,ABT979
/content/drive/MyDrive/train_data/images/img_04845.jpg,LE173
/content/drive/MyDrive/train_data/images/img_06571.jpg,LEE5900
/content/drive/MyDrive/train_data/images/img_06712.jpg,LRK6347
/content/drive/MyDrive/train_data/images/img_02678.jpg,AXN500
/content/drive/MyDrive/train_data/images/img_05622.jpg,LEE8807
/content/drive/MyDrive/train_data/images/img_00118.jpg,ABM313
/content/drive/MyDrive/train_data/images/img_05762.jpg,LEH648
/content/drive/MyDrive/train_data/images/img_03939.jpg,BTA020
/content/drive/MyDrive/train_data/images/img_03300.jpg,BFV259
/content/drive/MyDrive/train_data/images/img_01652.jpg,AQS393
/content/drive/MyDrive/train_data/images/img_03062.jpg,BCH808
/content/drive/MyDrive/train_data/images/img_05102.jpg,LEA448
/content/drive/MyDrive/train_data/images/img_05303.jpg,LEB7335
/content/drive/MyDrive/train_data/images/img_03224.jpg,BEW384
/content/drive/MyDrive/train_data/images/img_02110.jpg,ATU599
/content/drive/MyDrive/train_data/images/img_02680.jpg,AXP942
/content/drive/MyDrive/train_data/images/img_01531.jpg,APV941
/content/drive/MyDrive/train_data/images/img_02115.jpg,ATV872
/content/drive/MyDrive/train_data/images/img_03549.jpg,BLC472
/content/drive/MyDrive/train_data/images/img_05592.jpg,LEE6095
/content/drive/MyDrive/train_data/images/img_03883.jpg,BSB071
/content/drive/MyDrive/train_data/images/img_04257.jpg,BXZ463
/content/drive/MyDrive/train_data/images/img_00769.jpg,AHY171
/content/drive/MyDrive/train_data/images/img_03371.jpg,BGV866
/content/drive/MyDrive/train_data/images/img_01707.jpg,AQZ666
/content/drive/MyDrive/train_data/images/img_01103.jpg,ALR361
/content/drive/MyDrive/train_data/images/img_01314.jpg,ANF311
/content/drive/MyDrive/train_data/images/img_05232.jpg,LEB36
/content/drive/MyDrive/train_data/images/img_04341.jpg,BZN093
/content/drive/MyDrive/train_data/images/img_05236.jpg,LEB3795
/content/drive/MyDrive/train_data/images/img_00933.jpg,AKF842
/content/drive/MyDrive/train_data/images/img_00402.jpg,AEP940
/content/drive/MyDrive/train_data/images/img_02013.jpg,AT852
/content/drive/MyDrive/train_data/images/img_03663.jpg,BMX896
/content/drive/MyDrive/train_data/images/img_06298.jpg,LE8344
/content/drive/MyDrive/train_data/images/img_01241.jpg,AMS666
/content/drive/MyDrive/train_data/images/img_03607.jpg,BMC45
/content/drive/MyDrive/train_data/images/img_06619.jpg,LEF7226
/content/drive/MyDrive/train_data/images/img_05155.jpg,LEA7706
/content/drive/MyDrive/train_data/images/img_04569.jpg,DCT418
/content/drive/MyDrive/train_data/images/img_04798.jpg,KN7829
/content/drive/MyDrive/train_data/images/img_00201.jpg,ACL365
/content/drive/MyDrive/train_data/images/img_06715.jpg,LRP2233
/content/drive/MyDrive/train_data/images/img_01357.jpg,ANR5
/content/drive/MyDrive/train_data/images/img_01621.jpg,AQK115
/content/drive/MyDrive/train_data/images/img_05951.jpg,LXD8817
/content/drive/MyDrive/train_data/images/img_01645.jpg,AQQ626
/content/drive/MyDrive/train_data/images/img_00589.jpg,AGQ157
/content/drive/MyDrive/train_data/images/img_04184.jpg,BWW549
/content/drive/MyDrive/train_data/images/img_01128.jpg,ALW385
/content/drive/MyDrive/train_data/images/img_00705.jpg,AHN589
/content/drive/MyDrive/train_data/images/img_05049.jpg,LEA202
/content/drive/MyDrive/train_data/images/img_01937.jpg,ASL922
/content/drive/MyDrive/train_data/images/img_04724.jpg,FY345
/content/drive/MyDrive/train_data/images/img_01988.jpg,ASW
/content/drive/MyDrive/train_data/images/img_04801.jpg,KSK001
/content/drive/MyDrive/train_data/images/img_01081.jpg,ALK726
/content/drive/MyDrive/train_data/images/img_01683.jpg,AQX726
/content/drive/MyDrive/train_data/images/img_05349.jpg,LEC1266
/content/drive/MyDrive/train_data/images/img_05664.jpg,LEF5094
/content/drive/MyDrive/train_data/images/img_01171.jpg,AMD458
/content/drive/MyDrive/train_data/images/img_02653.jpg,AXF808
/content/drive/MyDrive/train_data/images/img_04052.jpg,BUX907
/content/drive/MyDrive/train_data/images/img_04193.jpg,BXA418
/content/drive/MyDrive/train_data/images/img_06197.jpg,CAV1993
/content/drive/MyDrive/train_data/images/img_04782.jpg,HXD076
/content/drive/MyDrive/train_data/images/img_03331.jpg,BGG328
/content/drive/MyDrive/train_data/images/img_05083.jpg,LEA3769
/content/drive/MyDrive/train_data/images/img_02825.jpg,AZL318
/content/drive/MyDrive/train_data/images/img_05497.jpg,LED6020
/content/drive/MyDrive/train_data/images/img_05271.jpg,LEB5494
/content/drive/MyDrive/train_data/images/img_04982.jpg,LE7
/content/drive/MyDrive/train_data/images/img_06423.jpg,LEB5493
/content/drive/MyDrive/train_data/images/img_03102.jpg,BD643
/content/drive/MyDrive/train_data/images/img_04700.jpg,EZ444
/content/drive/MyDrive/train_data/images/img_04904.jpg,LE5
/content/drive/MyDrive/train_data/images/img_06629.jpg,LEF9392
/content/drive/MyDrive/train_data/images/img_03308.jpg,BG02
/content/drive/MyDrive/train_data/images/img_06570.jpg,LEE570
/content/drive/MyDrive/train_data/images/img_03637.jpg,BMQ34
/content/drive/MyDrive/train_data/images/img_05567.jpg,LEE3247
/content/drive/MyDrive/train_data/images/img_01627.jpg,AQL426
/content/drive/MyDrive/train_data/images/img_06637.jpg,LEG3657
/content/drive/MyDrive/train_data/images/img_04865.jpg,LE3001
/content/drive/MyDrive/train_data/images/img_04466.jpg,CBF4751
/content/drive/MyDrive/train_data/images/img_00274.jpg,ADF663
/content/drive/MyDrive/train_data/images/img_01309.jpg,ANE020
/content/drive/MyDrive/train_data/images/img_04916.jpg,LE54
/content/drive/MyDrive/train_data/images/img_02437.jpg,AVY086
/content/drive/MyDrive/train_data/images/img_05880.jpg,LEU5416
/content/drive/MyDrive/train_data/images/img_06664.jpg,LEH9600
/content/drive/MyDrive/train_data/images/img_06389.jpg,LEB1220
/content/drive/MyDrive/train_data/images/img_04947.jpg,LE6336
/content/drive/MyDrive/train_data/images/img_03056.jpg,BCF792
/content/drive/MyDrive/train_data/images/img_02780.jpg,AYW172
/content/drive/MyDrive/train_data/images/img_04741.jpg,GAX84
/content/drive/MyDrive/train_data/images/img_00789.jpg,AJB005
/content/drive/MyDrive/train_data/images/img_04525.jpg,DBF604
/content/drive/MyDrive/train_data/images/img_04311.jpg,BYZ789
/content/drive/MyDrive/train_data/images/img_00708.jpg,AHN713
/content/drive/MyDrive/train_data/images/img_04235.jpg,BXN274
/content/drive/MyDrive/train_data/images/img_00492.jpg,AFR024
/content/drive/MyDrive/train_data/images/img_00603.jpg,AGT021
/content/drive/MyDrive/train_data/images/img_04485.jpg,CS6188
/content/drive/MyDrive/train_data/images/img_06036.jpg,RIV2002
/content/drive/MyDrive/train_data/images/img_04640.jpg,DFK746
/content/drive/MyDrive/train_data/images/img_02941.jpg,BAW237
/content/drive/MyDrive/train_data/images/img_00142.jpg,ABX076
/content/drive/MyDrive/train_data/images/img_03587.jpg,BLV540
/content/drive/MyDrive/train_data/images/img_03044.jpg,BCD526
/content/drive/MyDrive/train_data/images/img_06691.jpg,LEU3974
/content/drive/MyDrive/train_data/images/img_04084.jpg,BVG868
/content/drive/MyDrive/train_data/images/img_00965.jpg,AKR382
/content/drive/MyDrive/train_data/images/img_03305.jpg,BFY930
/content/drive/MyDrive/train_data/images/img_01944.jpg,ASN477
/content/drive/MyDrive/train_data/images/img_06624.jpg,LEF8329
/content/drive/MyDrive/train_data/images/img_01714.jpg,AR965
/content/drive/MyDrive/train_data/images/img_02140.jpg,ATZ202
/content/drive/MyDrive/train_data/images/img_01585.jpg,AQD600
/content/drive/MyDrive/train_data/images/img_02750.jpg,AYN112
/content/drive/MyDrive/train_data/images/img_02267.jpg,AUT388
/content/drive/MyDrive/train_data/images/img_06638.jpg,LEH1360
/content/drive/MyDrive/train_data/images/img_05202.jpg,LEB1333
/content/drive/MyDrive/train_data/images/img_03670.jpg,BN0444
/content/drive/MyDrive/train_data/images/img_02217.jpg,AUL757
/content/drive/MyDrive/train_data/images/img_01408.jpg,AP6425
/content/drive/MyDrive/train_data/images/img_05882.jpg,LEU5881
/content/drive/MyDrive/train_data/images/img_00396.jpg,AEP574
/content/drive/MyDrive/train_data/images/img_00619.jpg,AGV251
/content/drive/MyDrive/train_data/images/img_02802.jpg,AZD385
/content/drive/MyDrive/train_data/images/img_02311.jpg,AUZ047
/content/drive/MyDrive/train_data/images/img_04476.jpg,CCG425
/content/drive/MyDrive/train_data/images/img_03180.jpg,BED215
/content/drive/MyDrive/train_data/images/img_05171.jpg,LEA854
/content/drive/MyDrive/train_data/images/img_01904.jpg,ASF585
/content/drive/MyDrive/train_data/images/img_01801.jpg,ARQ760
/content/drive/MyDrive/train_data/images/img_01078.jpg,ALK464
/content/drive/MyDrive/train_data/images/img_00182.jpg,ACG222
/content/drive/MyDrive/train_data/images/img_05876.jpg,LEU4807
/content/drive/MyDrive/train_data/images/img_06416.jpg,LEB4414
/content/drive/MyDrive/train_data/images/img_04285.jpg,BYQ783
/content/drive/MyDrive/train_data/images/img_06170.jpg,BD1
/content/drive/MyDrive/train_data/images/img_01519.jpg,APT742
/content/drive/MyDrive/train_data/images/img_04111.jpg,BVS663
/content/drive/MyDrive/train_data/images/img_01587.jpg,AQD723
/content/drive/MyDrive/train_data/images/img_02228.jpg,AUN655
/content/drive/MyDrive/train_data/images/img_04755.jpg,GBF902
/content/drive/MyDrive/train_data/images/img_04447.jpg,CAV9774
/content/drive/MyDrive/train_data/images/img_02003.jpg,ASY5998
/content/drive/MyDrive/train_data/images/img_01928.jpg,ASJ697
/content/drive/MyDrive/train_data/images/img_06719.jpg,LWH2184
/content/drive/MyDrive/train_data/images/img_04073.jpg,BVE284
/content/drive/MyDrive/train_data/images/img_00473.jpg,AFK838
/content/drive/MyDrive/train_data/images/img_04615.jpg,DEM125
/content/drive/MyDrive/train_data/images/img_00335.jpg,ADX600
/content/drive/MyDrive/train_data/images/img_04857.jpg,LE2428
/content/drive/MyDrive/train_data/images/img_05175.jpg,LEA8670
/content/drive/MyDrive/train_data/images/img_03319.jpg,BGB731
/content/drive/MyDrive/train_data/images/img_00105.jpg,ABH472
/content/drive/MyDrive/train_data/images/img_00397.jpg,AEP574
/content/drive/MyDrive/train_data/images/img_00817.jpg,AJG111
/content/drive/MyDrive/train_data/images/img_01967.jpg,ASR753
/content/drive/MyDrive/train_data/images/img_02458.jpg,AWB075
/content/drive/MyDrive/train_data/images/img_06354.jpg,LEA5262
/content/drive/MyDrive/train_data/images/img_04736.jpg,GAT601
/content/drive/MyDrive/train_data/images/img_06409.jpg,LEB3485
/content/drive/MyDrive/train_data/images/img_00015.jpg,AAD644
/content/drive/MyDrive/train_data/images/img_05442.jpg,LEC9461
/content/drive/MyDrive/train_data/images/img_03095.jpg,BCX704
/content/drive/MyDrive/train_data/images/img_04660.jpg,DFY669
/content/drive/MyDrive/train_data/images/img_02010.jpg,ASZ783
/content/drive/MyDrive/train_data/images/img_03368.jpg,BGV8
/content/drive/MyDrive/train_data/images/img_03355.jpg,BGS024
/content/drive/MyDrive/train_data/images/img_02860.jpg,AZY857
/content/drive/MyDrive/train_data/images/img_06233.jpg,LE1239
/content/drive/MyDrive/train_data/images/img_00392.jpg,AEN710
/content/drive/MyDrive/train_data/images/img_00972.jpg,AKT775
/content/drive/MyDrive/train_data/images/img_06493.jpg,LEC4357
/content/drive/MyDrive/train_data/images/img_05361.jpg,LEC1917
/content/drive/MyDrive/train_data/images/img_04709.jpg,FD73
/content/drive/MyDrive/train_data/images/img_05872.jpg,LEU3076
/content/drive/MyDrive/train_data/images/img_02269.jpg,AUT668
/content/drive/MyDrive/train_data/images/img_01676.jpg,AQW208
/content/drive/MyDrive/train_data/images/img_06107.jpg,WS541
/content/drive/MyDrive/train_data/images/img_05854.jpg,LET3276
/content/drive/MyDrive/train_data/images/img_02616.jpg,AXA170
/content/drive/MyDrive/train_data/images/img_04489.jpg,CU881
/content/drive/MyDrive/train_data/images/img_03408.jpg,BHG231
/content/drive/MyDrive/train_data/images/img_00643.jpg,AHA618
/content/drive/MyDrive/train_data/images/img_01778.jpg,ARL873
/content/drive/MyDrive/train_data/images/img_02487.jpg,AWG021
/content/drive/MyDrive/train_data/images/img_00675.jpg,AHG398
/content/drive/MyDrive/train_data/images/img_04805.jpg,KW7879
/content/drive/MyDrive/train_data/images/img_03386.jpg,BH0509
/content/drive/MyDrive/train_data/images/img_03881.jpg,BS831
/content/drive/MyDrive/train_data/images/img_03894.jpg,BSJ277
/content/drive/MyDrive/train_data/images/img_02433.jpg,AVW625
/content/drive/MyDrive/train_data/images/img_01384.jpg,ANW196
/content/drive/MyDrive/train_data/images/img_03487.jpg,BKG160
/content/drive/MyDrive/train_data/images/img_05488.jpg,LED5248
/content/drive/MyDrive/train_data/images/img_02790.jpg,AZ7422
/content/drive/MyDrive/train_data/images/img_00659.jpg,AHE115
/content/drive/MyDrive/train_data/images/img_02587.jpg,AWW411
/content/drive/MyDrive/train_data/images/img_00696.jpg,AHM009
/content/drive/MyDrive/train_data/images/img_01400.jpg,ANY735
/content/drive/MyDrive/train_data/images/img_05512.jpg,LED714
/content/drive/MyDrive/train_data/images/img_03554.jpg,BLD363
/content/drive/MyDrive/train_data/images/img_05011.jpg,LE926
/content/drive/MyDrive/train_data/images/img_04627.jpg,DEV670
/content/drive/MyDrive/train_data/images/img_00082.jpg,ABD139
/content/drive/MyDrive/train_data/images/img_04838.jpg,LE130
/content/drive/MyDrive/train_data/images/img_04429.jpg,CAS6152
/content/drive/MyDrive/train_data/images/img_06426.jpg,LEB554
/content/drive/MyDrive/train_data/images/img_04347.jpg,BZQ792
/content/drive/MyDrive/train_data/images/img_00666.jpg,AHF487
/content/drive/MyDrive/train_data/images/img_00923.jpg,AKD988
/content/drive/MyDrive/train_data/images/img_03236.jpg,BEZ924
/content/drive/MyDrive/train_data/images/img_01963.jpg,ASR034
/content/drive/MyDrive/train_data/images/img_05372.jpg,LEC3408
/content/drive/MyDrive/train_data/images/img_05331.jpg,LEB8709
/content/drive/MyDrive/train_data/images/img_02236.jpg,AUP402
/content/drive/MyDrive/train_data/images/img_04278.jpg,BYK638
/content/drive/MyDrive/train_data/images/img_01551.jpg,APZ274
/content/drive/MyDrive/train_data/images/img_05286.jpg,LEB6351
/content/drive/MyDrive/train_data/images/img_04487.jpg,CT4681
/content/drive/MyDrive/train_data/images/img_03593.jpg,BLZ957
/content/drive/MyDrive/train_data/images/img_01718.jpg,ARA633
/content/drive/MyDrive/train_data/images/img_03535.jpg,BKZ877
/content/drive/MyDrive/train_data/images/img_06668.jpg,LEI5259
/content/drive/MyDrive/train_data/images/img_00197.jpg,ACK590
/content/drive/MyDrive/train_data/images/img_05144.jpg,LEA7493
/content/drive/MyDrive/train_data/images/img_00442.jpg,AEZ907
/content/drive/MyDrive/train_data/images/img_04590.jpg,DDD380
/content/drive/MyDrive/train_data/images/img_05642.jpg,LEF2111
/content/drive/MyDrive/train_data/images/img_00277.jpg,ADH022
/content/drive/MyDrive/train_data/images/img_06045.jpg,RW45
/content/drive/MyDrive/train_data/images/img_03645.jpg,BMT322
/content/drive/MyDrive/train_data/images/img_01086.jpg,ALM188
/content/drive/MyDrive/train_data/images/img_03008.jpg,BBS935
/content/drive/MyDrive/train_data/images/img_01829.jpg,ARW204
/content/drive/MyDrive/train_data/images/img_01375.jpg,ANT703
/content/drive/MyDrive/train_data/images/img_05541.jpg,LED9626
/content/drive/MyDrive/train_data/images/img_02605.jpg,AWZ286
/content/drive/MyDrive/train_data/images/img_04843.jpg,LE16
/content/drive/MyDrive/train_data/images/img_04264.jpg,BYD152
/content/drive/MyDrive/train_data/images/img_03005.jpg,BBS245
/content/drive/MyDrive/train_data/images/img_00974.jpg,AKT814
/content/drive/MyDrive/train_data/images/img_06316.jpg,LE9429
/content/drive/MyDrive/train_data/images/img_06094.jpg,US851
/content/drive/MyDrive/train_data/images/img_00576.jpg,AGN154
/content/drive/MyDrive/train_data/images/img_02818.jpg,AZJ707
/content/drive/MyDrive/train_data/images/img_05949.jpg,LXC3838
/content/drive/MyDrive/train_data/images/img_03971.jpg,BTQ176
/content/drive/MyDrive/train_data/images/img_06031.jpg,RGT50
/content/drive/MyDrive/train_data/images/img_00904.jpg,AJY355
/content/drive/MyDrive/train_data/images/img_02504.jpg,AWJ870
/content/drive/MyDrive/train_data/images/img_06050.jpg,SA9328
/content/drive/MyDrive/train_data/images/img_04797.jpg,KB106
/content/drive/MyDrive/train_data/images/img_00745.jpg,AHU542
/content/drive/MyDrive/train_data/images/img_04688.jpg,ED6714
/content/drive/MyDrive/train_data/images/img_06110.jpg,XB846
/content/drive/MyDrive/train_data/images/img_01603.jpg,AQH193
/content/drive/MyDrive/train_data/images/img_02346.jpg,AVC170
/content/drive/MyDrive/train_data/images/img_00007.jpg,AABE567
/content/drive/MyDrive/train_data/images/img_03676.jpg,BNA02
/content/drive/MyDrive/train_data/images/img_00521.jpg,AFX515
/content/drive/MyDrive/train_data/images/img_01206.jpg,AML888
/content/drive/MyDrive/train_data/images/img_04665.jpg,DGV362
/content/drive/MyDrive/train_data/images/img_01549.jpg,APZ197
/content/drive/MyDrive/train_data/images/img_00718.jpg,AHQ475
/content/drive/MyDrive/train_data/images/img_02412.jpg,AVS103
/content/drive/MyDrive/train_data/images/img_02937.jpg,BAU755
/content/drive/MyDrive/train_data/images/img_01461.jpg,APK018
/content/drive/MyDrive/train_data/images/img_04265.jpg,BYD241
/content/drive/MyDrive/train_data/images/img_02301.jpg,AUY580
/content/drive/MyDrive/train_data/images/img_00713.jpg,AHP999
/content/drive/MyDrive/train_data/images/img_01299.jpg,ANC580
/content/drive/MyDrive/train_data/images/img_05277.jpg,LEB5824
/content/drive/MyDrive/train_data/images/img_06353.jpg,LEA5203
/content/drive/MyDrive/train_data/images/img_04248.jpg,BXV984
/content/drive/MyDrive/train_data/images/img_02832.jpg,AZQ181
/content/drive/MyDrive/train_data/images/img_00558.jpg,AGJ809
/content/drive/MyDrive/train_data/images/img_01321.jpg,ANJ612
/content/drive/MyDrive/train_data/images/img_03211.jpg,BER240
/content/drive/MyDrive/train_data/images/img_01378.jpg,ANUS4
/content/drive/MyDrive/train_data/images/img_00413.jpg,AET008
/content/drive/MyDrive/train_data/images/img_04693.jpg,ETS2215
/content/drive/MyDrive/train_data/images/img_03497.jpg,BKK920
/content/drive/MyDrive/train_data/images/img_05649.jpg,LEF3336
/content/drive/MyDrive/train_data/images/img_06510.jpg,LEC814
/content/drive/MyDrive/train_data/images/img_01494.jpg,APP015
/content/drive/MyDrive/train_data/images/img_02155.jpg,AU67
/content/drive/MyDrive/train_data/images/img_00454.jpg,AFE2
/content/drive/MyDrive/train_data/images/img_03547.jpg,BLB620
/content/drive/MyDrive/train_data/images/img_03037.jpg,BCC301
/content/drive/MyDrive/train_data/images/img_05432.jpg,LEC8396
/content/drive/MyDrive/train_data/images/img_03034.jpg,BCB685
/content/drive/MyDrive/train_data/images/img_03317.jpg,BGA240
/content/drive/MyDrive/train_data/images/img_03309.jpg,BG175
/content/drive/MyDrive/train_data/images/img_00726.jpg,AHS266
/content/drive/MyDrive/train_data/images/img_03820.jpg,BQW370
/content/drive/MyDrive/train_data/images/img_03235.jpg,BEZ857
/content/drive/MyDrive/train_data/images/img_00825.jpg,AJH900
/content/drive/MyDrive/train_data/images/img_03948.jpg,BTE162
/content/drive/MyDrive/train_data/images/img_03946.jpg,BTC864
/content/drive/MyDrive/train_data/images/img_03217.jpg,BET622
/content/drive/MyDrive/train_data/images/img_01957.jpg,ASP020
/content/drive/MyDrive/train_data/images/img_03934.jpg,BSX562
/content/drive/MyDrive/train_data/images/img_00081.jpg,ABD
/content/drive/MyDrive/train_data/images/img_00896.jpg,AJW95
/content/drive/MyDrive/train_data/images/img_02464.jpg,AWB297
/content/drive/MyDrive/train_data/images/img_04234.jpg,BXN186
/content/drive/MyDrive/train_data/images/img_05726.jpg,LEH2184
/content/drive/MyDrive/train_data/images/img_00369.jpg,AEE171
/content/drive/MyDrive/train_data/images/img_05998.jpg,MN3582
/content/drive/MyDrive/train_data/images/img_02008.jpg,ASZ683
/content/drive/MyDrive/train_data/images/img_04225.jpg,BXL122
/content/drive/MyDrive/train_data/images/img_05310.jpg,LEB7906
/content/drive/MyDrive/train_data/images/img_03359.jpg,BGS878
/content/drive/MyDrive/train_data/images/img_06362.jpg,LEA6001
/content/drive/MyDrive/train_data/images/img_00771.jpg,AHY585
/content/drive/MyDrive/train_data/images/img_04675.jpg,DK176
/content/drive/MyDrive/train_data/images/img_04474.jpg,CBZ408
/content/drive/MyDrive/train_data/images/img_04207.jpg,BXE427
/content/drive/MyDrive/train_data/images/img_02869.jpg,B2618
/content/drive/MyDrive/train_data/images/img_04802.jpg,KW1
/content/drive/MyDrive/train_data/images/img_05787.jpg,LEH9392
/content/drive/MyDrive/train_data/images/img_05603.jpg,LEE698
/content/drive/MyDrive/train_data/images/img_05779.jpg,LEH8894
/content/drive/MyDrive/train_data/images/img_03949.jpg,BTE70
/content/drive/MyDrive/train_data/images/img_05782.jpg,LEH9006
/content/drive/MyDrive/train_data/images/img_04267.jpg,BYD596
/content/drive/MyDrive/train_data/images/img_05032.jpg,LEA144
/content/drive/MyDrive/train_data/images/img_00711.jpg,AHP668
/content/drive/MyDrive/train_data/images/img_01453.jpg,APJ456
/content/drive/MyDrive/train_data/images/img_03016.jpg,BBV355
/content/drive/MyDrive/train_data/images/img_03668.jpg,BMZ556
/content/drive/MyDrive/train_data/images/img_06591.jpg,LEF2111
/content/drive/MyDrive/train_data/images/img_03903.jpg,BSM497
/content/drive/MyDrive/train_data/images/img_05446.jpg,LEC9810
/content/drive/MyDrive/train_data/images/img_01091.jpg,ALN167
/content/drive/MyDrive/train_data/images/img_05530.jpg,LED845
/content/drive/MyDrive/train_data/images/img_05554.jpg,LEE166
/content/drive/MyDrive/train_data/images/img_01015.jpg,AKZ900
/content/drive/MyDrive/train_data/images/img_06380.jpg,LEA8915
/content/drive/MyDrive/train_data/images/img_06666.jpg,LEI3698
/content/drive/MyDrive/train_data/images/img_00953.jpg,AKN301
/content/drive/MyDrive/train_data/images/img_04043.jpg,BUU137
/content/drive/MyDrive/train_data/images/img_01464.jpg,APK292
/content/drive/MyDrive/train_data/images/img_03957.jpg,BTK137
/content/drive/MyDrive/train_data/images/img_04621.jpg,DEM451
/content/drive/MyDrive/train_data/images/img_00239.jpg,ACW719
/content/drive/MyDrive/train_data/images/img_01150.jpg,ALZ036
/content/drive/MyDrive/train_data/images/img_02772.jpg,AYT46
/content/drive/MyDrive/train_data/images/img_04426.jpg,CAS6152
/content/drive/MyDrive/train_data/images/img_04335.jpg,BZL019
/content/drive/MyDrive/train_data/images/img_03694.jpg,BNR545
/content/drive/MyDrive/train_data/images/img_00106.jpg,ABH497
/content/drive/MyDrive/train_data/images/img_03653.jpg,BMW143
/content/drive/MyDrive/train_data/images/img_01107.jpg,ALS501
/content/drive/MyDrive/train_data/images/img_05783.jpg,LEH9006
/content/drive/MyDrive/train_data/images/img_04504.jpg,DAN276
/content/drive/MyDrive/train_data/images/img_03951.jpg,BTG341
/content/drive/MyDrive/train_data/images/img_03688.jpg,BNH441
/content/drive/MyDrive/train_data/images/img_01409.jpg,AP695
/content/drive/MyDrive/train_data/images/img_01985.jpg,ASV204
/content/drive/MyDrive/train_data/images/img_05665.jpg,LEF5266
/content/drive/MyDrive/train_data/images/img_05902.jpg,LOZ4449
/content/drive/MyDrive/train_data/images/img_05209.jpg,LEB1963
/content/drive/MyDrive/train_data/images/img_01566.jpg,AQB600
/content/drive/MyDrive/train_data/images/img_06266.jpg,LE520
/content/drive/MyDrive/train_data/images/img_04862.jpg,LE275
/content/drive/MyDrive/train_data/images/img_03984.jpg,BTX995
/content/drive/MyDrive/train_data/images/img_06155.jpg,AWW004
/content/drive/MyDrive/train_data/images/img_02153.jpg,AU142
/content/drive/MyDrive/train_data/images/img_02632.jpg,AXB458
/content/drive/MyDrive/train_data/images/img_05505.jpg,LED6382
/content/drive/MyDrive/train_data/images/img_03002.jpg,BBQ567
/content/drive/MyDrive/train_data/images/img_03840.jpg,BRH284
/content/drive/MyDrive/train_data/images/img_03141.jpg,BDK771
/content/drive/MyDrive/train_data/images/img_04442.jpg,CAV1993
/content/drive/MyDrive/train_data/images/img_00359.jpg,AEC43
/content/drive/MyDrive/train_data/images/img_00249.jpg,AD
/content/drive/MyDrive/train_data/images/img_03617.jpg,BMF97
/content/drive/MyDrive/train_data/images/img_04029.jpg,BUP3
/content/drive/MyDrive/train_data/images/img_01687.jpg,AQY045
/content/drive/MyDrive/train_data/images/img_02043.jpg,ATE860
/content/drive/MyDrive/train_data/images/img_06614.jpg,LEF6769
/content/drive/MyDrive/train_data/images/img_02651.jpg,AXF124
/content/drive/MyDrive/train_data/images/img_04031.jpg,BUQ
/content/drive/MyDrive/train_data/images/img_04500.jpg,DAL396
/content/drive/MyDrive/train_data/images/img_04913.jpg,LE5280
/content/drive/MyDrive/train_data/images/img_03494.jpg,BKK515
/content/drive/MyDrive/train_data/images/img_05824.jpg,LES3317
/content/drive/MyDrive/train_data/images/img_00608.jpg,AGU245
/content/drive/MyDrive/train_data/images/img_06212.jpg,FSB4484
/content/drive/MyDrive/train_data/images/img_02887.jpg,BAB991
/content/drive/MyDrive/train_data/images/img_04339.jpg,BZN093
/content/drive/MyDrive/train_data/images/img_04121.jpg,BVX920
/content/drive/MyDrive/train_data/images/img_03486.jpg,BKG113
/content/drive/MyDrive/train_data/images/img_05837.jpg,LES7148
/content/drive/MyDrive/train_data/images/img_05912.jpg,LRG2299
/content/drive/MyDrive/train_data/images/img_01747.jpg,ARF306
/content/drive/MyDrive/train_data/images/img_03156.jpg,BDW113
/content/drive/MyDrive/train_data/images/img_04458.jpg,CB1514
/content/drive/MyDrive/train_data/images/img_04875.jpg,LE3536
/content/drive/MyDrive/train_data/images/img_01617.jpg,AQJ530
/content/drive/MyDrive/train_data/images/img_01774.jpg,ARK787
/content/drive/MyDrive/train_data/images/img_02972.jpg,BBG028
/content/drive/MyDrive/train_data/images/img_03376.jpg,BGW186
/content/drive/MyDrive/train_data/images/img_00207.jpg,ACM944
/content/drive/MyDrive/train_data/images/img_05800.jpg,LEJ1183
/content/drive/MyDrive/train_data/images/img_05178.jpg,LEA8764
/content/drive/MyDrive/train_data/images/img_00501.jpg,AFR420
/content/drive/MyDrive/train_data/images/img_06730.jpg,MN3580
/content/drive/MyDrive/train_data/images/img_05466.jpg,LED2550
/content/drive/MyDrive/train_data/images/img_00527.jpg,AG65
/content/drive/MyDrive/train_data/images/img_01816.jpg,ARU800
/content/drive/MyDrive/train_data/images/img_02645.jpg,AXD768
/content/drive/MyDrive/train_data/images/img_00809.jpg,AJE617
/content/drive/MyDrive/train_data/images/img_00264.jpg,ADC507
/content/drive/MyDrive/train_data/images/img_00089.jpg,ABD792
/content/drive/MyDrive/train_data/images/img_00307.jpg,ADQ975
/content/drive/MyDrive/train_data/images/img_01060.jpg,ALH288
/content/drive/MyDrive/train_data/images/img_02400.jpg,AVP121
/content/drive/MyDrive/train_data/images/img_06272.jpg,LE5828
/content/drive/MyDrive/train_data/images/img_06519.jpg,LEC9752
/content/drive/MyDrive/train_data/images/img_03384.jpg,BH0058
/content/drive/MyDrive/train_data/images/img_02581.jpg,AWV993
/content/drive/MyDrive/train_data/images/img_04650.jpg,DFU328
/content/drive/MyDrive/train_data/images/img_01640.jpg,AQP805
/content/drive/MyDrive/train_data/images/img_06486.jpg,LEC3333
/content/drive/MyDrive/train_data/images/img_04919.jpg,LE554
/content/drive/MyDrive/train_data/images/img_04800.jpg,KS7007
/content/drive/MyDrive/train_data/images/img_00252.jpg,AD792
/content/drive/MyDrive/train_data/images/img_03959.jpg,BTM457
/content/drive/MyDrive/train_data/images/img_00497.jpg,AFR060
/content/drive/MyDrive/train_data/images/img_05332.jpg,LEB8884
/content/drive/MyDrive/train_data/images/img_00417.jpg,AET353
/content/drive/MyDrive/train_data/images/img_03507.jpg,BKR275
/content/drive/MyDrive/train_data/images/img_00387.jpg,AEL880
/content/drive/MyDrive/train_data/images/img_01023.jpg,ALA513
/content/drive/MyDrive/train_data/images/img_03650.jpg,BMV134
/content/drive/MyDrive/train_data/images/img_06662.jpg,LEH9377
/content/drive/MyDrive/train_data/images/img_05390.jpg,LEC43
/content/drive/MyDrive/train_data/images/img_06494.jpg,LEC4670
/content/drive/MyDrive/train_data/images/img_00127.jpg,ABS142
/content/drive/MyDrive/train_data/images/img_06731.jpg,MNA244
/content/drive/MyDrive/train_data/images/img_05478.jpg,LED3627
/content/drive/MyDrive/train_data/images/img_05167.jpg,LEA8494
/content/drive/MyDrive/train_data/images/img_06582.jpg,LEE8263
/content/drive/MyDrive/train_data/images/img_06097.jpg,VA155
/content/drive/MyDrive/train_data/images/img_02103.jpg,ATS438
/content/drive/MyDrive/train_data/images/img_05815.jpg,LES1542
/content/drive/MyDrive/train_data/images/img_06070.jpg,SAM644
/content/drive/MyDrive/train_data/images/img_04041.jpg,BUT830
/content/drive/MyDrive/train_data/images/img_03189.jpg,BEJ81
/content/drive/MyDrive/train_data/images/img_05905.jpg,LRB1500
/content/drive/MyDrive/train_data/images/img_01342.jpg,ANP45
/content/drive/MyDrive/train_data/images/img_04482.jpg,CMA307
/content/drive/MyDrive/train_data/images/img_00165.jpg,ACB777
/content/drive/MyDrive/train_data/images/img_02471.jpg,AWC809
/content/drive/MyDrive/train_data/images/img_05514.jpg,LED7309
/content/drive/MyDrive/train_data/images/img_02810.jpg,AZF549
/content/drive/MyDrive/train_data/images/img_06525.jpg,LED1979
/content/drive/MyDrive/train_data/images/img_04475.jpg,CCG425
/content/drive/MyDrive/train_data/images/img_05168.jpg,LEA8494
/content/drive/MyDrive/train_data/images/img_06324.jpg,LEA17
/content/drive/MyDrive/train_data/images/img_01897.jpg,ASE808
/content/drive/MyDrive/train_data/images/img_04179.jpg,BWW549
/content/drive/MyDrive/train_data/images/img_03476.jpg,BK5589
/content/drive/MyDrive/train_data/images/img_00850.jpg,AJN344
/content/drive/MyDrive/train_data/images/img_05911.jpg,LRE5344
/content/drive/MyDrive/train_data/images/img_02195.jpg,AUF781
/content/drive/MyDrive/train_data/images/img_00494.jpg,AFR026
/content/drive/MyDrive/train_data/images/img_04262.jpg,BYC135
/content/drive/MyDrive/train_data/images/img_04871.jpg,LE3247
/content/drive/MyDrive/train_data/images/img_04067.jpg,BVB720
/content/drive/MyDrive/train_data/images/img_05222.jpg,LEB285
/content/drive/MyDrive/train_data/images/img_03517.jpg,BKU061
/content/drive/MyDrive/train_data/images/img_00432.jpg,AEX798
/content/drive/MyDrive/train_data/images/img_05621.jpg,LEE8797
/content/drive/MyDrive/train_data/images/img_05772.jpg,LEH7725
/content/drive/MyDrive/train_data/images/img_02394.jpg,AVN125
/content/drive/MyDrive/train_data/images/img_04113.jpg,BVU652
/content/drive/MyDrive/train_data/images/img_00830.jpg,AJJ988
/content/drive/MyDrive/train_data/images/img_04326.jpg,BZE359
/content/drive/MyDrive/train_data/images/img_00956.jpg,AKN523
/content/drive/MyDrive/train_data/images/img_01113.jpg,ALT460
/content/drive/MyDrive/train_data/images/img_01854.jpg,ARZ367
/content/drive/MyDrive/train_data/images/img_01302.jpg,ANC917
/content/drive/MyDrive/train_data/images/img_03813.jpg,BQV12
/content/drive/MyDrive/train_data/images/img_03660.jpg,BMX428
/content/drive/MyDrive/train_data/images/img_05974.jpg,LZU561
/content/drive/MyDrive/train_data/images/img_01069.jpg,ALJ182
/content/drive/MyDrive/train_data/images/img_02922.jpg,BAL377
/content/drive/MyDrive/train_data/images/img_00969.jpg,AKS872
/content/drive/MyDrive/train_data/images/img_05752.jpg,LEH543
/content/drive/MyDrive/train_data/images/img_04427.jpg,CAS6152
/content/drive/MyDrive/train_data/images/img_01781.jpg,ARM186
/content/drive/MyDrive/train_data/images/img_06462.jpg,LEB9179
/content/drive/MyDrive/train_data/images/img_02325.jpg,AV676
/content/drive/MyDrive/train_data/images/img_02424.jpg,AVU155
/content/drive/MyDrive/train_data/images/img_04317.jpg,BZA057
/content/drive/MyDrive/train_data/images/img_01615.jpg,AQJ491
/content/drive/MyDrive/train_data/images/img_06483.jpg,LEC2590
/content/drive/MyDrive/train_data/images/img_00546.jpg,AGF692
/content/drive/MyDrive/train_data/images/img_05549.jpg,LEE1276
/content/drive/MyDrive/train_data/images/img_04722.jpg,FT876
/content/drive/MyDrive/train_data/images/img_05275.jpg,LEB5682
/content/drive/MyDrive/train_data/images/img_06141.jpg,AKG66
/content/drive/MyDrive/train_data/images/img_03253.jpg,BFE427
/content/drive/MyDrive/train_data/images/img_04298.jpg,BYW537
/content/drive/MyDrive/train_data/images/img_02870.jpg,BA05
/content/drive/MyDrive/train_data/images/img_01691.jpg,AQY40
/content/drive/MyDrive/train_data/images/img_02128.jpg,ATY126
/content/drive/MyDrive/train_data/images/img_00948.jpg,AKL843
/content/drive/MyDrive/train_data/images/img_05411.jpg,LEC6378
/content/drive/MyDrive/train_data/images/img_05359.jpg,LEC1793
/content/drive/MyDrive/train_data/images/img_01146.jpg,ALY602
/content/drive/MyDrive/train_data/images/img_05694.jpg,LEF8006
/content/drive/MyDrive/train_data/images/img_00245.jpg,ACZ498
/content/drive/MyDrive/train_data/images/img_02015.jpg,ATA755
/content/drive/MyDrive/train_data/images/img_01719.jpg,ARA998
/content/drive/MyDrive/train_data/images/img_00975.jpg,AKT814
/content/drive/MyDrive/train_data/images/img_02170.jpg,AUB406
/content/drive/MyDrive/train_data/images/img_04698.jpg,EX063
/content/drive/MyDrive/train_data/images/img_00425.jpg,AEU836
/content/drive/MyDrive/train_data/images/img_01259.jpg,AMV415
/content/drive/MyDrive/train_data/images/img_04104.jpg,BVM701
/content/drive/MyDrive/train_data/images/img_06167.jpg,BBT
/content/drive/MyDrive/train_data/images/img_00005.jpg,AAAQ626
/content/drive/MyDrive/train_data/images/img_02994.jpg,BBM047
/content/drive/MyDrive/train_data/images/img_04574.jpg,DCV356
/content/drive/MyDrive/train_data/images/img_03420.jpg,BHR640
/content/drive/MyDrive/train_data/images/img_02604.jpg,AWZ27
/content/drive/MyDrive/train_data/images/img_04390.jpg,CAJ9742
/content/drive/MyDrive/train_data/images/img_02218.jpg,AUL757
/content/drive/MyDrive/train_data/images/img_00954.jpg,AKN505
/content/drive/MyDrive/train_data/images/img_00097.jpg,ABF151
/content/drive/MyDrive/train_data/images/img_01679.jpg,AQW481
/content/drive/MyDrive/train_data/images/img_03988.jpg,BTY633
/content/drive/MyDrive/train_data/images/img_05362.jpg,LEC2017
/content/drive/MyDrive/train_data/images/img_04637.jpg,DFK398
/content/drive/MyDrive/train_data/images/img_04007.jpg,BUD740
/content/drive/MyDrive/train_data/images/img_03706.jpg,BNT851
/content/drive/MyDrive/train_data/images/img_06609.jpg,LEF6010
/content/drive/MyDrive/train_data/images/img_05281.jpg,LEB6081
/content/drive/MyDrive/train_data/images/img_01508.jpg,APR351
/content/drive/MyDrive/train_data/images/img_01900.jpg,ASE880
/content/drive/MyDrive/train_data/images/img_04090.jpg,BVH313
/content/drive/MyDrive/train_data/images/img_02550.jpg,AWS190
/content/drive/MyDrive/train_data/images/img_01244.jpg,AMT240
/content/drive/MyDrive/train_data/images/img_04905.jpg,LE500
/content/drive/MyDrive/train_data/images/img_01194.jpg,AMJ925
/content/drive/MyDrive/train_data/images/img_00821.jpg,AJH470
/content/drive/MyDrive/train_data/images/img_03263.jpg,BFF416
/content/drive/MyDrive/train_data/images/img_00032.jpg,AAH013
/content/drive/MyDrive/train_data/images/img_01870.jpg,ASA982
/content/drive/MyDrive/train_data/images/img_04763.jpg,GBN897
/content/drive/MyDrive/train_data/images/img_06259.jpg,LE4465
/content/drive/MyDrive/train_data/images/img_03480.jpg,BKA898
/content/drive/MyDrive/train_data/images/img_01272.jpg,AMX240
/content/drive/MyDrive/train_data/images/img_01156.jpg,AM135
/content/drive/MyDrive/train_data/images/img_06724.jpg,LZM8972
/content/drive/MyDrive/train_data/images/img_00282.jpg,ADJ423
/content/drive/MyDrive/train_data/images/img_01642.jpg,AQQ270
/content/drive/MyDrive/train_data/images/img_06676.jpg,LES6240
/content/drive/MyDrive/train_data/images/img_02112.jpg,ATU912
/content/drive/MyDrive/train_data/images/img_00914.jpg,AKB499
/content/drive/MyDrive/train_data/images/img_04027.jpg,BUM418
/content/drive/MyDrive/train_data/images/img_04613.jpg,DEK321
/content/drive/MyDrive/train_data/images/img_06697.jpg,LEU4687
/content/drive/MyDrive/train_data/images/img_02056.jpg,ATH100
/content/drive/MyDrive/train_data/images/img_05702.jpg,LEF9062
/content/drive/MyDrive/train_data/images/img_01527.jpg,APU900
/content/drive/MyDrive/train_data/images/img_02341.jpg,AVB941
/content/drive/MyDrive/train_data/images/img_05316.jpg,LEB8125
/content/drive/MyDrive/train_data/images/img_05540.jpg,LED9626
/content/drive/MyDrive/train_data/images/img_04678.jpg,DV618
/content/drive/MyDrive/train_data/images/img_01704.jpg,AQZ558
/content/drive/MyDrive/train_data/images/img_03115.jpg,BDE154
/content/drive/MyDrive/train_data/images/img_01318.jpg,ANH023
/content/drive/MyDrive/train_data/images/img_04242.jpg,BXR450
/content/drive/MyDrive/train_data/images/img_01717.jpg,ARA346
/content/drive/MyDrive/train_data/images/img_02685.jpg,AXQ855
/content/drive/MyDrive/train_data/images/img_06178.jpg,BH5980
/content/drive/MyDrive/train_data/images/img_02264.jpg,AUT263
/content/drive/MyDrive/train_data/images/img_00144.jpg,ABX769
/content/drive/MyDrive/train_data/images/img_00733.jpg,AHT259
/content/drive/MyDrive/train_data/images/img_04682.jpg,EAB260
/content/drive/MyDrive/train_data/images/img_01568.jpg,AQB892
/content/drive/MyDrive/train_data/images/img_04588.jpg,DDB112
/content/drive/MyDrive/train_data/images/img_01932.jpg,ASJ878
/content/drive/MyDrive/train_data/images/img_05976.jpg,LZW666
/content/drive/MyDrive/train_data/images/img_03025.jpg,BBZ417
/content/drive/MyDrive/train_data/images/img_03746.jpg,BPS592
/content/drive/MyDrive/train_data/images/img_00180.jpg,ACF445
/content/drive/MyDrive/train_data/images/img_03258.jpg,BFE717
/content/drive/MyDrive/train_data/images/img_04217.jpg,BXJ819
/content/drive/MyDrive/train_data/images/img_00935.jpg,AKG381
/content/drive/MyDrive/train_data/images/img_04123.jpg,BVY057
/content/drive/MyDrive/train_data/images/img_02960.jpg,BB552
/content/drive/MyDrive/train_data/images/img_04296.jpg,BYW259
/content/drive/MyDrive/train_data/images/img_04814.jpg,LAJ145
/content/drive/MyDrive/train_data/images/img_06089.jpg,UK075
/content/drive/MyDrive/train_data/images/img_06698.jpg,LEU4888
/content/drive/MyDrive/train_data/images/img_05024.jpg,LE9988
/content/drive/MyDrive/train_data/images/img_04307.jpg,BYY588
/content/drive/MyDrive/train_data/images/img_04670.jpg,DGX170
/content/drive/MyDrive/train_data/images/img_05761.jpg,LEH648
/content/drive/MyDrive/train_data/images/img_04093.jpg,BVH480
/content/drive/MyDrive/train_data/images/img_00227.jpg,ACT450
/content/drive/MyDrive/train_data/images/img_05454.jpg,LED1261
/content/drive/MyDrive/train_data/images/img_06448.jpg,LEB797
/content/drive/MyDrive/train_data/images/img_04420.jpg,CAS1130
/content/drive/MyDrive/train_data/images/img_04281.jpg,BYN734
/content/drive/MyDrive/train_data/images/img_05975.jpg,LZV6622
/content/drive/MyDrive/train_data/images/img_05347.jpg,LEC1210
/content/drive/MyDrive/train_data/images/img_05619.jpg,LEE8589
/content/drive/MyDrive/train_data/images/img_02917.jpg,BAK397
/content/drive/MyDrive/train_data/images/img_01077.jpg,ALK374
/content/drive/MyDrive/train_data/images/img_00261.jpg,ADB208
/content/drive/MyDrive/train_data/images/img_06274.jpg,LE5863
/content/drive/MyDrive/train_data/images/img_01114.jpg,ALT470
/content/drive/MyDrive/train_data/images/img_03229.jpg,BEY77
/content/drive/MyDrive/train_data/images/img_01372.jpg,ANT420
/content/drive/MyDrive/train_data/images/img_06417.jpg,LEB5109
/content/drive/MyDrive/train_data/images/img_00483.jpg,AFN500
/content/drive/MyDrive/train_data/images/img_03278.jpg,BFK465
/content/drive/MyDrive/train_data/images/img_05509.jpg,LED688
/content/drive/MyDrive/train_data/images/img_03203.jpg,BEM515
/content/drive/MyDrive/train_data/images/img_03416.jpg,BHN705
/content/drive/MyDrive/train_data/images/img_01061.jpg,ALH480
/content/drive/MyDrive/train_data/images/img_03711.jpg,BNU915
/content/drive/MyDrive/train_data/images/img_02118.jpg,ATW392
/content/drive/MyDrive/train_data/images/img_05229.jpg,LEB343
/content/drive/MyDrive/train_data/images/img_01420.jpg,APB777
/content/drive/MyDrive/train_data/images/img_04510.jpg,DAT310
/content/drive/MyDrive/train_data/images/img_06357.jpg,LEA5428
/content/drive/MyDrive/train_data/images/img_00046.jpg,AAL829
/content/drive/MyDrive/train_data/images/img_03292.jpg,BFS6
/content/drive/MyDrive/train_data/images/img_05273.jpg,LEB5513
/content/drive/MyDrive/train_data/images/img_02899.jpg,BAE037
/content/drive/MyDrive/train_data/images/img_00051.jpg,AAP795
/content/drive/MyDrive/train_data/images/img_00489.jpg,AFP310
/content/drive/MyDrive/train_data/images/img_04631.jpg,DFB927
/content/drive/MyDrive/train_data/images/img_03866.jpg,BRV575
/content/drive/MyDrive/train_data/images/img_06675.jpg,LES5418
/content/drive/MyDrive/train_data/images/img_06238.jpg,LE1640
/content/drive/MyDrive/train_data/images/img_00225.jpg,ACT364
/content/drive/MyDrive/train_data/images/img_05491.jpg,LED5400
/content/drive/MyDrive/train_data/images/img_02507.jpg,AWJ937
/content/drive/MyDrive/train_data/images/img_01857.jpg,ARZ387
/content/drive/MyDrive/train_data/images/img_03550.jpg,BLC542
/content/drive/MyDrive/train_data/images/img_04767.jpg,GNC94
/content/drive/MyDrive/train_data/images/img_00353.jpg,AEA7
/content/drive/MyDrive/train_data/images/img_05163.jpg,LEA8144
/content/drive/MyDrive/train_data/images/img_05131.jpg,LEA6412
/content/drive/MyDrive/train_data/images/img_04240.jpg,BXR122
/content/drive/MyDrive/train_data/images/img_02989.jpg,BBJ446
/content/drive/MyDrive/train_data/images/img_06725.jpg,LZQ492
/content/drive/MyDrive/train_data/images/img_02861.jpg,AZZ020
/content/drive/MyDrive/train_data/images/img_05013.jpg,LE9332
/content/drive/MyDrive/train_data/images/img_00270.jpg,ADE847
/content/drive/MyDrive/train_data/images/img_02634.jpg,AXB925
/content/drive/MyDrive/train_data/images/img_02789.jpg,AZ5450
/content/drive/MyDrive/train_data/images/img_03912.jpg,BSS018
/content/drive/MyDrive/train_data/images/img_02598.jpg,AWY627
/content/drive/MyDrive/train_data/images/img_02402.jpg,AVP154
/content/drive/MyDrive/train_data/images/img_01600.jpg,AQG868
/content/drive/MyDrive/train_data/images/img_06642.jpg,LEH2222
/content/drive/MyDrive/train_data/images/img_03051.jpg,BCE244
/content/drive/MyDrive/train_data/images/img_00636.jpg,AH890
/content/drive/MyDrive/train_data/images/img_05513.jpg,LED7207
/content/drive/MyDrive/train_data/images/img_02094.jpg,ATP268
/content/drive/MyDrive/train_data/images/img_04102.jpg,BVL951
/content/drive/MyDrive/train_data/images/img_05204.jpg,LEB1771
/content/drive/MyDrive/train_data/images/img_06253.jpg,LE3736
/content/drive/MyDrive/train_data/images/img_04812.jpg,LA747
/content/drive/MyDrive/train_data/images/img_05017.jpg,LE9728
/content/drive/MyDrive/train_data/images/img_03135.jpg,BDJ666
/content/drive/MyDrive/train_data/images/img_03378.jpg,BGW623
/content/drive/MyDrive/train_data/images/img_02197.jpg,AUF781
/content/drive/MyDrive/train_data/images/img_03500.jpg,BKK976
/content/drive/MyDrive/train_data/images/img_03204.jpg,BEM521
/content/drive/MyDrive/train_data/images/img_06502.jpg,LEC6536
/content/drive/MyDrive/train_data/images/img_02874.jpg,BA53
/content/drive/MyDrive/train_data/images/img_01734.jpg,ARD955
/content/drive/MyDrive/train_data/images/img_01701.jpg,AQZ148
/content/drive/MyDrive/train_data/images/img_05737.jpg,LEH3411
/content/drive/MyDrive/train_data/images/img_02918.jpg,BAL021
/content/drive/MyDrive/train_data/images/img_02574.jpg,AWV511
/content/drive/MyDrive/train_data/images/img_04148.jpg,BWG243
/content/drive/MyDrive/train_data/images/img_03613.jpg,BMD85
/content/drive/MyDrive/train_data/images/img_04456.jpg,CAX7003
/content/drive/MyDrive/train_data/images/img_03974.jpg,BTQ542
/content/drive/MyDrive/train_data/images/img_00163.jpg,ACB720
/content/drive/MyDrive/train_data/images/img_00883.jpg,AJU975
/content/drive/MyDrive/train_data/images/img_06165.jpg,BBJ748
/content/drive/MyDrive/train_data/images/img_00056.jpg,AAS243
/content/drive/MyDrive/train_data/images/img_00276.jpg,ADG487
/content/drive/MyDrive/train_data/images/img_02405.jpg,AVP971
/content/drive/MyDrive/train_data/images/img_05826.jpg,LES3681
/content/drive/MyDrive/train_data/images/img_00298.jpg,ADP217
/content/drive/MyDrive/train_data/images/img_04277.jpg,BYK608
/content/drive/MyDrive/train_data/images/img_00707.jpg,AHN713
/content/drive/MyDrive/train_data/images/img_02797.jpg,AZC191
/content/drive/MyDrive/train_data/images/img_03353.jpg,BGR683
/content/drive/MyDrive/train_data/images/img_01496.jpg,APP247
/content/drive/MyDrive/train_data/images/img_01723.jpg,ARB757
/content/drive/MyDrive/train_data/images/img_02328.jpg,AVA072
/content/drive/MyDrive/train_data/images/img_01584.jpg,AQD312
/content/drive/MyDrive/train_data/images/img_03750.jpg,BPS970
/content/drive/MyDrive/train_data/images/img_01296.jpg,ANB655
/content/drive/MyDrive/train_data/images/img_04227.jpg,BXL464
/content/drive/MyDrive/train_data/images/img_00049.jpg,AAP108
/content/drive/MyDrive/train_data/images/img_04422.jpg,CAS6152
/content/drive/MyDrive/train_data/images/img_04714.jpg,FLR4975
/content/drive/MyDrive/train_data/images/img_06088.jpg,UI574
/content/drive/MyDrive/train_data/images/img_04611.jpg,DED533
/content/drive/MyDrive/train_data/images/img_06425.jpg,LEB5513
/content/drive/MyDrive/train_data/images/img_03937.jpg,BT525
/content/drive/MyDrive/train_data/images/img_00461.jpg,AFG293
/content/drive/MyDrive/train_data/images/img_01580.jpg,AQC868
/content/drive/MyDrive/train_data/images/img_03397.jpg,BHA462
/content/drive/MyDrive/train_data/images/img_05596.jpg,LEE6480
/content/drive/MyDrive/train_data/images/img_00223.jpg,ACS591
/content/drive/MyDrive/train_data/images/img_02646.jpg,AXD803
/content/drive/MyDrive/train_data/images/img_03553.jpg,BLD360
/content/drive/MyDrive/train_data/images/img_01604.jpg,AQH342
/content/drive/MyDrive/train_data/images/img_06711.jpg,LRH2500
/content/drive/MyDrive/train_data/images/img_06454.jpg,LEB8386
/content/drive/MyDrive/train_data/images/img_02087.jpg,ATN312
/content/drive/MyDrive/train_data/images/img_02485.jpg,AWF571
/content/drive/MyDrive/train_data/images/img_02120.jpg,ATW392
/content/drive/MyDrive/train_data/images/img_00841.jpg,AJM113
/content/drive/MyDrive/train_data/images/img_04955.jpg,LE6808
/content/drive/MyDrive/train_data/images/img_02696.jpg,AXT727
/content/drive/MyDrive/train_data/images/img_00109.jpg,ABH986
/content/drive/MyDrive/train_data/images/img_03560.jpg,BLG166
/content/drive/MyDrive/train_data/images/img_01167.jpg,AMB840
/content/drive/MyDrive/train_data/images/img_02488.jpg,AWG060
/content/drive/MyDrive/train_data/images/img_02953.jpg,BAZ099
/content/drive/MyDrive/train_data/images/img_04993.jpg,LE856
/content/drive/MyDrive/train_data/images/img_04145.jpg,BWF095
/content/drive/MyDrive/train_data/images/img_05662.jpg,LEF4580
/content/drive/MyDrive/train_data/images/img_05671.jpg,LEF6399
/content/drive/MyDrive/train_data/images/img_00345.jpg,ADZ141
/content/drive/MyDrive/train_data/images/img_05656.jpg,LEF406
/content/drive/MyDrive/train_data/images/img_01134.jpg,ALX031
/content/drive/MyDrive/train_data/images/img_01014.jpg,AKZ863
/content/drive/MyDrive/train_data/images/img_00572.jpg,AGL582
/content/drive/MyDrive/train_data/images/img_03411.jpg,BHL436
/content/drive/MyDrive/train_data/images/img_04443.jpg,CAV398
/content/drive/MyDrive/train_data/images/img_05597.jpg,LEE6595
/content/drive/MyDrive/train_data/images/img_03401.jpg,BHC303
/content/drive/MyDrive/train_data/images/img_03548.jpg,BLB621
/content/drive/MyDrive/train_data/images/img_02414.jpg,AVS129
/content/drive/MyDrive/train_data/images/img_00504.jpg,AFS277
/content/drive/MyDrive/train_data/images/img_03584.jpg,BLS917
/content/drive/MyDrive/train_data/images/img_04667.jpg,DGV415
/content/drive/MyDrive/train_data/images/img_06438.jpg,LEB6832
/content/drive/MyDrive/train_data/images/img_05345.jpg,LEBH546
/content/drive/MyDrive/train_data/images/img_00889.jpg,AJW027
/content/drive/MyDrive/train_data/images/img_01812.jpg,ARU172
/content/drive/MyDrive/train_data/images/img_02812.jpg,AZF890
/content/drive/MyDrive/train_data/images/img_03323.jpg,BGD469
/content/drive/MyDrive/train_data/images/img_01686.jpg,AQX948
/content/drive/MyDrive/train_data/images/img_00620.jpg,AGV512
/content/drive/MyDrive/train_data/images/img_03064.jpg,BCK559
/content/drive/MyDrive/train_data/images/img_02572.jpg,AWV349
/content/drive/MyDrive/train_data/images/img_00872.jpg,AJT614
/content/drive/MyDrive/train_data/images/img_04063.jpg,BVA956
/content/drive/MyDrive/train_data/images/img_05377.jpg,LEC3544
/content/drive/MyDrive/train_data/images/img_01802.jpg,ARR475
/content/drive/MyDrive/train_data/images/img_00672.jpg,AHG172
/content/drive/MyDrive/train_data/images/img_03542.jpg,BL751
/content/drive/MyDrive/train_data/images/img_03604.jpg,BMB102
/content/drive/MyDrive/train_data/images/img_00034.jpg,AAH123
/content/drive/MyDrive/train_data/images/img_02307.jpg,AUZ043
/content/drive/MyDrive/train_data/images/img_06325.jpg,LEA1758
/content/drive/MyDrive/train_data/images/img_00280.jpg,ADHN70
/content/drive/MyDrive/train_data/images/img_00585.jpg,AGP889
/content/drive/MyDrive/train_data/images/img_03519.jpg,BKV15
/content/drive/MyDrive/train_data/images/img_02627.jpg,AXB202
/content/drive/MyDrive/train_data/images/img_00545.jpg,AGF507
/content/drive/MyDrive/train_data/images/img_03084.jpg,BCS857
/content/drive/MyDrive/train_data/images/img_01567.jpg,AQB666
/content/drive/MyDrive/train_data/images/img_06370.jpg,LEA7465
/content/drive/MyDrive/train_data/images/img_03945.jpg,BTB396
/content/drive/MyDrive/train_data/images/img_01505.jpg,APQ738
/content/drive/MyDrive/train_data/images/img_03463.jpg,BJQ689
/content/drive/MyDrive/train_data/images/img_04109.jpg,BVS412
/content/drive/MyDrive/train_data/images/img_03992.jpg,BTZ316
/content/drive/MyDrive/train_data/images/img_06600.jpg,LEF382
/content/drive/MyDrive/train_data/images/img_00365.jpg,AED622
/content/drive/MyDrive/train_data/images/img_05792.jpg,LEH9978
/content/drive/MyDrive/train_data/images/img_06282.jpg,LE6867
/content/drive/MyDrive/train_data/images/img_00290.jpg,ADL686
/content/drive/MyDrive/train_data/images/img_05526.jpg,LED83
/content/drive/MyDrive/train_data/images/img_00541.jpg,AGE562
/content/drive/MyDrive/train_data/images/img_02842.jpg,AZV24
/content/drive/MyDrive/train_data/images/img_01729.jpg,ARC727
/content/drive/MyDrive/train_data/images/img_04209.jpg,BXE427
/content/drive/MyDrive/train_data/images/img_03231.jpg,BEY873
/content/drive/MyDrive/train_data/images/img_06616.jpg,LEF7057
/content/drive/MyDrive/train_data/images/img_00033.jpg,AAH029
/content/drive/MyDrive/train_data/images/img_05240.jpg,LEB3921
/content/drive/MyDrive/train_data/images/img_06218.jpg,GBB853
/content/drive/MyDrive/train_data/images/img_02785.jpg,AYY246
/content/drive/MyDrive/train_data/images/img_02127.jpg,ATY033
/content/drive/MyDrive/train_data/images/img_00926.jpg,AKE701
/content/drive/MyDrive/train_data/images/img_02431.jpg,AVW425
/content/drive/MyDrive/train_data/images/img_03291.jpg,BFS359
/content/drive/MyDrive/train_data/images/img_00319.jpg,ADS827
/content/drive/MyDrive/train_data/images/img_04794.jpg,JTM723
/content/drive/MyDrive/train_data/images/img_00874.jpg,AJT814
/content/drive/MyDrive/train_data/images/img_06537.jpg,LED6789
/content/drive/MyDrive/train_data/images/img_00389.jpg,AEL991
/content/drive/MyDrive/train_data/images/img_05686.jpg,LEF744
/content/drive/MyDrive/train_data/images/img_00373.jpg,AEF118
/content/drive/MyDrive/train_data/images/img_02684.jpg,AXQ855
/content/drive/MyDrive/train_data/images/img_01758.jpg,ARH677
/content/drive/MyDrive/train_data/images/img_00959.jpg,AKP038
/content/drive/MyDrive/train_data/images/img_03093.jpg,BCX341
/content/drive/MyDrive/train_data/images/img_06215.jpg,G099
/content/drive/MyDrive/train_data/images/img_06531.jpg,LED4120
/content/drive/MyDrive/train_data/images/img_06023.jpg,RA126
/content/drive/MyDrive/train_data/images/img_02562.jpg,AWU239
/content/drive/MyDrive/train_data/images/img_01623.jpg,AQK451
/content/drive/MyDrive/train_data/images/img_04651.jpg,DFV126
/content/drive/MyDrive/train_data/images/img_00677.jpg,AHH274
/content/drive/MyDrive/train_data/images/img_06379.jpg,LEA8764
/content/drive/MyDrive/train_data/images/img_06520.jpg,LED106
/content/drive/MyDrive/train_data/images/img_01523.jpg,APU380
/content/drive/MyDrive/train_data/images/img_04558.jpg,DCL710
/content/drive/MyDrive/train_data/images/img_04567.jpg,DCT076
/content/drive/MyDrive/train_data/images/img_04900.jpg,LE4686
/content/drive/MyDrive/train_data/images/img_05632.jpg,LEF102
/content/drive/MyDrive/train_data/images/img_03909.jpg,BSP657
/content/drive/MyDrive/train_data/images/img_04449.jpg,CAV9774
/content/drive/MyDrive/train_data/images/img_00651.jpg,AHB701
/content/drive/MyDrive/train_data/images/img_06648.jpg,LEH5172
/content/drive/MyDrive/train_data/images/img_05352.jpg,LEC1400
/content/drive/MyDrive/train_data/images/img_00540.jpg,AGE280
/content/drive/MyDrive/train_data/images/img_02820.jpg,AZJ707
/content/drive/MyDrive/train_data/images/img_04890.jpg,LE413
/content/drive/MyDrive/train_data/images/img_04356.jpg,BZT540
/content/drive/MyDrive/train_data/images/img_00002.jpg,AAA102
/content/drive/MyDrive/train_data/images/img_01869.jpg,ASA941
/content/drive/MyDrive/train_data/images/img_04873.jpg,LE3380
/content/drive/MyDrive/train_data/images/img_05510.jpg,LED708
/content/drive/MyDrive/train_data/images/img_04268.jpg,BYE061
/content/drive/MyDrive/train_data/images/img_04614.jpg,DEK941
/content/drive/MyDrive/train_data/images/img_01882.jpg,ASC701
/content/drive/MyDrive/train_data/images/img_03783.jpg,BQB926
/content/drive/MyDrive/train_data/images/img_05046.jpg,LEA2017
/content/drive/MyDrive/train_data/images/img_05099.jpg,LEA4447
/content/drive/MyDrive/train_data/images/img_00188.jpg,ACH441
/content/drive/MyDrive/train_data/images/img_03990.jpg,BTYN252
/content/drive/MyDrive/train_data/images/img_04137.jpg,BWB869
/content/drive/MyDrive/train_data/images/img_05887.jpg,LEY3247
/content/drive/MyDrive/train_data/images/img_05035.jpg,LEA16
/content/drive/MyDrive/train_data/images/img_03228.jpg,BEY469
/content/drive/MyDrive/train_data/images/img_01987.jpg,ASV517
/content/drive/MyDrive/train_data/images/img_05785.jpg,LEH920
/content/drive/MyDrive/train_data/images/img_00534.jpg,AGC259
/content/drive/MyDrive/train_data/images/img_04377.jpg,CAB4812
/content/drive/MyDrive/train_data/images/img_02241.jpg,AUQ252
/content/drive/MyDrive/train_data/images/img_01383.jpg,ANV722
/content/drive/MyDrive/train_data/images/img_01161.jpg,AMA963
/content/drive/MyDrive/train_data/images/img_01322.jpg,ANJ780
/content/drive/MyDrive/train_data/images/img_03944.jpg,BTB204
/content/drive/MyDrive/train_data/images/img_02026.jpg,ATB82
/content/drive/MyDrive/train_data/images/img_05030.jpg,LEA126
/content/drive/MyDrive/train_data/images/img_04692.jpg,ENM36
/content/drive/MyDrive/train_data/images/img_00892.jpg,AJW709
/content/drive/MyDrive/train_data/images/img_06545.jpg,LED8118
/content/drive/MyDrive/train_data/images/img_02189.jpg,AUF180
/content/drive/MyDrive/train_data/images/img_03723.jpg,BP9510
/content/drive/MyDrive/train_data/images/img_01467.jpg,APL025
/content/drive/MyDrive/train_data/images/img_02856.jpg,AZX891
/content/drive/MyDrive/train_data/images/img_02720.jpg,AYA413
/content/drive/MyDrive/train_data/images/img_02600.jpg,AWY888
/content/drive/MyDrive/train_data/images/img_01877.jpg,ASC107
/content/drive/MyDrive/train_data/images/img_02993.jpg,BBL270
/content/drive/MyDrive/train_data/images/img_03269.jpg,BFH444
/content/drive/MyDrive/train_data/images/img_04013.jpg,BUG172
/content/drive/MyDrive/train_data/images/img_06526.jpg,LED2040
/content/drive/MyDrive/train_data/images/img_00010.jpg,AABF087
/content/drive/MyDrive/train_data/images/img_02383.jpg,AVK115
/content/drive/MyDrive/train_data/images/img_01340.jpg,ANP212
/content/drive/MyDrive/train_data/images/img_01999.jpg,ASW861
/content/drive/MyDrive/train_data/images/img_01862.jpg,AS02
/content/drive/MyDrive/train_data/images/img_01511.jpg,APS024
/content/drive/MyDrive/train_data/images/img_02845.jpg,AZV6
/content/drive/MyDrive/train_data/images/img_01139.jpg,ALX523
/content/drive/MyDrive/train_data/images/img_05251.jpg,LEB441
/content/drive/MyDrive/train_data/images/img_02111.jpg,ATU661
/content/drive/MyDrive/train_data/images/img_01650.jpg,AQR098
/content/drive/MyDrive/train_data/images/img_03753.jpg,BPV04
/content/drive/MyDrive/train_data/images/img_03598.jpg,BM6961
/content/drive/MyDrive/train_data/images/img_03254.jpg,BFE427
/content/drive/MyDrive/train_data/images/img_02595.jpg,AWY190
/content/drive/MyDrive/train_data/images/img_04886.jpg,LE3997
/content/drive/MyDrive/train_data/images/img_01851.jpg,ARZ256
/content/drive/MyDrive/train_data/images/img_05600.jpg,LEE6819
/content/drive/MyDrive/train_data/images/img_01696.jpg,AQY847
/content/drive/MyDrive/train_data/images/img_06157.jpg,AXJ493
/content/drive/MyDrive/train_data/images/img_06304.jpg,LE8488
/content/drive/MyDrive/train_data/images/img_06337.jpg,LEA2963
/content/drive/MyDrive/train_data/images/img_02365.jpg,AVG283
/content/drive/MyDrive/train_data/images/img_00582.jpg,AGN966
/content/drive/MyDrive/train_data/images/img_06508.jpg,LEC7712
/content/drive/MyDrive/train_data/images/img_04928.jpg,LE5886
/content/drive/MyDrive/train_data/images/img_06587.jpg,LEF101
/content/drive/MyDrive/train_data/images/img_06707.jpg,LRA6858
/content/drive/MyDrive/train_data/images/img_05705.jpg,LEF9628
/content/drive/MyDrive/train_data/images/img_01319.jpg,ANH069
/content/drive/MyDrive/train_data/images/img_02913.jpg,BAG159
/content/drive/MyDrive/train_data/images/img_00599.jpg,AGS171
/content/drive/MyDrive/train_data/images/img_06683.jpg,LEU1606
/content/drive/MyDrive/train_data/images/img_00543.jpg,AGF014
/content/drive/MyDrive/train_data/images/img_03605.jpg,BMB230
/content/drive/MyDrive/train_data/images/img_00519.jpg,AFW177
/content/drive/MyDrive/train_data/images/img_04289.jpg,BYS716
/content/drive/MyDrive/train_data/images/img_01135.jpg,ALX270
/content/drive/MyDrive/train_data/images/img_00242.jpg,ACY006
/content/drive/MyDrive/train_data/images/img_01685.jpg,AQX790
/content/drive/MyDrive/train_data/images/img_03661.jpg,BMX441
/content/drive/MyDrive/train_data/images/img_03072.jpg,BCN031
/content/drive/MyDrive/train_data/images/img_00555.jpg,AGJ617
/content/drive/MyDrive/train_data/images/img_03889.jpg,BSD715
/content/drive/MyDrive/train_data/images/img_02782.jpg,AYX859
/content/drive/MyDrive/train_data/images/img_04299.jpg,BYW537
/content/drive/MyDrive/train_data/images/img_01095.jpg,ALQ233
/content/drive/MyDrive/train_data/images/img_04022.jpg,BUJ748
/content/drive/MyDrive/train_data/images/img_05262.jpg,LEB50
/content/drive/MyDrive/train_data/images/img_01198.jpg,AMK124
/content/drive/MyDrive/train_data/images/img_04981.jpg,LE7979
/content/drive/MyDrive/train_data/images/img_01325.jpg,ANK300
/content/drive/MyDrive/train_data/images/img_04014.jpg,BUG392
/content/drive/MyDrive/train_data/images/img_02206.jpg,AUH775
/content/drive/MyDrive/train_data/images/img_04185.jpg,BWW650
/content/drive/MyDrive/train_data/images/img_04284.jpg,BYQ754
/content/drive/MyDrive/train_data/images/img_02180.jpg,AUD499
/content/drive/MyDrive/train_data/images/img_05833.jpg,LES6427
/content/drive/MyDrive/train_data/images/img_06112.jpg,XB846
/content/drive/MyDrive/train_data/images/img_00243.jpg,ACY264
/content/drive/MyDrive/train_data/images/img_03299.jpg,BFV113
/content/drive/MyDrive/train_data/images/img_03541.jpg,BL6213
/content/drive/MyDrive/train_data/images/img_00846.jpg,AJM750
/content/drive/MyDrive/train_data/images/img_03214.jpg,BET259
/content/drive/MyDrive/train_data/images/img_03631.jpg,BMJ803
/content/drive/MyDrive/train_data/images/img_02523.jpg,AWM157
/content/drive/MyDrive/train_data/images/img_00679.jpg,AHH274
/content/drive/MyDrive/train_data/images/img_01753.jpg,ARG181
/content/drive/MyDrive/train_data/images/img_06351.jpg,LEA5203
/content/drive/MyDrive/train_data/images/img_02499.jpg,AWJ235
/content/drive/MyDrive/train_data/images/img_03526.jpg,BKX601
/content/drive/MyDrive/train_data/images/img_01436.jpg,APF915
/content/drive/MyDrive/train_data/images/img_06471.jpg,LEB9692
/content/drive/MyDrive/train_data/images/img_02408.jpg,AVQ596
/content/drive/MyDrive/train_data/images/img_05926.jpg,LTK8781
/content/drive/MyDrive/train_data/images/img_03320.jpg,BGC66
/content/drive/MyDrive/train_data/images/img_00859.jpg,AJP897
/content/drive/MyDrive/train_data/images/img_05738.jpg,LEH3444
/content/drive/MyDrive/train_data/images/img_03325.jpg,BGE269
/content/drive/MyDrive/train_data/images/img_04080.jpg,BVG232
/content/drive/MyDrive/train_data/images/img_06407.jpg,LEB3130
/content/drive/MyDrive/train_data/images/img_01798.jpg,ARP880
/content/drive/MyDrive/train_data/images/img_04762.jpg,GBK600
/content/drive/MyDrive/train_data/images/img_05248.jpg,LEB4282
/content/drive/MyDrive/train_data/images/img_05382.jpg,LEC4
/content/drive/MyDrive/train_data/images/img_04379.jpg,CAB8552
/content/drive/MyDrive/train_data/images/img_00132.jpg,ABT573
/content/drive/MyDrive/train_data/images/img_01219.jpg,AMN233
/content/drive/MyDrive/train_data/images/img_01013.jpg,AKZ863
/content/drive/MyDrive/train_data/images/img_04196.jpg,BXA474
/content/drive/MyDrive/train_data/images/img_03914.jpg,BSS083
/content/drive/MyDrive/train_data/images/img_04718.jpg,FSL5474
/content/drive/MyDrive/train_data/images/img_05997.jpg,MN3582
/content/drive/MyDrive/train_data/images/img_06618.jpg,LEF7182
/content/drive/MyDrive/train_data/images/img_05094.jpg,LEA4254
/content/drive/MyDrive/train_data/images/img_05090.jpg,LEA4170
/content/drive/MyDrive/train_data/images/img_01807.jpg,ARS537
/content/drive/MyDrive/train_data/images/img_02944.jpg,BAW940
/content/drive/MyDrive/train_data/images/img_06694.jpg,LEU4687
/content/drive/MyDrive/train_data/images/img_05037.jpg,LEA1758
/content/drive/MyDrive/train_data/images/img_03099.jpg,BD019
/content/drive/MyDrive/train_data/images/img_05832.jpg,LES6396
/content/drive/MyDrive/train_data/images/img_01502.jpg,APQ462
/content/drive/MyDrive/train_data/images/img_05561.jpg,LEE2828
/content/drive/MyDrive/train_data/images/img_03174.jpg,BEB673
/content/drive/MyDrive/train_data/images/img_04290.jpg,BYU235
/content/drive/MyDrive/train_data/images/img_03457.jpg,BJN869
/content/drive/MyDrive/train_data/images/img_02345.jpg,AVC170
/content/drive/MyDrive/train_data/images/img_00463.jpg,AFH353
/content/drive/MyDrive/train_data/images/img_05999.jpg,MN3932
/content/drive/MyDrive/train_data/images/img_02251.jpg,AUR375
/content/drive/MyDrive/train_data/images/img_02028.jpg,ATB921
/content/drive/MyDrive/train_data/images/img_05524.jpg,LED8118
/content/drive/MyDrive/train_data/images/img_04701.jpg,FA120
/content/drive/MyDrive/train_data/images/img_03041.jpg,BCD212
/content/drive/MyDrive/train_data/images/img_05696.jpg,LEF8103
/content/drive/MyDrive/train_data/images/img_01873.jpg,ASB941
/content/drive/MyDrive/train_data/images/img_03197.jpg,BEL487
/content/drive/MyDrive/train_data/images/img_00688.jpg,AHK900
/content/drive/MyDrive/train_data/images/img_04125.jpg,BVZ708
/content/drive/MyDrive/train_data/images/img_02202.jpg,AUH195
/content/drive/MyDrive/train_data/images/img_00920.jpg,AKD854
/content/drive/MyDrive/train_data/images/img_03955.jpg,BTJ482
/content/drive/MyDrive/train_data/images/img_04758.jpg,GBH735
/content/drive/MyDrive/train_data/images/img_04817.jpg,LB505
/content/drive/MyDrive/train_data/images/img_00903.jpg,AJY355
/content/drive/MyDrive/train_data/images/img_03117.jpg,BDE247
/content/drive/MyDrive/train_data/images/img_04661.jpg,DFY718
/content/drive/MyDrive/train_data/images/img_00126.jpg,ABR144
/content/drive/MyDrive/train_data/images/img_02315.jpg,AUZ257
/content/drive/MyDrive/train_data/images/img_03898.jpg,BSK093
/content/drive/MyDrive/train_data/images/img_00685.jpg,AHK629
/content/drive/MyDrive/train_data/images/img_05766.jpg,LEH692
/content/drive/MyDrive/train_data/images/img_04835.jpg,LE1028
/content/drive/MyDrive/train_data/images/img_02908.jpg,BAG143
/content/drive/MyDrive/train_data/images/img_05718.jpg,LEG575
/content/drive/MyDrive/train_data/images/img_02014.jpg,ATA755
/content/drive/MyDrive/train_data/images/img_04387.jpg,CAG6784
/content/drive/MyDrive/train_data/images/img_05470.jpg,LED2849
/content/drive/MyDrive/train_data/images/img_04230.jpg,BXM219
/content/drive/MyDrive/train_data/images/img_02674.jpg,AXM192
/content/drive/MyDrive/train_data/images/img_02070.jpg,ATK550
/content/drive/MyDrive/train_data/images/img_02300.jpg,AUY510
/content/drive/MyDrive/train_data/images/img_03837.jpg,BRE123
/content/drive/MyDrive/train_data/images/img_03932.jpg,BSW432
/content/drive/MyDrive/train_data/images/img_00799.jpg,AJD099
/content/drive/MyDrive/train_data/images/img_05133.jpg,LEA657
/content/drive/MyDrive/train_data/images/img_04413.jpg,CAQ3869
/content/drive/MyDrive/train_data/images/img_00039.jpg,AAK786
/content/drive/MyDrive/train_data/images/img_01470.jpg,APL026
/content/drive/MyDrive/train_data/images/img_03826.jpg,BR1660
/content/drive/MyDrive/train_data/images/img_02537.jpg,AWQ047
/content/drive/MyDrive/train_data/images/img_04576.jpg,DCX188
/content/drive/MyDrive/train_data/images/img_03861.jpg,BRU086
/content/drive/MyDrive/train_data/images/img_00766.jpg,AHX799
/content/drive/MyDrive/train_data/images/img_00574.jpg,AGM183
/content/drive/MyDrive/train_data/images/img_01183.jpg,AMG531
/content/drive/MyDrive/train_data/images/img_06095.jpg,UT574
/content/drive/MyDrive/train_data/images/img_00683.jpg,AHK196
/content/drive/MyDrive/train_data/images/img_03761.jpg,BPW947
/content/drive/MyDrive/train_data/images/img_05862.jpg,LEU1670
/content/drive/MyDrive/train_data/images/img_06495.jpg,LEC4670
/content/drive/MyDrive/train_data/images/img_04172.jpg,BWT821
/content/drive/MyDrive/train_data/images/img_02201.jpg,AUH080
/content/drive/MyDrive/train_data/images/img_02603.jpg,AWZ227
/content/drive/MyDrive/train_data/images/img_05029.jpg,LEA111
/content/drive/MyDrive/train_data/images/img_03801.jpg,BQK285
/content/drive/MyDrive/train_data/images/img_01732.jpg,ARD132
/content/drive/MyDrive/train_data/images/img_06142.jpg,AKZ300
/content/drive/MyDrive/train_data/images/img_05477.jpg,LED3131
/content/drive/MyDrive/train_data/images/img_05890.jpg,LFA6252
/content/drive/MyDrive/train_data/images/img_02442.jpg,AVY910
/content/drive/MyDrive/train_data/images/img_03610.jpg,BMD214
/content/drive/MyDrive/train_data/images/img_03461.jpg,BJQ070
/content/drive/MyDrive/train_data/images/img_02092.jpg,ATP044
/content/drive/MyDrive/train_data/images/img_00579.jpg,AGN768
/content/drive/MyDrive/train_data/images/img_02840.jpg,AZU805
/content/drive/MyDrive/train_data/images/img_01529.jpg,APV743
/content/drive/MyDrive/train_data/images/img_00749.jpg,AHV099
/content/drive/MyDrive/train_data/images/img_06388.jpg,LEB1220
/content/drive/MyDrive/train_data/images/img_05179.jpg,LEA8781
/content/drive/MyDrive/train_data/images/img_00977.jpg,AKT900
/content/drive/MyDrive/train_data/images/img_06477.jpg,LEC1352
/content/drive/MyDrive/train_data/images/img_05707.jpg,LEF9666
/content/drive/MyDrive/train_data/images/img_00548.jpg,AGG269
/content/drive/MyDrive/train_data/images/img_02752.jpg,AYN734
/content/drive/MyDrive/train_data/images/img_00347.jpg,ADZ141
/content/drive/MyDrive/train_data/images/img_05366.jpg,LEC273
/content/drive/MyDrive/train_data/images/img_02516.jpg,AWK473
/content/drive/MyDrive/train_data/images/img_01218.jpg,AMM919
/content/drive/MyDrive/train_data/images/img_03279.jpg,BFK872
/content/drive/MyDrive/train_data/images/img_02891.jpg,BAC057
/content/drive/MyDrive/train_data/images/img_02759.jpg,AYR149
/content/drive/MyDrive/train_data/images/img_04336.jpg,BZL625
/content/drive/MyDrive/train_data/images/img_04606.jpg,DEA668
/content/drive/MyDrive/train_data/images/img_02528.jpg,AWN472
/content/drive/MyDrive/train_data/images/img_03705.jpg,BNT026
/content/drive/MyDrive/train_data/images/img_01441.jpg,APG533
/content/drive/MyDrive/train_data/images/img_06136.jpg,AHE115
/content/drive/MyDrive/train_data/images/img_00467.jpg,AFJ116
/content/drive/MyDrive/train_data/images/img_03858.jpg,BRT788
/content/drive/MyDrive/train_data/images/img_01607.jpg,AQH760
/content/drive/MyDrive/train_data/images/img_02503.jpg,AWJ770
/content/drive/MyDrive/train_data/images/img_01591.jpg,AQE476
/content/drive/MyDrive/train_data/images/img_05227.jpg,LEB3169
/content/drive/MyDrive/train_data/images/img_01283.jpg,AMZ537
/content/drive/MyDrive/train_data/images/img_02617.jpg,AXA170
/content/drive/MyDrive/train_data/images/img_02161.jpg,AUA222
/content/drive/MyDrive/train_data/images/img_05553.jpg,LEE163
/content/drive/MyDrive/train_data/images/img_02747.jpg,AYL004
/content/drive/MyDrive/train_data/images/img_01074.jpg,ALK359
/content/drive/MyDrive/train_data/images/img_05537.jpg,LED9611
/content/drive/MyDrive/train_data/images/img_01874.jpg,ASB941
/content/drive/MyDrive/train_data/images/img_00807.jpg,AJE014
/content/drive/MyDrive/train_data/images/img_01335.jpg,ANN524
/content/drive/MyDrive/train_data/images/img_01498.jpg,APQ326
/content/drive/MyDrive/train_data/images/img_04564.jpg,DCQ168
/content/drive/MyDrive/train_data/images/img_06038.jpg,RLA145
/content/drive/MyDrive/train_data/images/img_06200.jpg,CBH6598
/content/drive/MyDrive/train_data/images/img_06284.jpg,LE7
/content/drive/MyDrive/train_data/images/img_04470.jpg,CBJ6164
/content/drive/MyDrive/train_data/images/img_00256.jpg,ADA236
/content/drive/MyDrive/train_data/images/img_04656.jpg,DFX034
/content/drive/MyDrive/train_data/images/img_05820.jpg,LES2923
/content/drive/MyDrive/train_data/images/img_04087.jpg,BVG868
/content/drive/MyDrive/train_data/images/img_03856.jpg,BRT017
/content/drive/MyDrive/train_data/images/img_01140.jpg,ALX734
/content/drive/MyDrive/train_data/images/img_06093.jpg,US535
/content/drive/MyDrive/train_data/images/img_04314.jpg,BYZ949
/content/drive/MyDrive/train_data/images/img_04749.jpg,GBB885
/content/drive/MyDrive/train_data/images/img_00018.jpg,AADL595
/content/drive/MyDrive/train_data/images/img_06087.jpg,UG300
/content/drive/MyDrive/train_data/images/img_01759.jpg,ARH731
/content/drive/MyDrive/train_data/images/img_04642.jpg,DFL246
/content/drive/MyDrive/train_data/images/img_05683.jpg,LEF7182
/content/drive/MyDrive/train_data/images/img_00808.jpg,AJE188
/content/drive/MyDrive/train_data/images/img_02515.jpg,AWK465
/content/drive/MyDrive/train_data/images/img_05137.jpg,LEA6745
/content/drive/MyDrive/train_data/images/img_00119.jpg,ABM647
/content/drive/MyDrive/train_data/images/img_03700.jpg,BNS185
/content/drive/MyDrive/train_data/images/img_01770.jpg,ARK227
/content/drive/MyDrive/train_data/images/img_02692.jpg,AXS347
/content/drive/MyDrive/train_data/images/img_02623.jpg,AXA413
/content/drive/MyDrive/train_data/images/img_05174.jpg,LEA8670
/content/drive/MyDrive/train_data/images/img_00755.jpg,AHV869
/content/drive/MyDrive/train_data/images/img_02579.jpg,AWV99
/content/drive/MyDrive/train_data/images/img_01659.jpg,AQT710
/content/drive/MyDrive/train_data/images/img_03643.jpg,BMS159
/content/drive/MyDrive/train_data/images/img_05609.jpg,LEE777
/content/drive/MyDrive/train_data/images/img_01892.jpg,ASE394
/content/drive/MyDrive/train_data/images/img_06327.jpg,LEA1962
/content/drive/MyDrive/train_data/images/img_02293.jpg,AUX985
/content/drive/MyDrive/train_data/images/img_01355.jpg,ANR222
/content/drive/MyDrive/train_data/images/img_05569.jpg,LEE3505
/content/drive/MyDrive/train_data/images/img_05289.jpg,LEB6432
/content/drive/MyDrive/train_data/images/img_00714.jpg,AHP999
/content/drive/MyDrive/train_data/images/img_02113.jpg,ATV858
/content/drive/MyDrive/train_data/images/img_00999.jpg,AKW689
/content/drive/MyDrive/train_data/images/img_03033.jpg,BCB588
/content/drive/MyDrive/train_data/images/img_00673.jpg,AHG172
/content/drive/MyDrive/train_data/images/img_03277.jpg,BFJ594
/content/drive/MyDrive/train_data/images/img_05582.jpg,LEE5201
/content/drive/MyDrive/train_data/images/img_04944.jpg,LE6269
/content/drive/MyDrive/train_data/images/img_02654.jpg,AXF97
/content/drive/MyDrive/train_data/images/img_06242.jpg,LE2026
/content/drive/MyDrive/train_data/images/img_03478.jpg,BKA474
/content/drive/MyDrive/train_data/images/img_00092.jpg,ABE043
/content/drive/MyDrive/train_data/images/img_00471.jpg,AFK029
/content/drive/MyDrive/train_data/images/img_02911.jpg,BAG159
/content/drive/MyDrive/train_data/images/img_05231.jpg,LEB3485
/content/drive/MyDrive/train_data/images/img_00183.jpg,ACG417
/content/drive/MyDrive/train_data/images/img_01229.jpg,AMQ554
/content/drive/MyDrive/train_data/images/img_04166.jpg,BWQ170
/content/drive/MyDrive/train_data/images/img_01306.jpg,AND509
/content/drive/MyDrive/train_data/images/img_01853.jpg,ARZ335
/content/drive/MyDrive/train_data/images/img_02853.jpg,AZX033
/content/drive/MyDrive/train_data/images/img_02957.jpg,BAZ715
/content/drive/MyDrive/train_data/images/img_06452.jpg,LEB8359
/content/drive/MyDrive/train_data/images/img_00399.jpg,AEP877
/content/drive/MyDrive/train_data/images/img_01950.jpg,ASN674
/content/drive/MyDrive/train_data/images/img_03546.jpg,BLB468
/content/drive/MyDrive/train_data/images/img_01978.jpg,AST997
/content/drive/MyDrive/train_data/images/img_03734.jpg,BPG738
/content/drive/MyDrive/train_data/images/img_04952.jpg,LE660
/content/drive/MyDrive/train_data/images/img_06514.jpg,LEC9191
/content/drive/MyDrive/train_data/images/img_01865.jpg,AS93
/content/drive/MyDrive/train_data/images/img_01405.jpg,AOM833
/content/drive/MyDrive/train_data/images/img_01277.jpg,AMY555
/content/drive/MyDrive/train_data/images/img_04622.jpg,DEN195
/content/drive/MyDrive/train_data/images/img_06472.jpg,LEB9693
/content/drive/MyDrive/train_data/images/img_02990.jpg,BBK291
/content/drive/MyDrive/train_data/images/img_03405.jpg,BHF251
/content/drive/MyDrive/train_data/images/img_00475.jpg,AFL218
/content/drive/MyDrive/train_data/images/img_03796.jpg,BQJ016
/content/drive/MyDrive/train_data/images/img_01703.jpg,AQZ529
/content/drive/MyDrive/train_data/images/img_04414.jpg,CAQ9959
/content/drive/MyDrive/train_data/images/img_04933.jpg,LE6008
/content/drive/MyDrive/train_data/images/img_05834.jpg,LES6427
/content/drive/MyDrive/train_data/images/img_05764.jpg,LEH6669
/content/drive/MyDrive/train_data/images/img_01412.jpg,APA003
/content/drive/MyDrive/train_data/images/img_05000.jpg,LE9
/content/drive/MyDrive/train_data/images/img_02049.jpg,ATG808
/content/drive/MyDrive/train_data/images/img_02828.jpg,AZP047
/content/drive/MyDrive/train_data/images/img_05822.jpg,LES2923
/content/drive/MyDrive/train_data/images/img_05127.jpg,LEA6023
/content/drive/MyDrive/train_data/images/img_04825.jpg,LC7139
/content/drive/MyDrive/train_data/images/img_05698.jpg,LEF8347
/content/drive/MyDrive/train_data/images/img_01602.jpg,AQH193
/content/drive/MyDrive/train_data/images/img_01532.jpg,APV989
/content/drive/MyDrive/train_data/images/img_01825.jpg,ARV658
/content/drive/MyDrive/train_data/images/img_00905.jpg,AJY694
/content/drive/MyDrive/train_data/images/img_05481.jpg,LED4341
/content/drive/MyDrive/train_data/images/img_05810.jpg,LER700
/content/drive/MyDrive/train_data/images/img_04513.jpg,DAU727
/content/drive/MyDrive/train_data/images/img_04381.jpg,CAC3491
/content/drive/MyDrive/train_data/images/img_02124.jpg,ATX525
/content/drive/MyDrive/train_data/images/img_04789.jpg,JA1515
/content/drive/MyDrive/train_data/images/img_06108.jpg,WS541
/content/drive/MyDrive/train_data/images/img_00909.jpg,AJZ853
/content/drive/MyDrive/train_data/images/img_01059.jpg,ALG982
/content/drive/MyDrive/train_data/images/img_04066.jpg,BVB344
/content/drive/MyDrive/train_data/images/img_05648.jpg,LEF321
/content/drive/MyDrive/train_data/images/img_00433.jpg,AEY46
/content/drive/MyDrive/train_data/images/img_04953.jpg,LE6674
/content/drive/MyDrive/train_data/images/img_04603.jpg,DDX662
/content/drive/MyDrive/train_data/images/img_03838.jpg,BRE804
/content/drive/MyDrive/train_data/images/img_03082.jpg,BCS767
/content/drive/MyDrive/train_data/images/img_01636.jpg,AQP346
/content/drive/MyDrive/train_data/images/img_02649.jpg,AXE902
/content/drive/MyDrive/train_data/images/img_05365.jpg,LEC26
/content/drive/MyDrive/train_data/images/img_02642.jpg,AXD311
/content/drive/MyDrive/train_data/images/img_02306.jpg,AUZ003
/content/drive/MyDrive/train_data/images/img_00181.jpg,ACF689
/content/drive/MyDrive/train_data/images/img_02509.jpg,AWJ937
/content/drive/MyDrive/train_data/images/img_04942.jpg,LE6240
/content/drive/MyDrive/train_data/images/img_00681.jpg,AHJ961
/content/drive/MyDrive/train_data/images/img_01454.jpg,APJ632
/content/drive/MyDrive/train_data/images/img_02722.jpg,AYB785
/content/drive/MyDrive/train_data/images/img_02693.jpg,AXS347
/content/drive/MyDrive/train_data/images/img_01016.jpg,AKZ9608
/content/drive/MyDrive/train_data/images/img_03818.jpg,BQV805
/content/drive/MyDrive/train_data/images/img_00447.jpg,AFC752
/content/drive/MyDrive/train_data/images/img_00348.jpg,ADZ244
/content/drive/MyDrive/train_data/images/img_02613.jpg,AX093
/content/drive/MyDrive/train_data/images/img_03708.jpg,BNU21
/content/drive/MyDrive/train_data/images/img_04108.jpg,BVR836
/content/drive/MyDrive/train_data/images/img_04681.jpg,EA517
/content/drive/MyDrive/train_data/images/img_02873.jpg,BA473
/content/drive/MyDrive/train_data/images/img_01472.jpg,APL026
/content/drive/MyDrive/train_data/images/img_03238.jpg,BF1749
/content/drive/MyDrive/train_data/images/img_00150.jpg,ABZ297
/content/drive/MyDrive/train_data/images/img_02226.jpg,AUN296
/content/drive/MyDrive/train_data/images/img_01713.jpg,AR84
/content/drive/MyDrive/train_data/images/img_02833.jpg,AZQ290
/content/drive/MyDrive/train_data/images/img_03562.jpg,BLG465
/content/drive/MyDrive/train_data/images/img_04727.jpg,GA303
/content/drive/MyDrive/train_data/images/img_05546.jpg,LED9895
/content/drive/MyDrive/train_data/images/img_01641.jpg,AQQ030
/content/drive/MyDrive/train_data/images/img_02384.jpg,AVK289
/content/drive/MyDrive/train_data/images/img_03678.jpg,BNC281
/content/drive/MyDrive/train_data/images/img_03751.jpg,BPS970
/content/drive/MyDrive/train_data/images/img_04822.jpg,LBB72
/content/drive/MyDrive/train_data/images/img_04739.jpg,GAU798
/content/drive/MyDrive/train_data/images/img_03906.jpg,BSN939
/content/drive/MyDrive/train_data/images/img_04388.jpg,CAH7335
/content/drive/MyDrive/train_data/images/img_05961.jpg,LXZ4780
/content/drive/MyDrive/train_data/images/img_02929.jpg,BAQ098
/content/drive/MyDrive/train_data/images/img_03781.jpg,BQB016
/content/drive/MyDrive/train_data/images/img_02697.jpg,AXT829
/content/drive/MyDrive/train_data/images/img_04673.jpg,DGZ998
/content/drive/MyDrive/train_data/images/img_05898.jpg,LOD1351
/content/drive/MyDrive/train_data/images/img_04405.jpg,CAN459
/content/drive/MyDrive/train_data/images/img_06348.jpg,LEA4994
/content/drive/MyDrive/train_data/images/img_05690.jpg,LEF7778
/content/drive/MyDrive/train_data/images/img_04030.jpg,BUP319
/content/drive/MyDrive/train_data/images/img_02756.jpg,AYP929
/content/drive/MyDrive/train_data/images/img_01675.jpg,AQW136
/content/drive/MyDrive/train_data/images/img_03929.jpg,BSV929
/content/drive/MyDrive/train_data/images/img_03259.jpg,BFF301
/content/drive/MyDrive/train_data/images/img_03916.jpg,BSS207
/content/drive/MyDrive/train_data/images/img_05338.jpg,LEB9548
/content/drive/MyDrive/train_data/images/img_00283.jpg,ADJ545
/content/drive/MyDrive/train_data/images/img_04433.jpg,CAS6152
/content/drive/MyDrive/train_data/images/img_06485.jpg,LEC3255
/content/drive/MyDrive/train_data/images/img_03673.jpg,BN472
/content/drive/MyDrive/train_data/images/img_03267.jpg,BFG327
/content/drive/MyDrive/train_data/images/img_04256.jpg,BXZ175
/content/drive/MyDrive/train_data/images/img_00858.jpg,AJP88
/content/drive/MyDrive/train_data/images/img_05054.jpg,LEA2260
/content/drive/MyDrive/train_data/images/img_01890.jpg,ASE079
/content/drive/MyDrive/train_data/images/img_02978.jpg,BBH103
/content/drive/MyDrive/train_data/images/img_00110.jpg,ABH986
/content/drive/MyDrive/train_data/images/img_06740.jpg,SLU46
/content/drive/MyDrive/train_data/images/img_03144.jpg,BDQ155
/content/drive/MyDrive/train_data/images/img_05111.jpg,LEA5001
/content/drive/MyDrive/train_data/images/img_00736.jpg,AHT518
/content/drive/MyDrive/train_data/images/img_04841.jpg,LE144
/content/drive/MyDrive/train_data/images/img_02425.jpg,AVV042
/content/drive/MyDrive/train_data/images/img_00818.jpg,AJG648
/content/drive/MyDrive/train_data/images/img_03847.jpg,BRP181
/content/drive/MyDrive/train_data/images/img_05923.jpg,LRV6000
/content/drive/MyDrive/train_data/images/img_01495.jpg,APP103
/content/drive/MyDrive/train_data/images/img_01609.jpg,AQJ120
/content/drive/MyDrive/train_data/images/img_03218.jpg,BET622
/content/drive/MyDrive/train_data/images/img_04134.jpg,BWA46
/content/drive/MyDrive/train_data/images/img_05429.jpg,LEC814
/content/drive/MyDrive/train_data/images/img_01540.jpg,APW618
/content/drive/MyDrive/train_data/images/img_01334.jpg,ANN3305
/content/drive/MyDrive/train_data/images/img_00992.jpg,AKU999
/content/drive/MyDrive/train_data/images/img_03202.jpg,BEM5
/content/drive/MyDrive/train_data/images/img_02358.jpg,AVD953
/content/drive/MyDrive/train_data/images/img_05863.jpg,LEU1670
/content/drive/MyDrive/train_data/images/img_02592.jpg,AWX527
/content/drive/MyDrive/train_data/images/img_04629.jpg,DEX223
/content/drive/MyDrive/train_data/images/img_04258.jpg,BYA086
/content/drive/MyDrive/train_data/images/img_01193.jpg,AMJ523
/content/drive/MyDrive/train_data/images/img_06705.jpg,LEV3041
/content/drive/MyDrive/train_data/images/img_05952.jpg,LXD9688
/content/drive/MyDrive/train_data/images/img_00727.jpg,AHS266
/content/drive/MyDrive/train_data/images/img_05712.jpg,LEG190
/content/drive/MyDrive/train_data/images/img_01962.jpg,ASR034
/content/drive/MyDrive/train_data/images/img_05646.jpg,LEF3188
/content/drive/MyDrive/train_data/images/img_02847.jpg,AZV872
/content/drive/MyDrive/train_data/images/img_05228.jpg,LEB343
/content/drive/MyDrive/train_data/images/img_04842.jpg,LE144
/content/drive/MyDrive/train_data/images/img_01230.jpg,AMR006
/content/drive/MyDrive/train_data/images/img_00557.jpg,AGJ777
/content/drive/MyDrive/train_data/images/img_02434.jpg,AVW877
/content/drive/MyDrive/train_data/images/img_02666.jpg,AXJ407
/content/drive/MyDrive/train_data/images/img_06255.jpg,LE3765
/content/drive/MyDrive/train_data/images/img_03373.jpg,BGV954
/content/drive/MyDrive/train_data/images/img_03340.jpg,BGL379
/content/drive/MyDrive/train_data/images/img_05367.jpg,LEC301
/content/drive/MyDrive/train_data/images/img_01371.jpg,ANT248
/content/drive/MyDrive/train_data/images/img_01803.jpg,ARS348
/content/drive/MyDrive/train_data/images/img_01349.jpg,ANR21
/content/drive/MyDrive/train_data/images/img_06451.jpg,LEB8302
/content/drive/MyDrive/train_data/images/img_03293.jpg,BFS607
/content/drive/MyDrive/train_data/images/img_05519.jpg,LED7995
/content/drive/MyDrive/train_data/images/img_04732.jpg,GAF012
/content/drive/MyDrive/train_data/images/img_03447.jpg,BJC549
/content/drive/MyDrive/train_data/images/img_01360.jpg,ANR616
/content/drive/MyDrive/train_data/images/img_05687.jpg,LEF7517
/content/drive/MyDrive/train_data/images/img_03963.jpg,BTM967
/content/drive/MyDrive/train_data/images/img_01247.jpg,AMT787
/content/drive/MyDrive/train_data/images/img_06258.jpg,LE4307
/content/drive/MyDrive/train_data/images/img_03942.jpg,BTB1700
/content/drive/MyDrive/train_data/images/img_06503.jpg,LEC66
/content/drive/MyDrive/train_data/images/img_00800.jpg,AJD138
/content/drive/MyDrive/train_data/images/img_06042.jpg,RTB712
/content/drive/MyDrive/train_data/images/img_02432.jpg,AVW432
/content/drive/MyDrive/train_data/images/img_04517.jpg,DAZ129
/content/drive/MyDrive/train_data/images/img_04531.jpg,DBN138
/content/drive/MyDrive/train_data/images/img_02952.jpg,BAZ099
/content/drive/MyDrive/train_data/images/img_01010.jpg,AKZ744
/content/drive/MyDrive/train_data/images/img_06517.jpg,LEC9476
/content/drive/MyDrive/train_data/images/img_01479.jpg,APL958
/content/drive/MyDrive/train_data/images/img_05630.jpg,LEE9722
/content/drive/MyDrive/train_data/images/img_03205.jpg,BEN068
/content/drive/MyDrive/train_data/images/img_01983.jpg,ASU762
/content/drive/MyDrive/train_data/images/img_04592.jpg,DDH603
/content/drive/MyDrive/train_data/images/img_01724.jpg,ARB919
/content/drive/MyDrive/train_data/images/img_01130.jpg,ALW518
/content/drive/MyDrive/train_data/images/img_01780.jpg,ARM150
/content/drive/MyDrive/train_data/images/img_00684.jpg,AHK39
/content/drive/MyDrive/train_data/images/img_04206.jpg,BXD712
/content/drive/MyDrive/train_data/images/img_04048.jpg,BUX769
/content/drive/MyDrive/train_data/images/img_04382.jpg,CAD6071
/content/drive/MyDrive/train_data/images/img_05504.jpg,LED6347
/content/drive/MyDrive/train_data/images/img_01233.jpg,AMR570
/content/drive/MyDrive/train_data/images/img_01101.jpg,ALR007
/content/drive/MyDrive/train_data/images/img_06205.jpg,DDJ119
/content/drive/MyDrive/train_data/images/img_03733.jpg,BPG586
/content/drive/MyDrive/train_data/images/img_04078.jpg,BVF45
/content/drive/MyDrive/train_data/images/img_02807.jpg,AZD868
/content/drive/MyDrive/train_data/images/img_04914.jpg,LE5367
/content/drive/MyDrive/train_data/images/img_02134.jpg,ATY641
/content/drive/MyDrive/train_data/images/img_02342.jpg,AVC045
/content/drive/MyDrive/train_data/images/img_04996.jpg,LE8866
/content/drive/MyDrive/train_data/images/img_03707.jpg,BNT988
/content/drive/MyDrive/train_data/images/img_04465.jpg,CBF4751
/content/drive/MyDrive/train_data/images/img_03882.jpg,BSB071
/content/drive/MyDrive/train_data/images/img_02968.jpg,BBD478
/content/drive/MyDrive/train_data/images/img_04687.jpg,EC86
/content/drive/MyDrive/train_data/images/img_03191.jpg,BEK127
/content/drive/MyDrive/train_data/images/img_05012.jpg,LE9300
/content/drive/MyDrive/train_data/images/img_06012.jpg,NRC949
/content/drive/MyDrive/train_data/images/img_01195.jpg,AMJ925
/content/drive/MyDrive/train_data/images/img_05125.jpg,LEA5987
/content/drive/MyDrive/train_data/images/img_06479.jpg,LEC2011
/content/drive/MyDrive/train_data/images/img_05173.jpg,LEA86
/content/drive/MyDrive/train_data/images/img_01328.jpg,ANL488
/content/drive/MyDrive/train_data/images/img_03213.jpg,BES704
/content/drive/MyDrive/train_data/images/img_02449.jpg,AVZ772
/content/drive/MyDrive/train_data/images/img_04380.jpg,CAB8552
/content/drive/MyDrive/train_data/images/img_00381.jpg,AEK251
/content/drive/MyDrive/train_data/images/img_02270.jpg,AUT671
/content/drive/MyDrive/train_data/images/img_01449.jpg,APJ026
/content/drive/MyDrive/train_data/images/img_00367.jpg,AED693
/content/drive/MyDrive/train_data/images/img_00107.jpg,ABH590
/content/drive/MyDrive/train_data/images/img_00423.jpg,AEU449
/content/drive/MyDrive/train_data/images/img_05812.jpg,LES1166
/content/drive/MyDrive/train_data/images/img_02098.jpg,ATP945
/content/drive/MyDrive/train_data/images/img_02272.jpg,AUT826
/content/drive/MyDrive/train_data/images/img_06458.jpg,LEB8568
/content/drive/MyDrive/train_data/images/img_01838.jpg,ARX221
/content/drive/MyDrive/train_data/images/img_05938.jpg,LWF0657
/content/drive/MyDrive/train_data/images/img_06726.jpg,LZV6622
/content/drive/MyDrive/train_data/images/img_06059.jpg,SAK411
/content/drive/MyDrive/train_data/images/img_06623.jpg,LEF8006
/content/drive/MyDrive/train_data/images/img_00418.jpg,AET366
/content/drive/MyDrive/train_data/images/img_06361.jpg,LEA6001
/content/drive/MyDrive/train_data/images/img_03118.jpg,BDE621
/content/drive/MyDrive/train_data/images/img_04679.jpg,DW275
/content/drive/MyDrive/train_data/images/img_01821.jpg,ARV264
/content/drive/MyDrive/train_data/images/img_01262.jpg,AMW380
/content/drive/MyDrive/train_data/images/img_05545.jpg,LED9683
/content/drive/MyDrive/train_data/images/img_00374.jpg,AEH550
/content/drive/MyDrive/train_data/images/img_04830.jpg,LD528
/content/drive/MyDrive/train_data/images/img_05130.jpg,LEA6412
/content/drive/MyDrive/train_data/images/img_05580.jpg,LEE500
/content/drive/MyDrive/train_data/images/img_01595.jpg,AQG382
/content/drive/MyDrive/train_data/images/img_03835.jpg,BRC351
/content/drive/MyDrive/train_data/images/img_06641.jpg,LEH2108
/content/drive/MyDrive/train_data/images/img_02596.jpg,AWY336
/content/drive/MyDrive/train_data/images/img_04917.jpg,LE5482
/content/drive/MyDrive/train_data/images/img_02915.jpg,BAJ376
/content/drive/MyDrive/train_data/images/img_03797.jpg,BQJ016
/content/drive/MyDrive/train_data/images/img_00631.jpg,AGY850
/content/drive/MyDrive/train_data/images/img_04480.jpg,CE015
/content/drive/MyDrive/train_data/images/img_05924.jpg,LRV6000
/content/drive/MyDrive/train_data/images/img_00301.jpg,ADP579
/content/drive/MyDrive/train_data/images/img_02920.jpg,BAL024
/content/drive/MyDrive/train_data/images/img_01009.jpg,AKZ744
/content/drive/MyDrive/train_data/images/img_06499.jpg,LEC6155
/content/drive/MyDrive/train_data/images/img_04039.jpg,BUR724
/content/drive/MyDrive/train_data/images/img_04604.jpg,DDY119
/content/drive/MyDrive/train_data/images/img_05517.jpg,LED789
/content/drive/MyDrive/train_data/images/img_00351.jpg,ADZ968
/content/drive/MyDrive/train_data/images/img_04453.jpg,CAW9018
/content/drive/MyDrive/train_data/images/img_06473.jpg,LEB9763
/content/drive/MyDrive/train_data/images/img_02399.jpg,AVN878
/content/drive/MyDrive/train_data/images/img_05913.jpg,LRH2973
/content/drive/MyDrive/train_data/images/img_00760.jpg,AHW231
/content/drive/MyDrive/train_data/images/img_01768.jpg,ARK032
/content/drive/MyDrive/train_data/images/img_01537.jpg,APW186
/content/drive/MyDrive/train_data/images/img_05789.jpg,LEH964
/content/drive/MyDrive/train_data/images/img_01457.jpg,APJ881
/content/drive/MyDrive/train_data/images/img_05015.jpg,LE9549
/content/drive/MyDrive/train_data/images/img_05220.jpg,LEB27
/content/drive/MyDrive/train_data/images/img_01845.jpg,ARX642
/content/drive/MyDrive/train_data/images/img_03209.jpg,BENTLEY
/content/drive/MyDrive/train_data/images/img_01119.jpg,ALU822
/content/drive/MyDrive/train_data/images/img_04869.jpg,LE320
/content/drive/MyDrive/train_data/images/img_05254.jpg,LEB4738
/content/drive/MyDrive/train_data/images/img_01336.jpg,ANN667
/content/drive/MyDrive/train_data/images/img_03168.jpg,BEA903
/content/drive/MyDrive/train_data/images/img_04501.jpg,DAL396
/content/drive/MyDrive/train_data/images/img_02439.jpg,AVY810
/content/drive/MyDrive/train_data/images/img_02514.jpg,AWK412
/content/drive/MyDrive/train_data/images/img_06515.jpg,LEC9197
/content/drive/MyDrive/train_data/images/img_06314.jpg,LE9201
/content/drive/MyDrive/train_data/images/img_01395.jpg,ANX519
/content/drive/MyDrive/train_data/images/img_00311.jpg,ADR791
/content/drive/MyDrive/train_data/images/img_03435.jpg,BHY744
/content/drive/MyDrive/train_data/images/img_00950.jpg,AKN166
/content/drive/MyDrive/train_data/images/img_01790.jpg,ARN653
/content/drive/MyDrive/train_data/images/img_00400.jpg,AEP877
/content/drive/MyDrive/train_data/images/img_00219.jpg,ACQ525
/content/drive/MyDrive/train_data/images/img_01416.jpg,APB073
/content/drive/MyDrive/train_data/images/img_03053.jpg,BCE891
/content/drive/MyDrive/train_data/images/img_05654.jpg,LEF3870
/content/drive/MyDrive/train_data/images/img_00321.jpg,ADS852
/content/drive/MyDrive/train_data/images/img_04669.jpg,DGW340
/content/drive/MyDrive/train_data/images/img_02823.jpg,AZL089
/content/drive/MyDrive/train_data/images/img_05448.jpg,LEC99
/content/drive/MyDrive/train_data/images/img_04009.jpg,BUE747
/content/drive/MyDrive/train_data/images/img_04017.jpg,BUG392
/content/drive/MyDrive/train_data/images/img_03094.jpg,BCX559
/content/drive/MyDrive/train_data/images/img_04896.jpg,LE4307
/content/drive/MyDrive/train_data/images/img_01358.jpg,ANR532
/content/drive/MyDrive/train_data/images/img_02214.jpg,AUK712
/content/drive/MyDrive/train_data/images/img_05239.jpg,LEB3902
/content/drive/MyDrive/train_data/images/img_04995.jpg,LE8828
/content/drive/MyDrive/train_data/images/img_01593.jpg,AQE6150
/content/drive/MyDrive/train_data/images/img_03479.jpg,BKA670
/content/drive/MyDrive/train_data/images/img_03418.jpg,BHR107
/content/drive/MyDrive/train_data/images/img_04728.jpg,GA66
/content/drive/MyDrive/train_data/images/img_00984.jpg,AKU322
/content/drive/MyDrive/train_data/images/img_02309.jpg,AUZ047
/content/drive/MyDrive/train_data/images/img_05145.jpg,LEA7493
/content/drive/MyDrive/train_data/images/img_01225.jpg,AMP695
/content/drive/MyDrive/train_data/images/img_00315.jpg,ADS265
/content/drive/MyDrive/train_data/images/img_04400.jpg,CAL8441
/content/drive/MyDrive/train_data/images/img_06395.jpg,LEB1940
/content/drive/MyDrive/train_data/images/img_03362.jpg,BGT827
/content/drive/MyDrive/train_data/images/img_02919.jpg,BAL021
/content/drive/MyDrive/train_data/images/img_04402.jpg,CAL8441
/content/drive/MyDrive/train_data/images/img_05210.jpg,LEB1973
/content/drive/MyDrive/train_data/images/img_05053.jpg,LEA2174
/content/drive/MyDrive/train_data/images/img_06563.jpg,LEE3538
/content/drive/MyDrive/train_data/images/img_05154.jpg,LEA7667
/content/drive/MyDrive/train_data/images/img_03964.jpg,BTN140
/content/drive/MyDrive/train_data/images/img_01288.jpg,AN669
/content/drive/MyDrive/train_data/images/img_03483.jpg,BKE289
/content/drive/MyDrive/train_data/images/img_04535.jpg,DBV769
/content/drive/MyDrive/train_data/images/img_06410.jpg,LEB3921
/content/drive/MyDrive/train_data/images/img_04787.jpg,IDN537
/content/drive/MyDrive/train_data/images/img_02695.jpg,AXT164
/content/drive/MyDrive/train_data/images/img_04860.jpg,LE2710
/content/drive/MyDrive/train_data/images/img_02224.jpg,AUM776
/content/drive/MyDrive/train_data/images/img_04518.jpg,DAZ129
/content/drive/MyDrive/train_data/images/img_06430.jpg,LEB6081
/content/drive/MyDrive/train_data/images/img_03791.jpg,BQF940
/content/drive/MyDrive/train_data/images/img_02803.jpg,AZD492
/content/drive/MyDrive/train_data/images/img_05848.jpg,LET1191
/content/drive/MyDrive/train_data/images/img_03785.jpg,BQC762
/content/drive/MyDrive/train_data/images/img_00190.jpg,ACH786
/content/drive/MyDrive/train_data/images/img_01110.jpg,ALT016
/content/drive/MyDrive/train_data/images/img_01947.jpg,ASN576
/content/drive/MyDrive/train_data/images/img_02321.jpg,AV248
/content/drive/MyDrive/train_data/images/img_03635.jpg,BMN447
/content/drive/MyDrive/train_data/images/img_04178.jpg,BWW377
/content/drive/MyDrive/train_data/images/img_05474.jpg,LED2877
/content/drive/MyDrive/train_data/images/img_03691.jpg,BNL637
/content/drive/MyDrive/train_data/images/img_00865.jpg,AJR311
/content/drive/MyDrive/train_data/images/img_05143.jpg,LEA7481
/content/drive/MyDrive/train_data/images/img_05280.jpg,LEB6045
/content/drive/MyDrive/train_data/images/img_05816.jpg,LES1542
/content/drive/MyDrive/train_data/images/img_02163.jpg,AUA354
/content/drive/MyDrive/train_data/images/img_03665.jpg,BMY699
/content/drive/MyDrive/train_data/images/img_00390.jpg,AEM125
/content/drive/MyDrive/train_data/images/img_03514.jpg,BKT622
/content/drive/MyDrive/train_data/images/img_04938.jpg,LE6135
/content/drive/MyDrive/train_data/images/img_04879.jpg,LE3822
/content/drive/MyDrive/train_data/images/img_03212.jpg,BES704
/content/drive/MyDrive/train_data/images/img_02641.jpg,AXD311
/content/drive/MyDrive/train_data/images/img_04103.jpg,BVM433
/content/drive/MyDrive/train_data/images/img_06703.jpg,LEU6463
/content/drive/MyDrive/train_data/images/img_02047.jpg,ATG099
/content/drive/MyDrive/train_data/images/img_00338.jpg,ADY220
/content/drive/MyDrive/train_data/images/img_04774.jpg,GYB1157
/content/drive/MyDrive/train_data/images/img_02878.jpg,BA7
/content/drive/MyDrive/train_data/images/img_00038.jpg,AAK786
/content/drive/MyDrive/train_data/images/img_02608.jpg,AWZ537
/content/drive/MyDrive/train_data/images/img_00229.jpg,ACU410
/content/drive/MyDrive/train_data/images/img_05252.jpg,LEB4589
/content/drive/MyDrive/train_data/images/img_05550.jpg,LEE1493
/content/drive/MyDrive/train_data/images/img_04434.jpg,CAS6152
/content/drive/MyDrive/train_data/images/img_01553.jpg,APZ474
/content/drive/MyDrive/train_data/images/img_01660.jpg,AQT78
/content/drive/MyDrive/train_data/images/img_00382.jpg,AEK667
/content/drive/MyDrive/train_data/images/img_05249.jpg,LEB4333
/content/drive/MyDrive/train_data/images/img_03111.jpg,BDC299
/content/drive/MyDrive/train_data/images/img_02661.jpg,AXH073
/content/drive/MyDrive/train_data/images/img_05139.jpg,LEA7037
/content/drive/MyDrive/train_data/images/img_05959.jpg,LXW574
/content/drive/MyDrive/train_data/images/img_00330.jpg,ADW014
/content/drive/MyDrive/train_data/images/img_03472.jpg,BJX056
/content/drive/MyDrive/train_data/images/img_03391.jpg,BH5960
/content/drive/MyDrive/train_data/images/img_02801.jpg,AZD213
/content/drive/MyDrive/train_data/images/img_01228.jpg,AMQ460
/content/drive/MyDrive/train_data/images/img_00925.jpg,AKE598
/content/drive/MyDrive/train_data/images/img_02855.jpg,AZX803
/content/drive/MyDrive/train_data/images/img_00996.jpg,AKW109
/content/drive/MyDrive/train_data/images/img_02314.jpg,AUZ248
/content/drive/MyDrive/train_data/images/img_01880.jpg,ASC701
/content/drive/MyDrive/train_data/images/img_01663.jpg,AQT842
/content/drive/MyDrive/train_data/images/img_03975.jpg,BTQ592
/content/drive/MyDrive/train_data/images/img_04106.jpg,BVR289
/content/drive/MyDrive/train_data/images/img_01625.jpg,AQK840
/content/drive/MyDrive/train_data/images/img_05483.jpg,LED4778
/content/drive/MyDrive/train_data/images/img_04255.jpg,BXY967
/content/drive/MyDrive/train_data/images/img_05856.jpg,LET7122
/content/drive/MyDrive/train_data/images/img_06018.jpg,PX466
/content/drive/MyDrive/train_data/images/img_05212.jpg,LEB205
/content/drive/MyDrive/train_data/images/img_02156.jpg,AU772
/content/drive/MyDrive/train_data/images/img_02538.jpg,AWQ055
/content/drive/MyDrive/train_data/images/img_00786.jpg,AJA482
/content/drive/MyDrive/train_data/images/img_00987.jpg,AKU541
/content/drive/MyDrive/train_data/images/img_00609.jpg,AGU681
/content/drive/MyDrive/train_data/images/img_05348.jpg,LEC1210
/content/drive/MyDrive/train_data/images/img_00394.jpg,AEP369
/content/drive/MyDrive/train_data/images/img_03760.jpg,BPW866
/content/drive/MyDrive/train_data/images/img_00438.jpg,AEZ246
/content/drive/MyDrive/train_data/images/img_00734.jpg,AHT375
/content/drive/MyDrive/train_data/images/img_03726.jpg,BPD369
/content/drive/MyDrive/train_data/images/img_05701.jpg,LEF8808
/content/drive/MyDrive/train_data/images/img_03302.jpg,BFV259
/content/drive/MyDrive/train_data/images/img_06699.jpg,LEU5094
/content/drive/MyDrive/train_data/images/img_02760.jpg,AYR149
/content/drive/MyDrive/train_data/images/img_02858.jpg,AZY473
/content/drive/MyDrive/train_data/images/img_03330.jpg,BGE984
/content/drive/MyDrive/train_data/images/img_06285.jpg,LE7007
/content/drive/MyDrive/train_data/images/img_00070.jpg,AAX097
/content/drive/MyDrive/train_data/images/img_01174.jpg,AMD925
/content/drive/MyDrive/train_data/images/img_02194.jpg,AUF432
/content/drive/MyDrive/train_data/images/img_01125.jpg,ALV727
/content/drive/MyDrive/train_data/images/img_02958.jpg,BAZ925
/content/drive/MyDrive/train_data/images/img_04554.jpg,DCG644
/content/drive/MyDrive/train_data/images/img_00068.jpg,AAW318
/content/drive/MyDrive/train_data/images/img_06003.jpg,MND479
/content/drive/MyDrive/train_data/images/img_01684.jpg,AQX726
/content/drive/MyDrive/train_data/images/img_02259.jpg,AUS348
/content/drive/MyDrive/train_data/images/img_02179.jpg,AUD259
/content/drive/MyDrive/train_data/images/img_00027.jpg,AAFY191
/content/drive/MyDrive/train_data/images/img_06310.jpg,LE9022
/content/drive/MyDrive/train_data/images/img_06300.jpg,LE84
/content/drive/MyDrive/train_data/images/img_05874.jpg,LEU3392
/content/drive/MyDrive/train_data/images/img_01979.jpg,AST998
/content/drive/MyDrive/train_data/images/img_03738.jpg,BPJ342
/content/drive/MyDrive/train_data/images/img_06252.jpg,LE321
/content/drive/MyDrive/train_data/images/img_06447.jpg,LEB7941
/content/drive/MyDrive/train_data/images/img_02731.jpg,AYE457
/content/drive/MyDrive/train_data/images/img_04152.jpg,BWH209
/content/drive/MyDrive/train_data/images/img_04901.jpg,LE4875
/content/drive/MyDrive/train_data/images/img_00247.jpg,ACZ969
/content/drive/MyDrive/train_data/images/img_01528.jpg,APV743
/content/drive/MyDrive/train_data/images/img_01867.jpg,ASA518
/content/drive/MyDrive/train_data/images/img_02071.jpg,ATK550
/content/drive/MyDrive/train_data/images/img_06436.jpg,LEB6492
/content/drive/MyDrive/train_data/images/img_00037.jpg,AAK750
/content/drive/MyDrive/train_data/images/img_00618.jpg,AGV251
/content/drive/MyDrive/train_data/images/img_05583.jpg,LEE5201
/content/drive/MyDrive/train_data/images/img_00278.jpg,ADH263
/content/drive/MyDrive/train_data/images/img_06180.jpg,BJ8685
/content/drive/MyDrive/train_data/images/img_02583.jpg,AWW0
/content/drive/MyDrive/train_data/images/img_03451.jpg,BJJ699
/content/drive/MyDrive/train_data/images/img_06322.jpg,LEA1430
/content/drive/MyDrive/train_data/images/img_01689.jpg,AQY292
/content/drive/MyDrive/train_data/images/img_06559.jpg,LEE2617
/content/drive/MyDrive/train_data/images/img_03130.jpg,BDG317
/content/drive/MyDrive/train_data/images/img_00198.jpg,ACK782
/content/drive/MyDrive/train_data/images/img_02737.jpg,AYF402
/content/drive/MyDrive/train_data/images/img_03350.jpg,BGQ810
/content/drive/MyDrive/train_data/images/img_03871.jpg,BRX242
/content/drive/MyDrive/train_data/images/img_05324.jpg,LEB8386
/content/drive/MyDrive/train_data/images/img_06536.jpg,LED6693
/content/drive/MyDrive/train_data/images/img_06714.jpg,LRP128
/content/drive/MyDrive/train_data/images/img_00138.jpg,ABU152
/content/drive/MyDrive/train_data/images/img_02146.jpg,ATZ961
/content/drive/MyDrive/train_data/images/img_00240.jpg,ACW866
/content/drive/MyDrive/train_data/images/img_06387.jpg,LEB1177
/content/drive/MyDrive/train_data/images/img_04018.jpg,BUH1659
/content/drive/MyDrive/train_data/images/img_02220.jpg,AUM391
/content/drive/MyDrive/train_data/images/img_05299.jpg,LEB7150
/content/drive/MyDrive/train_data/images/img_03755.jpg,BPV197
/content/drive/MyDrive/train_data/images/img_00753.jpg,AHV767
/content/drive/MyDrive/train_data/images/img_05458.jpg,LED1766
/content/drive/MyDrive/train_data/images/img_05644.jpg,LEF250
/content/drive/MyDrive/train_data/images/img_02950.jpg,BAY805
/content/drive/MyDrive/train_data/images/img_06161.jpg,B2618
/content/drive/MyDrive/train_data/images/img_00693.jpg,AHL194
/content/drive/MyDrive/train_data/images/img_05875.jpg,LEU3500
/content/drive/MyDrive/train_data/images/img_05492.jpg,LED544
/content/drive/MyDrive/train_data/images/img_03001.jpg,BBQ567
/content/drive/MyDrive/train_data/images/img_00689.jpg,AHL057
/content/drive/MyDrive/train_data/images/img_01887.jpg,ASD830
/content/drive/MyDrive/train_data/images/img_02009.jpg,ASZ740
/content/drive/MyDrive/train_data/images/img_03029.jpg,BC0
/content/drive/MyDrive/train_data/images/img_02628.jpg,AXB371
/content/drive/MyDrive/train_data/images/img_04582.jpg,DDA14
/content/drive/MyDrive/train_data/images/img_05420.jpg,LEC7216
/content/drive/MyDrive/train_data/images/img_06321.jpg,LEA1306
/content/drive/MyDrive/train_data/images/img_05166.jpg,LEA8459
/content/drive/MyDrive/train_data/images/img_06581.jpg,LEE8222
/content/drive/MyDrive/train_data/images/img_04463.jpg,CBD2853
/content/drive/MyDrive/train_data/images/img_01382.jpg,ANV680
/content/drive/MyDrive/train_data/images/img_02805.jpg,AZD550
/content/drive/MyDrive/train_data/images/img_03864.jpg,BRU635
/content/drive/MyDrive/train_data/images/img_05962.jpg,LZB5714
/content/drive/MyDrive/train_data/images/img_02255.jpg,AUR948
/content/drive/MyDrive/train_data/images/img_02045.jpg,ATE860
/content/drive/MyDrive/train_data/images/img_01006.jpg,AKY028
/content/drive/MyDrive/train_data/images/img_03413.jpg,BHL942
/content/drive/MyDrive/train_data/images/img_02333.jpg,AVA508
/content/drive/MyDrive/train_data/images/img_05616.jpg,LEE8242
/content/drive/MyDrive/train_data/images/img_00942.jpg,AKJ399
/content/drive/MyDrive/train_data/images/img_01351.jpg,ANR210
/content/drive/MyDrive/train_data/images/img_00803.jpg,AJD808
/content/drive/MyDrive/train_data/images/img_00624.jpg,AGW87
/content/drive/MyDrive/train_data/images/img_05009.jpg,LE9171
/content/drive/MyDrive/train_data/images/img_01710.jpg,AR185
/content/drive/MyDrive/train_data/images/img_02949.jpg,BAY713
/content/drive/MyDrive/train_data/images/img_05831.jpg,LES6396
/content/drive/MyDrive/train_data/images/img_02392.jpg,AVL340
/content/drive/MyDrive/train_data/images/img_04609.jpg,DEA750
/content/drive/MyDrive/train_data/images/img_06280.jpg,LE6508
/content/drive/MyDrive/train_data/images/img_01068.jpg,ALI777
/content/drive/MyDrive/train_data/images/img_04483.jpg,CS
/content/drive/MyDrive/train_data/images/img_06144.jpg,APH870
/content/drive/MyDrive/train_data/images/img_03036.jpg,BCC301
/content/drive/MyDrive/train_data/images/img_00906.jpg,AJY851
/content/drive/MyDrive/train_data/images/img_05829.jpg,LES4535
/content/drive/MyDrive/train_data/images/img_06052.jpg,SAJ886
/content/drive/MyDrive/train_data/images/img_00187.jpg,ACH333
/content/drive/MyDrive/train_data/images/img_01695.jpg,AQY847
/content/drive/MyDrive/train_data/images/img_01281.jpg,AMY989
/content/drive/MyDrive/train_data/images/img_01518.jpg,APT742
/content/drive/MyDrive/train_data/images/img_00832.jpg,AJK198
/content/drive/MyDrive/train_data/images/img_04091.jpg,BVH480
/content/drive/MyDrive/train_data/images/img_01311.jpg,ANE590
/content/drive/MyDrive/train_data/images/img_04793.jpg,JRM3532
/content/drive/MyDrive/train_data/images/img_03119.jpg,BDE8
/content/drive/MyDrive/train_data/images/img_05319.jpg,LEB8232
/content/drive/MyDrive/train_data/images/img_02959.jpg,BB17
/content/drive/MyDrive/train_data/images/img_04019.jpg,BUJ738
/content/drive/MyDrive/train_data/images/img_04454.jpg,CAX450
/content/drive/MyDrive/train_data/images/img_00403.jpg,AEQ843
/content/drive/MyDrive/train_data/images/img_05268.jpg,LEB5348
/content/drive/MyDrive/train_data/images/img_06435.jpg,LEB6466
/content/drive/MyDrive/train_data/images/img_03615.jpg,BME225
/content/drive/MyDrive/train_data/images/img_04358.jpg,BZT756
/content/drive/MyDrive/train_data/images/img_01473.jpg,APL2024
/content/drive/MyDrive/train_data/images/img_04527.jpg,DBJ265
/content/drive/MyDrive/train_data/images/img_04561.jpg,DCN046
/content/drive/MyDrive/train_data/images/img_01471.jpg,APL026
/content/drive/MyDrive/train_data/images/img_05107.jpg,LEA4659
/content/drive/MyDrive/train_data/images/img_06225.jpg,LC300
/content/drive/MyDrive/train_data/images/img_01909.jpg,ASG364
/content/drive/MyDrive/train_data/images/img_06455.jpg,LEB8421
/content/drive/MyDrive/train_data/images/img_01159.jpg,AMA763
/content/drive/MyDrive/train_data/images/img_03176.jpg,BEC353
/content/drive/MyDrive/train_data/images/img_05746.jpg,LEH4741
/content/drive/MyDrive/train_data/images/img_02261.jpg,AUT224
/content/drive/MyDrive/train_data/images/img_00980.jpg,AKU291
/content/drive/MyDrive/train_data/images/img_03748.jpg,BPS832
/content/drive/MyDrive/train_data/images/img_05909.jpg,LRB8588
/content/drive/MyDrive/train_data/images/img_06696.jpg,LEU4687
/content/drive/MyDrive/train_data/images/img_06174.jpg,BEL487
/content/drive/MyDrive/train_data/images/img_05330.jpg,LEB8618
/content/drive/MyDrive/train_data/images/img_02849.jpg,AZW452
/content/drive/MyDrive/train_data/images/img_00993.jpg,AKV513
/content/drive/MyDrive/train_data/images/img_04494.jpg,DA175
/content/drive/MyDrive/train_data/images/img_06529.jpg,LED3463
/content/drive/MyDrive/train_data/images/img_04958.jpg,LE6867
/content/drive/MyDrive/train_data/images/img_06496.jpg,LEC4786
/content/drive/MyDrive/train_data/images/img_04260.jpg,BYB70
/content/drive/MyDrive/train_data/images/img_01556.jpg,APZ878
/content/drive/MyDrive/train_data/images/img_06507.jpg,LEC7452
/content/drive/MyDrive/train_data/images/img_06341.jpg,LEA3564
/content/drive/MyDrive/train_data/images/img_02483.jpg,AWF292
/content/drive/MyDrive/train_data/images/img_02727.jpg,AYC960
/content/drive/MyDrive/train_data/images/img_01711.jpg,AR2528
/content/drive/MyDrive/train_data/images/img_03927.jpg,BSV270
/content/drive/MyDrive/train_data/images/img_01777.jpg,ARL873
/content/drive/MyDrive/train_data/images/img_01541.jpg,APW793
/content/drive/MyDrive/train_data/images/img_06092.jpg,US535
/content/drive/MyDrive/train_data/images/img_00323.jpg,ADT230
/content/drive/MyDrive/train_data/images/img_03089.jpg,BCV426
/content/drive/MyDrive/train_data/images/img_02199.jpg,AUG316
/content/drive/MyDrive/train_data/images/img_05593.jpg,LEE6095
/content/drive/MyDrive/train_data/images/img_01560.jpg,AQA33
/content/drive/MyDrive/train_data/images/img_00757.jpg,AHW05
/content/drive/MyDrive/train_data/images/img_05314.jpg,LEB8109
/content/drive/MyDrive/train_data/images/img_04962.jpg,LE7
/content/drive/MyDrive/train_data/images/img_04361.jpg,BZV163
/content/drive/MyDrive/train_data/images/img_04342.jpg,BZN093
/content/drive/MyDrive/train_data/images/img_01665.jpg,AQT933
/content/drive/MyDrive/train_data/images/img_05181.jpg,LEA8823
/content/drive/MyDrive/train_data/images/img_06573.jpg,LEE6095
/content/drive/MyDrive/train_data/images/img_03181.jpg,BED85
/content/drive/MyDrive/train_data/images/img_01098.jpg,ALQ380
/content/drive/MyDrive/train_data/images/img_05260.jpg,LEB492
/content/drive/MyDrive/train_data/images/img_03380.jpg,BGY106
/content/drive/MyDrive/train_data/images/img_04731.jpg,GAC347
/content/drive/MyDrive/train_data/images/img_03793.jpg,BQG076
/content/drive/MyDrive/train_data/images/img_01182.jpg,AMF596
/content/drive/MyDrive/train_data/images/img_02463.jpg,AWB297
/content/drive/MyDrive/train_data/images/img_01846.jpg,ARX812
/content/drive/MyDrive/train_data/images/img_01974.jpg,AST294
/content/drive/MyDrive/train_data/images/img_05934.jpg,LWC1264
/content/drive/MyDrive/train_data/images/img_01506.jpg,APQ901
/content/drive/MyDrive/train_data/images/img_03083.jpg,BCS847
/content/drive/MyDrive/train_data/images/img_02456.jpg,AWA058
/content/drive/MyDrive/train_data/images/img_05743.jpg,LEH4674
/content/drive/MyDrive/train_data/images/img_05873.jpg,LEU3392
/content/drive/MyDrive/train_data/images/img_03410.jpg,BHL436
/content/drive/MyDrive/train_data/images/img_02611.jpg,AWZ642
/content/drive/MyDrive/train_data/images/img_03122.jpg,BDF215
/content/drive/MyDrive/train_data/images/img_02821.jpg,AZK209
/content/drive/MyDrive/train_data/images/img_00384.jpg,AEL036
/content/drive/MyDrive/train_data/images/img_04060.jpg,BVA221
/content/drive/MyDrive/train_data/images/img_03499.jpg,BKK976
/content/drive/MyDrive/train_data/images/img_04325.jpg,BZE129
/content/drive/MyDrive/train_data/images/img_06384.jpg,LEA9616
/content/drive/MyDrive/train_data/images/img_02254.jpg,AUR934
/content/drive/MyDrive/train_data/images/img_02461.jpg,AWB257
/content/drive/MyDrive/train_data/images/img_03387.jpg,BH1785
/content/drive/MyDrive/train_data/images/img_01810.jpg,ART014
/content/drive/MyDrive/train_data/images/img_05595.jpg,LEE6417
/content/drive/MyDrive/train_data/images/img_02472.jpg,AWD031
/content/drive/MyDrive/train_data/images/img_01940.jpg,ASM969
/content/drive/MyDrive/train_data/images/img_02626.jpg,AXA930
/content/drive/MyDrive/train_data/images/img_02612.jpg,AWZ875
/content/drive/MyDrive/train_data/images/img_01918.jpg,ASH622
/content/drive/MyDrive/train_data/images/img_02369.jpg,AVH177
/content/drive/MyDrive/train_data/images/img_05233.jpg,LEB364
/content/drive/MyDrive/train_data/images/img_01147.jpg,ALY730
/content/drive/MyDrive/train_data/images/img_00462.jpg,AFH311
/content/drive/MyDrive/train_data/images/img_05301.jpg,LEB7313
/content/drive/MyDrive/train_data/images/img_01919.jpg,ASH825
/content/drive/MyDrive/train_data/images/img_03595.jpg,BM0381
/content/drive/MyDrive/train_data/images/img_03295.jpg,BFT570
/content/drive/MyDrive/train_data/images/img_00362.jpg,AED277
/content/drive/MyDrive/train_data/images/img_02004.jpg,ASZ306
/content/drive/MyDrive/train_data/images/img_04490.jpg,CX014
/content/drive/MyDrive/train_data/images/img_03657.jpg,BMX089
/content/drive/MyDrive/train_data/images/img_00275.jpg,ADG487
/content/drive/MyDrive/train_data/images/img_00826.jpg,AJH973
/content/drive/MyDrive/train_data/images/img_00551.jpg,AGH816
/content/drive/MyDrive/train_data/images/img_01688.jpg,AQY045
/content/drive/MyDrive/train_data/images/img_01971.jpg,AST134
/content/drive/MyDrive/train_data/images/img_00128.jpg,ABS228
/content/drive/MyDrive/train_data/images/img_06631.jpg,LEF9933
/content/drive/MyDrive/train_data/images/img_00263.jpg,ADC507
/content/drive/MyDrive/train_data/images/img_00924.jpg,AKE598
/content/drive/MyDrive/train_data/images/img_01544.jpg,APX845
/content/drive/MyDrive/train_data/images/img_02258.jpg,AUS084
/content/drive/MyDrive/train_data/images/img_01270.jpg,AMW799
/content/drive/MyDrive/train_data/images/img_02835.jpg,AZT160
/content/drive/MyDrive/train_data/images/img_03773.jpg,BPZ804
/content/drive/MyDrive/train_data/images/img_06651.jpg,LEH5504
/content/drive/MyDrive/train_data/images/img_01881.jpg,ASC701
/content/drive/MyDrive/train_data/images/img_03107.jpg,BD909
/content/drive/MyDrive/train_data/images/img_03474.jpg,BJY075
/content/drive/MyDrive/train_data/images/img_03792.jpg,BQG037
/content/drive/MyDrive/train_data/images/img_04315.jpg,BYZ949
/content/drive/MyDrive/train_data/images/img_00186.jpg,ACH333
/content/drive/MyDrive/train_data/images/img_00028.jpg,AAFY191
/content/drive/MyDrive/train_data/images/img_01824.jpg,ARV658
/content/drive/MyDrive/train_data/images/img_01043.jpg,ALD707
/content/drive/MyDrive/train_data/images/img_04438.jpg,CAU155
/content/drive/MyDrive/train_data/images/img_06193.jpg,CAS6152
/content/drive/MyDrive/train_data/images/img_00971.jpg,AKT680
/content/drive/MyDrive/train_data/images/img_02848.jpg,AZW112
/content/drive/MyDrive/train_data/images/img_01089.jpg,ALM586
/content/drive/MyDrive/train_data/images/img_06654.jpg,LEH7441
/content/drive/MyDrive/train_data/images/img_03077.jpg,BCQ482
/content/drive/MyDrive/train_data/images/img_03092.jpg,BCW157
/content/drive/MyDrive/train_data/images/img_04810.jpg,LA0407
/content/drive/MyDrive/train_data/images/img_05449.jpg,LEC9948
/content/drive/MyDrive/train_data/images/img_03067.jpg,BCK723
/content/drive/MyDrive/train_data/images/img_03443.jpg,BJB524
/content/drive/MyDrive/train_data/images/img_01109.jpg,ALT016
/content/drive/MyDrive/train_data/images/img_01474.jpg,APL317
/content/drive/MyDrive/train_data/images/img_03349.jpg,BGQ142
/content/drive/MyDrive/train_data/images/img_04972.jpg,LE7462
/content/drive/MyDrive/train_data/images/img_00259.jpg,ADB169
/content/drive/MyDrive/train_data/images/img_03867.jpg,BRV945
/content/drive/MyDrive/train_data/images/img_00565.jpg,AGK726
/content/drive/MyDrive/train_data/images/img_05721.jpg,LEH1360
/content/drive/MyDrive/train_data/images/img_00522.jpg,AFX894
/content/drive/MyDrive/train_data/images/img_04591.jpg,DDG521
/content/drive/MyDrive/train_data/images/img_03470.jpg,BJU233
/content/drive/MyDrive/train_data/images/img_06367.jpg,LEA710
/content/drive/MyDrive/train_data/images/img_00598.jpg,AGS171
/content/drive/MyDrive/train_data/images/img_05930.jpg,LW2138
/content/drive/MyDrive/train_data/images/img_00024.jpg,AAEU857
/content/drive/MyDrive/train_data/images/img_02084.jpg,ATM357
/content/drive/MyDrive/train_data/images/img_03243.jpg,BF7468
/content/drive/MyDrive/train_data/images/img_00178.jpg,ACF333
/content/drive/MyDrive/train_data/images/img_02524.jpg,AWM157
/content/drive/MyDrive/train_data/images/img_03787.jpg,BQE424
/content/drive/MyDrive/train_data/images/img_00472.jpg,AFK054
/content/drive/MyDrive/train_data/images/img_05424.jpg,LEC75
/content/drive/MyDrive/train_data/images/img_05378.jpg,LEC3580
/content/drive/MyDrive/train_data/images/img_05237.jpg,LEB3795
/content/drive/MyDrive/train_data/images/img_01080.jpg,ALK726
/content/drive/MyDrive/train_data/images/img_06661.jpg,LEH8894
/content/drive/MyDrive/train_data/images/img_00455.jpg,AFE231
/content/drive/MyDrive/train_data/images/img_03649.jpg,BMU612
/content/drive/MyDrive/train_data/images/img_04180.jpg,BWW549
/content/drive/MyDrive/train_data/images/img_06627.jpg,LEF8774
/content/drive/MyDrive/train_data/images/img_04004.jpg,BUC650
/content/drive/MyDrive/train_data/images/img_01682.jpg,AQX726
/content/drive/MyDrive/train_data/images/img_00952.jpg,AKN182
/content/drive/MyDrive/train_data/images/img_06120.jpg,ZS806
/content/drive/MyDrive/train_data/images/img_05733.jpg,LEH3111
/content/drive/MyDrive/train_data/images/img_06617.jpg,LEF7128
/content/drive/MyDrive/train_data/images/img_01227.jpg,AMQ177
/content/drive/MyDrive/train_data/images/img_01656.jpg,AQT293
/content/drive/MyDrive/train_data/images/img_05270.jpg,LEB5378
/content/drive/MyDrive/train_data/images/img_00505.jpg,AFS277
/content/drive/MyDrive/train_data/images/img_00919.jpg,AKD732
/content/drive/MyDrive/train_data/images/img_00639.jpg,AHA043
/content/drive/MyDrive/train_data/images/img_05598.jpg,LEE665
/content/drive/MyDrive/train_data/images/img_04276.jpg,BYK507
/content/drive/MyDrive/train_data/images/img_05953.jpg,LXD9688
/content/drive/MyDrive/train_data/images/img_02027.jpg,ATB921
/content/drive/MyDrive/train_data/images/img_01789.jpg,ARN517
/content/drive/MyDrive/train_data/images/img_03857.jpg,BRT662
/content/drive/MyDrive/train_data/images/img_06014.jpg,NT11
/content/drive/MyDrive/train_data/images/img_03060.jpg,BCH54
/content/drive/MyDrive/train_data/images/img_06401.jpg,LEB2272
/content/drive/MyDrive/train_data/images/img_01254.jpg,AMU93
/content/drive/MyDrive/train_data/images/img_03917.jpg,BSS207
/content/drive/MyDrive/train_data/images/img_01094.jpg,ALQ233
/content/drive/MyDrive/train_data/images/img_01795.jpg,ARP127
/content/drive/MyDrive/train_data/images/img_01809.jpg,ARS705
/content/drive/MyDrive/train_data/images/img_03010.jpg,BBT525
/content/drive/MyDrive/train_data/images/img_04310.jpg,BYZ506
/content/drive/MyDrive/train_data/images/img_00961.jpg,AKP970
/content/drive/MyDrive/train_data/images/img_02547.jpg,AWR413
/content/drive/MyDrive/train_data/images/img_04116.jpg,BVV699
/content/drive/MyDrive/train_data/images/img_05025.jpg,LE9
/content/drive/MyDrive/train_data/images/img_04509.jpg,DAR199
/content/drive/MyDrive/train_data/images/img_02513.jpg,AWK412
/content/drive/MyDrive/train_data/images/img_03812.jpg,BQU835
/content/drive/MyDrive/train_data/images/img_00968.jpg,AKS100
/content/drive/MyDrive/train_data/images/img_00508.jpg,AFS593
/content/drive/MyDrive/train_data/images/img_05008.jpg,LE9126
/content/drive/MyDrive/train_data/images/img_02945.jpg,BAW965
/content/drive/MyDrive/train_data/images/img_02142.jpg,ATZ222
/content/drive/MyDrive/train_data/images/img_00093.jpg,ABE246
/content/drive/MyDrive/train_data/images/img_02473.jpg,AWD031
/content/drive/MyDrive/train_data/images/img_04930.jpg,LE5
/content/drive/MyDrive/train_data/images/img_05591.jpg,LEE6068
/content/drive/MyDrive/train_data/images/img_03659.jpg,BMX428
/content/drive/MyDrive/train_data/images/img_01929.jpg,ASJ697
/content/drive/MyDrive/train_data/images/img_05556.jpg,LEE1878
/content/drive/MyDrive/train_data/images/img_06350.jpg,LEA507
/content/drive/MyDrive/train_data/images/img_00055.jpg,AAS150
/content/drive/MyDrive/train_data/images/img_06226.jpg,LE1028
/content/drive/MyDrive/train_data/images/img_02650.jpg,AXE902
/content/drive/MyDrive/train_data/images/img_06578.jpg,LEE7719
/content/drive/MyDrive/train_data/images/img_01151.jpg,ALZ164
/content/drive/MyDrive/train_data/images/img_01513.jpg,APS081
/content/drive/MyDrive/train_data/images/img_00781.jpg,AHZ627
/content/drive/MyDrive/train_data/images/img_05121.jpg,LEA549
/content/drive/MyDrive/train_data/images/img_00710.jpg,AHP387
/content/drive/MyDrive/train_data/images/img_04626.jpg,DES805
/content/drive/MyDrive/train_data/images/img_04786.jpg,IDK1073
/content/drive/MyDrive/train_data/images/img_06268.jpg,LE5367
/content/drive/MyDrive/train_data/images/img_03321.jpg,BGC714
/content/drive/MyDrive/train_data/images/img_01437.jpg,APF915
/content/drive/MyDrive/train_data/images/img_06209.jpg,FDA208
/content/drive/MyDrive/train_data/images/img_02416.jpg,AVS591
/content/drive/MyDrive/train_data/images/img_02761.jpg,AYR155
/content/drive/MyDrive/train_data/images/img_05777.jpg,LEH8855
/content/drive/MyDrive/train_data/images/img_01525.jpg,APU549
/content/drive/MyDrive/train_data/images/img_02107.jpg,ATS931
/content/drive/MyDrive/train_data/images/img_03759.jpg,BPW482
/content/drive/MyDrive/train_data/images/img_04439.jpg,CAU155
/content/drive/MyDrive/train_data/images/img_02708.jpg,AXW247
/content/drive/MyDrive/train_data/images/img_00922.jpg,AKD988
/content/drive/MyDrive/train_data/images/img_01579.jpg,AQC868
/content/drive/MyDrive/train_data/images/img_05992.jpg,MBX106
/content/drive/MyDrive/train_data/images/img_06579.jpg,LEE7719
/content/drive/MyDrive/train_data/images/img_06732.jpg,MNG107
/content/drive/MyDrive/train_data/images/img_01099.jpg,ALQ860
/content/drive/MyDrive/train_data/images/img_04046.jpg,BUV795
/content/drive/MyDrive/train_data/images/img_04295.jpg,BYW259
/content/drive/MyDrive/train_data/images/img_03722.jpg,BP942
/content/drive/MyDrive/train_data/images/img_02331.jpg,AVA325
/content/drive/MyDrive/train_data/images/img_02744.jpg,AYH656
/content/drive/MyDrive/train_data/images/img_00879.jpg,AJU504
/content/drive/MyDrive/train_data/images/img_06549.jpg,LED8860
/content/drive/MyDrive/train_data/images/img_00075.jpg,AAY263
/content/drive/MyDrive/train_data/images/img_00306.jpg,ADQ767
/content/drive/MyDrive/train_data/images/img_05040.jpg,LEA1929
/content/drive/MyDrive/train_data/images/img_01526.jpg,APU900
/content/drive/MyDrive/train_data/images/img_05620.jpg,LEE8636
/content/drive/MyDrive/train_data/images/img_05052.jpg,LEA207
/content/drive/MyDrive/train_data/images/img_00297.jpg,ADN778
/content/drive/MyDrive/train_data/images/img_06073.jpg,SC1935
/content/drive/MyDrive/train_data/images/img_03423.jpg,BHR674
/content/drive/MyDrive/train_data/images/img_04746.jpg,GAZ92
/content/drive/MyDrive/train_data/images/img_00305.jpg,ADP734
/content/drive/MyDrive/train_data/images/img_05443.jpg,LEC9464
/content/drive/MyDrive/train_data/images/img_00732.jpg,AHT094
/content/drive/MyDrive/train_data/images/img_00484.jpg,AFN784
/content/drive/MyDrive/train_data/images/img_02338.jpg,AVB266
/content/drive/MyDrive/train_data/images/img_04699.jpg,EZ444
/content/drive/MyDrive/train_data/images/img_02353.jpg,AVD501
/content/drive/MyDrive/train_data/images/img_05940.jpg,LWG9100
/content/drive/MyDrive/train_data/images/img_03911.jpg,BSR807
/content/drive/MyDrive/train_data/images/img_04957.jpg,LE6867
/content/drive/MyDrive/train_data/images/img_03333.jpg,BGH699
/content/drive/MyDrive/train_data/images/img_01293.jpg,ANB481
/content/drive/MyDrive/train_data/images/img_00042.jpg,AAL080
/content/drive/MyDrive/train_data/images/img_04894.jpg,LE4250
/content/drive/MyDrive/train_data/images/img_06309.jpg,LE9009
/content/drive/MyDrive/train_data/images/img_03869.jpg,BRW828
/content/drive/MyDrive/train_data/images/img_02705.jpg,AXV947
/content/drive/MyDrive/train_data/images/img_05602.jpg,LEE698
/content/drive/MyDrive/train_data/images/img_00820.jpg,AJH4
/content/drive/MyDrive/train_data/images/img_05103.jpg,LEA4519
/content/drive/MyDrive/train_data/images/img_06665.jpg,LEH966
/content/drive/MyDrive/train_data/images/img_05360.jpg,LEC1827
/content/drive/MyDrive/train_data/images/img_00415.jpg,AET241
/content/drive/MyDrive/train_data/images/img_01986.jpg,ASV452
/content/drive/MyDrive/train_data/images/img_05581.jpg,LEE5201
/content/drive/MyDrive/train_data/images/img_00894.jpg,AJW717
/content/drive/MyDrive/train_data/images/img_05069.jpg,LEA291
/content/drive/MyDrive/train_data/images/img_06231.jpg,LE117
/content/drive/MyDrive/train_data/images/img_02221.jpg,AUM391
/content/drive/MyDrive/train_data/images/img_01655.jpg,AQT129
/content/drive/MyDrive/train_data/images/img_06227.jpg,LE1095
/content/drive/MyDrive/train_data/images/img_03924.jpg,BSV057
/content/drive/MyDrive/train_data/images/img_02100.jpg,ATR091
/content/drive/MyDrive/train_data/images/img_03623.jpg,BMH161
/content/drive/MyDrive/train_data/images/img_02837.jpg,AZT712
/content/drive/MyDrive/train_data/images/img_00647.jpg,AHB
/content/drive/MyDrive/train_data/images/img_05158.jpg,LEA7777
/content/drive/MyDrive/train_data/images/img_00344.jpg,ADY910
/content/drive/MyDrive/train_data/images/img_02379.jpg,AVK045
/content/drive/MyDrive/train_data/images/img_05006.jpg,LE9077
/content/drive/MyDrive/train_data/images/img_05395.jpg,LEC4799
/content/drive/MyDrive/train_data/images/img_05355.jpg,LEC1434
/content/drive/MyDrive/train_data/images/img_03110.jpg,BDC271
/content/drive/MyDrive/train_data/images/img_04796.jpg,JV4929
/content/drive/MyDrive/train_data/images/img_02357.jpg,AVD953
/content/drive/MyDrive/train_data/images/img_02240.jpg,AUQ252
/content/drive/MyDrive/train_data/images/img_02857.jpg,AZY152
/content/drive/MyDrive/train_data/images/img_03930.jpg,BSVM861
/content/drive/MyDrive/train_data/images/img_04596.jpg,DDP138
/content/drive/MyDrive/train_data/images/img_04005.jpg,BUC650
/content/drive/MyDrive/train_data/images/img_04484.jpg,CS6188
/content/drive/MyDrive/train_data/images/img_02367.jpg,AVG754
/content/drive/MyDrive/train_data/images/img_02438.jpg,AVY610
/content/drive/MyDrive/train_data/images/img_01842.jpg,ARX305
/content/drive/MyDrive/train_data/images/img_06734.jpg,S348
/content/drive/MyDrive/train_data/images/img_02285.jpg,AUW245
/content/drive/MyDrive/train_data/images/img_02019.jpg,ATA887
/content/drive/MyDrive/train_data/images/img_06674.jpg,LES5410
/content/drive/MyDrive/train_data/images/img_04536.jpg,DBX082
/content/drive/MyDrive/train_data/images/img_02165.jpg,AUA50
/content/drive/MyDrive/train_data/images/img_06450.jpg,LEB8232
/content/drive/MyDrive/train_data/images/img_02804.jpg,AZD550
/content/drive/MyDrive/train_data/images/img_04367.jpg,BZW323
/content/drive/MyDrive/train_data/images/img_03765.jpg,BPX434
/content/drive/MyDrive/train_data/images/img_01418.jpg,APB621
/content/drive/MyDrive/train_data/images/img_02570.jpg,AWV198
/content/drive/MyDrive/train_data/images/img_05734.jpg,LEH3111
/content/drive/MyDrive/train_data/images/img_04304.jpg,BYX454
/content/drive/MyDrive/train_data/images/img_03918.jpg,BSS207
/content/drive/MyDrive/train_data/images/img_05850.jpg,LET2366
/content/drive/MyDrive/train_data/images/img_01698.jpg,AQY856
/content/drive/MyDrive/train_data/images/img_04249.jpg,BXW042
/content/drive/MyDrive/train_data/images/img_01131.jpg,ALW593
/content/drive/MyDrive/train_data/images/img_06013.jpg,NS54
/content/drive/MyDrive/train_data/images/img_03863.jpg,BRU609
/content/drive/MyDrive/train_data/images/img_05371.jpg,LEC3294
/content/drive/MyDrive/train_data/images/img_03361.jpg,BGT827
/content/drive/MyDrive/train_data/images/img_01670.jpg,AQU686
/content/drive/MyDrive/train_data/images/img_03382.jpg,BGZ060
/content/drive/MyDrive/train_data/images/img_01240.jpg,AMS664
/content/drive/MyDrive/train_data/images/img_03430.jpg,BHU795
/content/drive/MyDrive/train_data/images/img_06184.jpg,BUB531
/content/drive/MyDrive/train_data/images/img_03612.jpg,BMD85
/content/drive/MyDrive/train_data/images/img_04807.jpg,KX6123
/content/drive/MyDrive/train_data/images/img_01562.jpg,AQA741
/content/drive/MyDrive/train_data/images/img_05257.jpg,LEB4786
/content/drive/MyDrive/train_data/images/img_00258.jpg,ADB104
/content/drive/MyDrive/train_data/images/img_01984.jpg,ASV035
/content/drive/MyDrive/train_data/images/img_01210.jpg,AMM456
/content/drive/MyDrive/train_data/images/img_05059.jpg,LEA250
/content/drive/MyDrive/train_data/images/img_04294.jpg,BYW259
/content/drive/MyDrive/train_data/images/img_01396.jpg,ANX654
/content/drive/MyDrive/train_data/images/img_03935.jpg,BSY204
/content/drive/MyDrive/train_data/images/img_05756.jpg,LEH6311
/content/drive/MyDrive/train_data/images/img_06213.jpg,FSL1744
/content/drive/MyDrive/train_data/images/img_06344.jpg,LEA434
/content/drive/MyDrive/train_data/images/img_03887.jpg,BSB822
/content/drive/MyDrive/train_data/images/img_04832.jpg,LD5558
/content/drive/MyDrive/train_data/images/img_02520.jpg,AWL252
/content/drive/MyDrive/train_data/images/img_06396.jpg,LEB1957
/content/drive/MyDrive/train_data/images/img_00897.jpg,AJW962
/content/drive/MyDrive/train_data/images/img_02713.jpg,AXY602
/content/drive/MyDrive/train_data/images/img_03017.jpg,BBV355
/content/drive/MyDrive/train_data/images/img_00136.jpg,ABU152
/content/drive/MyDrive/train_data/images/img_03890.jpg,BSE763
/content/drive/MyDrive/train_data/images/img_02455.jpg,AWA028
/content/drive/MyDrive/train_data/images/img_04012.jpg,BUG172
/content/drive/MyDrive/train_data/images/img_04360.jpg,BZU134
/content/drive/MyDrive/train_data/images/img_04175.jpg,BWV641
/content/drive/MyDrive/train_data/images/img_04155.jpg,BWK053
/content/drive/MyDrive/train_data/images/img_05853.jpg,LET3275
/content/drive/MyDrive/train_data/images/img_02451.jpg,AW06
/content/drive/MyDrive/train_data/images/img_03219.jpg,BEU50
/content/drive/MyDrive/train_data/images/img_06236.jpg,LE1640
/content/drive/MyDrive/train_data/images/img_02609.jpg,AWZ585
/content/drive/MyDrive/train_data/images/img_04696.jpg,ETS8003
/content/drive/MyDrive/train_data/images/img_05326.jpg,LEB8568
/content/drive/MyDrive/train_data/images/img_04223.jpg,BXK935
/content/drive/MyDrive/train_data/images/img_05681.jpg,LEF7103
/content/drive/MyDrive/train_data/images/img_05503.jpg,LED6321
/content/drive/MyDrive/train_data/images/img_04254.jpg,BXY661
/content/drive/MyDrive/train_data/images/img_03880.jpg,BS259
/content/drive/MyDrive/train_data/images/img_05019.jpg,LE9792
/content/drive/MyDrive/train_data/images/img_01122.jpg,ALV192
/content/drive/MyDrive/train_data/images/img_00318.jpg,ADS826
/content/drive/MyDrive/train_data/images/img_05946.jpg,LWR1324
/content/drive/MyDrive/train_data/images/img_05643.jpg,LEF2111
/content/drive/MyDrive/train_data/images/img_04096.jpg,BVJ366
/content/drive/MyDrive/train_data/images/img_03288.jpg,BFR204
/content/drive/MyDrive/train_data/images/img_04170.jpg,BWT250
/content/drive/MyDrive/train_data/images/img_01630.jpg,AQL913
/content/drive/MyDrive/train_data/images/img_01181.jpg,AMF523
/content/drive/MyDrive/train_data/images/img_02995.jpg,BBM047
/content/drive/MyDrive/train_data/images/img_04713.jpg,FEWD5
/content/drive/MyDrive/train_data/images/img_03057.jpg,BCG0
/content/drive/MyDrive/train_data/images/img_03226.jpg,BEW817
/content/drive/MyDrive/train_data/images/img_06693.jpg,LEU4550
/content/drive/MyDrive/train_data/images/img_01054.jpg,ALF138
/content/drive/MyDrive/train_data/images/img_00973.jpg,AKT777
/content/drive/MyDrive/train_data/images/img_05888.jpg,LEY3247
/content/drive/MyDrive/train_data/images/img_03689.jpg,BNH970
/content/drive/MyDrive/train_data/images/img_04130.jpg,BWA192
/content/drive/MyDrive/train_data/images/img_03164.jpg,BE68
/content/drive/MyDrive/train_data/images/img_05218.jpg,LEB2686
/content/drive/MyDrive/train_data/images/img_05672.jpg,LEF660
/content/drive/MyDrive/train_data/images/img_02969.jpg,BBD478
/content/drive/MyDrive/train_data/images/img_01594.jpg,AQF042
/content/drive/MyDrive/train_data/images/img_00419.jpg,AET366
/content/drive/MyDrive/train_data/images/img_03281.jpg,BFM506
/content/drive/MyDrive/train_data/images/img_00370.jpg,AEE587
/content/drive/MyDrive/train_data/images/img_05373.jpg,LEC3413
/content/drive/MyDrive/train_data/images/img_03303.jpg,BFW998
/content/drive/MyDrive/train_data/images/img_06312.jpg,LE9077
/content/drive/MyDrive/train_data/images/img_06443.jpg,LEB7335
/content/drive/MyDrive/train_data/images/img_01097.jpg,ALQ380
/content/drive/MyDrive/train_data/images/img_03530.jpg,BKY989
/content/drive/MyDrive/train_data/images/img_00880.jpg,AJU679
/content/drive/MyDrive/train_data/images/img_05407.jpg,LEC5707
/content/drive/MyDrive/train_data/images/img_04396.jpg,CAL4019
/content/drive/MyDrive/train_data/images/img_06035.jpg,RIS2137
/content/drive/MyDrive/train_data/images/img_06219.jpg,GLIMP5Y
/content/drive/MyDrive/train_data/images/img_04054.jpg,BUY086
/content/drive/MyDrive/train_data/images/img_02304.jpg,AUY790
/content/drive/MyDrive/train_data/images/img_04514.jpg,DAU727
/content/drive/MyDrive/train_data/images/img_00398.jpg,AEP574
/content/drive/MyDrive/train_data/images/img_04779.jpg,HEK650
/content/drive/MyDrive/train_data/images/img_05115.jpg,LEA508
/content/drive/MyDrive/train_data/images/img_06140.jpg,AKC817
/content/drive/MyDrive/train_data/images/img_06338.jpg,LEA3256
/content/drive/MyDrive/train_data/images/img_06287.jpg,LE7219
/content/drive/MyDrive/train_data/images/img_03221.jpg,BEV623
/content/drive/MyDrive/train_data/images/img_00737.jpg,AHT67
/content/drive/MyDrive/train_data/images/img_00189.jpg,ACH479
/content/drive/MyDrive/train_data/images/img_05063.jpg,LEA2713
/content/drive/MyDrive/train_data/images/img_02527.jpg,AWN472
/content/drive/MyDrive/train_data/images/img_04085.jpg,BVG868
/content/drive/MyDrive/train_data/images/img_03824.jpg,BQX953
/content/drive/MyDrive/train_data/images/img_04216.jpg,BXJ231
/content/drive/MyDrive/train_data/images/img_04081.jpg,BVG503
/content/drive/MyDrive/train_data/images/img_01305.jpg,AND509
/content/drive/MyDrive/train_data/images/img_06391.jpg,LEB15
/content/drive/MyDrive/train_data/images/img_02561.jpg,AWU222
/content/drive/MyDrive/train_data/images/img_02682.jpg,AXQ725
/content/drive/MyDrive/train_data/images/img_01308.jpg,AND977
/content/drive/MyDrive/train_data/images/img_05739.jpg,LEH3999
/content/drive/MyDrive/train_data/images/img_03425.jpg,BHT746
/content/drive/MyDrive/train_data/images/img_03146.jpg,BDS136
/content/drive/MyDrive/train_data/images/img_02377.jpg,AVJ55
/content/drive/MyDrive/train_data/images/img_05279.jpg,LEB5
/content/drive/MyDrive/train_data/images/img_00793.jpg,AJB473
/content/drive/MyDrive/train_data/images/img_01154.jpg,ALZ885
/content/drive/MyDrive/train_data/images/img_06491.jpg,LEC3981
/content/drive/MyDrive/train_data/images/img_03683.jpg,BNG248
/content/drive/MyDrive/train_data/images/img_02191.jpg,AUF316
/content/drive/MyDrive/train_data/images/img_01003.jpg,AKW888
/content/drive/MyDrive/train_data/images/img_03821.jpg,BQW370
/content/drive/MyDrive/train_data/images/img_01980.jpg,ASU555
/content/drive/MyDrive/train_data/images/img_02614.jpg,AX922
/content/drive/MyDrive/train_data/images/img_00869.jpg,AJT09
/content/drive/MyDrive/train_data/images/img_04218.jpg,BXJ827
/content/drive/MyDrive/train_data/images/img_05302.jpg,LEB7313
/content/drive/MyDrive/train_data/images/img_06276.jpg,LE6135
/content/drive/MyDrive/train_data/images/img_05187.jpg,LEA9116
/content/drive/MyDrive/train_data/images/img_02829.jpg,AZP99
/content/drive/MyDrive/train_data/images/img_02615.jpg,AX922
/content/drive/MyDrive/train_data/images/img_05182.jpg,LEA8915
/content/drive/MyDrive/train_data/images/img_04783.jpg,HY28
/content/drive/MyDrive/train_data/images/img_06565.jpg,LEE3777
/content/drive/MyDrive/train_data/images/img_01671.jpg,AQU691
/content/drive/MyDrive/train_data/images/img_03804.jpg,BQM683
/content/drive/MyDrive/train_data/images/img_05790.jpg,LEH966
/content/drive/MyDrive/train_data/images/img_03404.jpg,BHE273
/content/drive/MyDrive/train_data/images/img_03601.jpg,BM9887
/content/drive/MyDrive/train_data/images/img_05433.jpg,LEC8469
/content/drive/MyDrive/train_data/images/img_00490.jpg,AFP555
/content/drive/MyDrive/train_data/images/img_00597.jpg,AGS111
/content/drive/MyDrive/train_data/images/img_05188.jpg,LEA9116
/content/drive/MyDrive/train_data/images/img_02436.jpg,AVY060
/content/drive/MyDrive/train_data/images/img_06132.jpg,AGA718
/content/drive/MyDrive/train_data/images/img_06739.jpg,SLU46
/content/drive/MyDrive/train_data/images/img_03956.jpg,BTK137
/content/drive/MyDrive/train_data/images/img_05423.jpg,LEC7354
/content/drive/MyDrive/train_data/images/img_02372.jpg,AVH697
/content/drive/MyDrive/train_data/images/img_06261.jpg,LE4680
/content/drive/MyDrive/train_data/images/img_04079.jpg,BVF522
/content/drive/MyDrive/train_data/images/img_00248.jpg,ACZ969
/content/drive/MyDrive/train_data/images/img_04776.jpg,HA422
/content/drive/MyDrive/train_data/images/img_01726.jpg,ARC103
/content/drive/MyDrive/train_data/images/img_02168.jpg,AUB406
/content/drive/MyDrive/train_data/images/img_05078.jpg,LEA3450
/content/drive/MyDrive/train_data/images/img_05769.jpg,LEH7293
/content/drive/MyDrive/train_data/images/img_00232.jpg,ACV440
/content/drive/MyDrive/train_data/images/img_00337.jpg,ADY087
/content/drive/MyDrive/train_data/images/img_02765.jpg,AYS1
/content/drive/MyDrive/train_data/images/img_01402.jpg,ANY973
/content/drive/MyDrive/train_data/images/img_05970.jpg,LZL9992
/content/drive/MyDrive/train_data/images/img_01381.jpg,ANV680
/content/drive/MyDrive/train_data/images/img_04117.jpg,BVV916
/content/drive/MyDrive/train_data/images/img_04907.jpg,LE5162
/content/drive/MyDrive/train_data/images/img_04370.jpg,BZX195
/content/drive/MyDrive/train_data/images/img_04985.jpg,LE8075
/content/drive/MyDrive/train_data/images/img_01025.jpg,ALA513
/content/drive/MyDrive/train_data/images/img_05408.jpg,LEC6167
/content/drive/MyDrive/train_data/images/img_05578.jpg,LEE4508
/content/drive/MyDrive/train_data/images/img_01608.jpg,AQJ11
/content/drive/MyDrive/train_data/images/img_02052.jpg,ATH017
/content/drive/MyDrive/train_data/images/img_04704.jpg,FA926
/content/drive/MyDrive/train_data/images/img_02326.jpg,AVA016
/content/drive/MyDrive/train_data/images/img_04250.jpg,BXW042
/content/drive/MyDrive/train_data/images/img_02834.jpg,AZS206
/content/drive/MyDrive/train_data/images/img_01847.jpg,ARX812
/content/drive/MyDrive/train_data/images/img_02643.jpg,AXD653
/content/drive/MyDrive/train_data/images/img_01326.jpg,ANK327
/content/drive/MyDrive/train_data/images/img_06406.jpg,LEB3042
/content/drive/MyDrive/train_data/images/img_05819.jpg,LES2259
/content/drive/MyDrive/train_data/images/img_05877.jpg,LEU4807
/content/drive/MyDrive/train_data/images/img_04244.jpg,BXR601
/content/drive/MyDrive/train_data/images/img_01017.jpg,AL82
/content/drive/MyDrive/train_data/images/img_00453.jpg,AFE114
/content/drive/MyDrive/train_data/images/img_05082.jpg,LEA3668
/content/drive/MyDrive/train_data/images/img_03544.jpg,BLB091
/content/drive/MyDrive/train_data/images/img_01057.jpg,ALG62
/content/drive/MyDrive/train_data/images/img_01490.jpg,APN764
/content/drive/MyDrive/train_data/images/img_06289.jpg,LE7333
/content/drive/MyDrive/train_data/images/img_06516.jpg,LEC9393
/content/drive/MyDrive/train_data/images/img_02822.jpg,AZK874
/content/drive/MyDrive/train_data/images/img_04238.jpg,BXQ827
/content/drive/MyDrive/train_data/images/img_06015.jpg,PT339
/content/drive/MyDrive/train_data/images/img_06048.jpg,S588
/content/drive/MyDrive/train_data/images/img_04979.jpg,LE7965
/content/drive/MyDrive/train_data/images/img_02597.jpg,AWY429
/content/drive/MyDrive/train_data/images/img_01026.jpg,ALA613
/content/drive/MyDrive/train_data/images/img_00604.jpg,AGT021
/content/drive/MyDrive/train_data/images/img_03354.jpg,BGS024
/content/drive/MyDrive/train_data/images/img_04876.jpg,LE357
/content/drive/MyDrive/train_data/images/img_04306.jpg,BYY58
/content/drive/MyDrive/train_data/images/img_05760.jpg,LEH643
/content/drive/MyDrive/train_data/images/img_05290.jpg,LEB6446
/content/drive/MyDrive/train_data/images/img_06569.jpg,LEE5556
/content/drive/MyDrive/train_data/images/img_05213.jpg,LEB2095
/content/drive/MyDrive/train_data/images/img_00706.jpg,AHN589
/content/drive/MyDrive/train_data/images/img_01063.jpg,ALH690
/content/drive/MyDrive/train_data/images/img_06270.jpg,LE5772
/content/drive/MyDrive/train_data/images/img_05981.jpg,LZX8822
/content/drive/MyDrive/train_data/images/img_03022.jpg,BBW464
/content/drive/MyDrive/train_data/images/img_04538.jpg,DBX216
/content/drive/MyDrive/train_data/images/img_06269.jpg,LE5415
/content/drive/MyDrive/train_data/images/img_05485.jpg,LED4825
/content/drive/MyDrive/train_data/images/img_04998.jpg,LE8888
/content/drive/MyDrive/train_data/images/img_06237.jpg,LE1640
/content/drive/MyDrive/train_data/images/img_01137.jpg,ALX518
/content/drive/MyDrive/train_data/images/img_01646.jpg,AQQ767
/content/drive/MyDrive/train_data/images/img_05585.jpg,LEE5318
/content/drive/MyDrive/train_data/images/img_05947.jpg,LWR1324
/content/drive/MyDrive/train_data/images/img_04167.jpg,BWR50
/content/drive/MyDrive/train_data/images/img_02961.jpg,BB603
/content/drive/MyDrive/train_data/images/img_01426.jpg,APD874
/content/drive/MyDrive/train_data/images/img_01290.jpg,ANA571
/content/drive/MyDrive/train_data/images/img_06339.jpg,LEA3450
/content/drive/MyDrive/train_data/images/img_02378.jpg,AVK045
/content/drive/MyDrive/train_data/images/img_06385.jpg,LEA9899
/content/drive/MyDrive/train_data/images/img_04505.jpg,DAN492
/content/drive/MyDrive/train_data/images/img_00531.jpg,AG94
/content/drive/MyDrive/train_data/images/img_02846.jpg,AZV774
/content/drive/MyDrive/train_data/images/img_02618.jpg,AXA309
/content/drive/MyDrive/train_data/images/img_00719.jpg,AHQ475
/content/drive/MyDrive/train_data/images/img_03646.jpg,BMT322
/content/drive/MyDrive/train_data/images/img_01414.jpg,APA648
/content/drive/MyDrive/train_data/images/img_03703.jpg,BNS915
/content/drive/MyDrive/train_data/images/img_06652.jpg,LEH6994
/content/drive/MyDrive/train_data/images/img_05317.jpg,LEB8127
/content/drive/MyDrive/train_data/images/img_01004.jpg,AKX231
/content/drive/MyDrive/train_data/images/img_01639.jpg,AQP783
/content/drive/MyDrive/train_data/images/img_04023.jpg,BUK627
/content/drive/MyDrive/train_data/images/img_02339.jpg,AVB309
/content/drive/MyDrive/train_data/images/img_01757.jpg,ARG639
/content/drive/MyDrive/train_data/images/img_03655.jpg,BMW199
/content/drive/MyDrive/train_data/images/img_02132.jpg,ATY381
/content/drive/MyDrive/train_data/images/img_02144.jpg,ATZ660
/content/drive/MyDrive/train_data/images/img_00964.jpg,AKR237
/content/drive/MyDrive/train_data/images/img_05165.jpg,LEA8358
/content/drive/MyDrive/train_data/images/img_03170.jpg,BEB087
/content/drive/MyDrive/train_data/images/img_04241.jpg,BXR450
/content/drive/MyDrive/train_data/images/img_04088.jpg,BVH290
/content/drive/MyDrive/train_data/images/img_01524.jpg,APU549
/content/drive/MyDrive/train_data/images/img_00212.jpg,ACP212
/content/drive/MyDrive/train_data/images/img_06574.jpg,LEE6417
/content/drive/MyDrive/train_data/images/img_06542.jpg,LED7450
/content/drive/MyDrive/train_data/images/img_02283.jpg,AUW027
/content/drive/MyDrive/train_data/images/img_02575.jpg,AWV525
/content/drive/MyDrive/train_data/images/img_03260.jpg,BFF301
/content/drive/MyDrive/train_data/images/img_03006.jpg,BBS555
/content/drive/MyDrive/train_data/images/img_04337.jpg,BZM765
/content/drive/MyDrive/train_data/images/img_04816.jpg,LAW02
/content/drive/MyDrive/train_data/images/img_00629.jpg,AGY370
/content/drive/MyDrive/train_data/images/img_04690.jpg,EJ194
/content/drive/MyDrive/train_data/images/img_03047.jpg,BCD815
/content/drive/MyDrive/train_data/images/img_03038.jpg,BCC442
/content/drive/MyDrive/train_data/images/img_03685.jpg,BNG790
/content/drive/MyDrive/train_data/images/img_01256.jpg,AMV019
/content/drive/MyDrive/train_data/images/img_00265.jpg,ADC889
/content/drive/MyDrive/train_data/images/img_06621.jpg,LEF7831
/content/drive/MyDrive/train_data/images/img_03136.jpg,BDK404
/content/drive/MyDrive/train_data/images/img_02966.jpg,BBC853
/content/drive/MyDrive/train_data/images/img_03000.jpg,BBQ089
/content/drive/MyDrive/train_data/images/img_01933.jpg,ASK221
/content/drive/MyDrive/train_data/images/img_00550.jpg,AGG308
/content/drive/MyDrive/train_data/images/img_06608.jpg,LEF543
/content/drive/MyDrive/train_data/images/img_00285.jpg,ADJ752
/content/drive/MyDrive/train_data/images/img_06247.jpg,LE2464
/content/drive/MyDrive/train_data/images/img_01169.jpg,AMD186
/content/drive/MyDrive/train_data/images/img_05226.jpg,LEB298
/content/drive/MyDrive/train_data/images/img_06588.jpg,LEF1442
/content/drive/MyDrive/train_data/images/img_04203.jpg,BXC82
/content/drive/MyDrive/train_data/images/img_02976.jpg,BBG691
/content/drive/MyDrive/train_data/images/img_03327.jpg,BGE476
/content/drive/MyDrive/train_data/images/img_05708.jpg,LEF9758
/content/drive/MyDrive/train_data/images/img_00469.jpg,AFJ511
/content/drive/MyDrive/train_data/images/img_06039.jpg,RLH45
/content/drive/MyDrive/train_data/images/img_03563.jpg,BLJ241
/content/drive/MyDrive/train_data/images/img_02888.jpg,BAC021
/content/drive/MyDrive/train_data/images/img_05051.jpg,LEA2037
/content/drive/MyDrive/train_data/images/img_03662.jpg,BMX496
/content/drive/MyDrive/train_data/images/img_02879.jpg,BA85
/content/drive/MyDrive/train_data/images/img_03636.jpg,BMN447
/content/drive/MyDrive/train_data/images/img_01365.jpg,ANS350
/content/drive/MyDrive/train_data/images/img_03490.jpg,BKH953
/content/drive/MyDrive/train_data/images/img_06051.jpg,SAJ106
/content/drive/MyDrive/train_data/images/img_02510.jpg,AWK074
/content/drive/MyDrive/train_data/images/img_02421.jpg,AVT212
/content/drive/MyDrive/train_data/images/img_02686.jpg,AXQ888
/content/drive/MyDrive/train_data/images/img_00655.jpg,AHD518
/content/drive/MyDrive/train_data/images/img_04847.jpg,LE1744
/content/drive/MyDrive/train_data/images/img_02631.jpg,AXB458
/content/drive/MyDrive/train_data/images/img_02406.jpg,AVQ012
/content/drive/MyDrive/train_data/images/img_04468.jpg,CBJ472
/content/drive/MyDrive/train_data/images/img_01478.jpg,APL913
/content/drive/MyDrive/train_data/images/img_05062.jpg,LEA2591
/content/drive/MyDrive/train_data/images/img_05451.jpg,LEC999
/content/drive/MyDrive/train_data/images/img_03477.jpg,BKA155
/content/drive/MyDrive/train_data/images/img_00676.jpg,AHH235
/content/drive/MyDrive/train_data/images/img_02184.jpg,AUE284
/content/drive/MyDrive/train_data/images/img_04253.jpg,BXY527
/content/drive/MyDrive/train_data/images/img_05295.jpg,LEB687
/content/drive/MyDrive/train_data/images/img_04075.jpg,BVE693
/content/drive/MyDrive/train_data/images/img_04064.jpg,BVB120
/content/drive/MyDrive/train_data/images/img_01530.jpg,APV818
/content/drive/MyDrive/train_data/images/img_02777.jpg,AYV705
/content/drive/MyDrive/train_data/images/img_03167.jpg,BEA903
/content/drive/MyDrive/train_data/images/img_04989.jpg,LE8464
/content/drive/MyDrive/train_data/images/img_03276.jpg,BFJ594
/content/drive/MyDrive/train_data/images/img_03579.jpg,BLP367
/content/drive/MyDrive/train_data/images/img_03014.jpg,BBT610
/content/drive/MyDrive/train_data/images/img_01019.jpg,ALA150
/content/drive/MyDrive/train_data/images/img_05129.jpg,LEA64
/content/drive/MyDrive/train_data/images/img_05508.jpg,LED6774
/content/drive/MyDrive/train_data/images/img_05208.jpg,LEB1957
/content/drive/MyDrive/train_data/images/img_02924.jpg,BAL555
/content/drive/MyDrive/train_data/images/img_02343.jpg,AVC045
/content/drive/MyDrive/train_data/images/img_05836.jpg,LES6995
/content/drive/MyDrive/train_data/images/img_00299.jpg,ADP254
/content/drive/MyDrive/train_data/images/img_02075.jpg,ATL054
/content/drive/MyDrive/train_data/images/img_03878.jpg,BRZ657
/content/drive/MyDrive/train_data/images/img_04448.jpg,CAV9774
/content/drive/MyDrive/train_data/images/img_03262.jpg,BFF342
/content/drive/MyDrive/train_data/images/img_06109.jpg,WUT0
/content/drive/MyDrive/train_data/images/img_02540.jpg,AWQ36
/content/drive/MyDrive/train_data/images/img_02585.jpg,AWW060
/content/drive/MyDrive/train_data/images/img_00343.jpg,ADY854
/content/drive/MyDrive/train_data/images/img_06217.jpg,GBB525
/content/drive/MyDrive/train_data/images/img_00358.jpg,AEC268
/content/drive/MyDrive/train_data/images/img_01651.jpg,AQS393
/content/drive/MyDrive/train_data/images/img_06150.jpg,ASE274
/content/drive/MyDrive/train_data/images/img_00302.jpg,ADP579
/content/drive/MyDrive/train_data/images/img_03749.jpg,BPS839
/content/drive/MyDrive/train_data/images/img_00516.jpg,AFU196
/content/drive/MyDrive/train_data/images/img_01104.jpg,ALR590
/content/drive/MyDrive/train_data/images/img_01493.jpg,APP015
/content/drive/MyDrive/train_data/images/img_03920.jpg,BST674
/content/drive/MyDrive/train_data/images/img_05858.jpg,LEU1606
/content/drive/MyDrive/train_data/images/img_05452.jpg,LEC999
/content/drive/MyDrive/train_data/images/img_05494.jpg,LED5661
/content/drive/MyDrive/train_data/images/img_04472.jpg,CBJ8241
/content/drive/MyDrive/train_data/images/img_05399.jpg,LEC5143
/content/drive/MyDrive/train_data/images/img_06175.jpg,BFF832
/content/drive/MyDrive/train_data/images/img_06064.jpg,SAM292
/content/drive/MyDrive/train_data/images/img_05533.jpg,LED8599
/content/drive/MyDrive/train_data/images/img_00849.jpg,AJN344
/content/drive/MyDrive/train_data/images/img_01975.jpg,AST487
/content/drive/MyDrive/train_data/images/img_02824.jpg,AZL123
/content/drive/MyDrive/train_data/images/img_00553.jpg,AGJ1
/content/drive/MyDrive/train_data/images/img_02925.jpg,BAL555
/content/drive/MyDrive/train_data/images/img_00133.jpg,ABT70
/content/drive/MyDrive/train_data/images/img_02077.jpg,ATL595
/content/drive/MyDrive/train_data/images/img_03058.jpg,BCG548
/content/drive/MyDrive/train_data/images/img_03169.jpg,BEB067
/content/drive/MyDrive/train_data/images/img_00356.jpg,AEB833
/content/drive/MyDrive/train_data/images/img_03851.jpg,BRS212
/content/drive/MyDrive/train_data/images/img_06403.jpg,LEB2666
/content/drive/MyDrive/train_data/images/img_05939.jpg,LWG9100
/content/drive/MyDrive/train_data/images/img_04539.jpg,DBX216
/content/drive/MyDrive/train_data/images/img_04889.jpg,LE405
/content/drive/MyDrive/train_data/images/img_04980.jpg,LE7979
/content/drive/MyDrive/train_data/images/img_04457.jpg,CAY168
/content/drive/MyDrive/train_data/images/img_05243.jpg,LEB4022
/content/drive/MyDrive/train_data/images/img_00554.jpg,AGJ122
/content/drive/MyDrive/train_data/images/img_02954.jpg,BAZ099
/content/drive/MyDrive/train_data/images/img_04288.jpg,BYS704
/content/drive/MyDrive/train_data/images/img_05835.jpg,LES6995
/content/drive/MyDrive/train_data/images/img_01534.jpg,APV998
/content/drive/MyDrive/train_data/images/img_03412.jpg,BHL5405
/content/drive/MyDrive/train_data/images/img_04674.jpg,DHD345
/content/drive/MyDrive/train_data/images/img_01970.jpg,ASR870
/content/drive/MyDrive/train_data/images/img_02890.jpg,BAC021
/content/drive/MyDrive/train_data/images/img_00012.jpg,AACG318
/content/drive/MyDrive/train_data/images/img_05044.jpg,LEA1988
/content/drive/MyDrive/train_data/images/img_02386.jpg,AVK336
/content/drive/MyDrive/train_data/images/img_01176.jpg,AME114
/content/drive/MyDrive/train_data/images/img_01981.jpg,ASU555
/content/drive/MyDrive/train_data/images/img_04710.jpg,FDA4598
/content/drive/MyDrive/train_data/images/img_04221.jpg,BXJ856
/content/drive/MyDrive/train_data/images/img_00134.jpg,ABT979
/content/drive/MyDrive/train_data/images/img_04391.jpg,CAK3644
/content/drive/MyDrive/train_data/images/img_04094.jpg,BVH480
/content/drive/MyDrive/train_data/images/img_06240.jpg,LE1811
/content/drive/MyDrive/train_data/images/img_00514.jpg,AFT44
/content/drive/MyDrive/train_data/images/img_03744.jpg,BPQ030
/content/drive/MyDrive/train_data/images/img_05113.jpg,LEA507
/content/drive/MyDrive/train_data/images/img_01953.jpg,ASN741
/content/drive/MyDrive/train_data/images/img_00391.jpg,AEN455
/content/drive/MyDrive/train_data/images/img_00998.jpg,AKW382
/content/drive/MyDrive/train_data/images/img_02467.jpg,AWC164
/content/drive/MyDrive/train_data/images/img_01946.jpg,ASN576
/content/drive/MyDrive/train_data/images/img_06008.jpg,MZ560
/content/drive/MyDrive/train_data/images/img_00910.jpg,AK06
/content/drive/MyDrive/train_data/images/img_03467.jpg,BJT892
/content/drive/MyDrive/train_data/images/img_04323.jpg,BZC831
/content/drive/MyDrive/train_data/images/img_04495.jpg,DAB104
/content/drive/MyDrive/train_data/images/img_01224.jpg,AMP484
/content/drive/MyDrive/train_data/images/img_01766.jpg,ARJ962
/content/drive/MyDrive/train_data/images/img_05005.jpg,LE9047
/content/drive/MyDrive/train_data/images/img_00155.jpg,ABZ626
/content/drive/MyDrive/train_data/images/img_00649.jpg,AHB403
/content/drive/MyDrive/train_data/images/img_00043.jpg,AAL244
/content/drive/MyDrive/train_data/images/img_03674.jpg,BN50
/content/drive/MyDrive/train_data/images/img_06124.jpg,ABDULLAH
/content/drive/MyDrive/train_data/images/img_01136.jpg,ALX518
/content/drive/MyDrive/train_data/images/img_03870.jpg,BRX233
/content/drive/MyDrive/train_data/images/img_06137.jpg,AHL091
/content/drive/MyDrive/train_data/images/img_06190.jpg,CAR2562
/content/drive/MyDrive/train_data/images/img_01127.jpg,ALW237
/content/drive/MyDrive/train_data/images/img_01196.jpg,AMJ937
/content/drive/MyDrive/train_data/images/img_02746.jpg,AYJ601
/content/drive/MyDrive/train_data/images/img_06650.jpg,LEH543
/content/drive/MyDrive/train_data/images/img_02610.jpg,AWZ585
/content/drive/MyDrive/train_data/images/img_00230.jpg,ACU410
/content/drive/MyDrive/train_data/images/img_01839.jpg,ARX277
/content/drive/MyDrive/train_data/images/img_03071.jpg,BCN031
/content/drive/MyDrive/train_data/images/img_05098.jpg,LEA434
/content/drive/MyDrive/train_data/images/img_03163.jpg,BE68
/content/drive/MyDrive/train_data/images/img_01931.jpg,ASJ776
/content/drive/MyDrive/train_data/images/img_06543.jpg,LED7509
/content/drive/MyDrive/train_data/images/img_04112.jpg,BVU12
/content/drive/MyDrive/train_data/images/img_03247.jpg,BFA758
/content/drive/MyDrive/train_data/images/img_00436.jpg,AEY712
/content/drive/MyDrive/train_data/images/img_05309.jpg,LEB7736
/content/drive/MyDrive/train_data/images/img_00218.jpg,ACP766
/content/drive/MyDrive/train_data/images/img_02863.jpg,AZZ479
/content/drive/MyDrive/train_data/images/img_03695.jpg,BNR607
/content/drive/MyDrive/train_data/images/img_01818.jpg,ARV042
/content/drive/MyDrive/train_data/images/img_05117.jpg,LEA526
/content/drive/MyDrive/train_data/images/img_03583.jpg,BLR031
/content/drive/MyDrive/train_data/images/img_06098.jpg,VD407
/content/drive/MyDrive/train_data/images/img_04205.jpg,BXC827
/content/drive/MyDrive/train_data/images/img_03680.jpg,BND807
/content/drive/MyDrive/train_data/images/img_02234.jpg,AUP289
/content/drive/MyDrive/train_data/images/img_01313.jpg,ANE704
/content/drive/MyDrive/train_data/images/img_05971.jpg,LZQ492
/content/drive/MyDrive/train_data/images/img_02335.jpg,AVB144
/content/drive/MyDrive/train_data/images/img_01021.jpg,ALA415
/content/drive/MyDrive/train_data/images/img_04226.jpg,BXL219
/content/drive/MyDrive/train_data/images/img_05765.jpg,LEH6694
/content/drive/MyDrive/train_data/images/img_04542.jpg,DBX607
/content/drive/MyDrive/train_data/images/img_03040.jpg,BCC575
/content/drive/MyDrive/train_data/images/img_03936.jpg,BSY270
/content/drive/MyDrive/train_data/images/img_00427.jpg,AEU912
/content/drive/MyDrive/train_data/images/img_05425.jpg,LEC7636
/content/drive/MyDrive/train_data/images/img_06114.jpg,YT281
/content/drive/MyDrive/train_data/images/img_01635.jpg,AQN993
/content/drive/MyDrive/train_data/images/img_01327.jpg,ANL121
/content/drive/MyDrive/train_data/images/img_03429.jpg,BHU435
/content/drive/MyDrive/train_data/images/img_04320.jpg,BZB336
/content/drive/MyDrive/train_data/images/img_06377.jpg,LEA8700
/content/drive/MyDrive/train_data/images/img_03128.jpg,BDG235
/content/drive/MyDrive/train_data/images/img_06567.jpg,LEE5448
/content/drive/MyDrive/train_data/images/img_04977.jpg,LE7803
/content/drive/MyDrive/train_data/images/img_03609.jpg,BMD178
/content/drive/MyDrive/train_data/images/img_04672.jpg,DGZ531
/content/drive/MyDrive/train_data/images/img_03013.jpg,BBT610
/content/drive/MyDrive/train_data/images/img_01589.jpg,AQE096
/content/drive/MyDrive/train_data/images/img_03842.jpg,BRH844
/content/drive/MyDrive/train_data/images/img_02535.jpg,AWQ004
/content/drive/MyDrive/train_data/images/img_06040.jpg,RS207
/content/drive/MyDrive/train_data/images/img_04374.jpg,CAA5912
/content/drive/MyDrive/train_data/images/img_01916.jpg,ASH135
/content/drive/MyDrive/train_data/images/img_05720.jpg,LEG909
/content/drive/MyDrive/train_data/images/img_06319.jpg,LE9792
/content/drive/MyDrive/train_data/images/img_03638.jpg,BMQ581
/content/drive/MyDrive/train_data/images/img_01945.jpg,ASN493
/content/drive/MyDrive/train_data/images/img_02984.jpg,BBJ320
/content/drive/MyDrive/train_data/images/img_05162.jpg,LEA8035
/content/drive/MyDrive/train_data/images/img_05521.jpg,LED8102
/content/drive/MyDrive/train_data/images/img_03585.jpg,BLV474
/content/drive/MyDrive/train_data/images/img_01356.jpg,ANR222
/content/drive/MyDrive/train_data/images/img_01481.jpg,APM063
/content/drive/MyDrive/train_data/images/img_01329.jpg,ANL558
/content/drive/MyDrive/train_data/images/img_01263.jpg,AMW468
/content/drive/MyDrive/train_data/images/img_03086.jpg,BCT174
/content/drive/MyDrive/train_data/images/img_05589.jpg,LEE5940
/content/drive/MyDrive/train_data/images/img_02758.jpg,AYR149
/content/drive/MyDrive/train_data/images/img_00309.jpg,ADR403
/content/drive/MyDrive/train_data/images/img_04313.jpg,BYZ949
/content/drive/MyDrive/train_data/images/img_04421.jpg,CAS3902
/content/drive/MyDrive/train_data/images/img_06547.jpg,LED8290
/content/drive/MyDrive/train_data/images/img_00828.jpg,AJJ601
/content/drive/MyDrive/train_data/images/img_05413.jpg,LEC66
/content/drive/MyDrive/train_data/images/img_00632.jpg,AGY91
/content/drive/MyDrive/train_data/images/img_01269.jpg,AMW799
/content/drive/MyDrive/train_data/images/img_01126.jpg,ALV831
/content/drive/MyDrive/train_data/images/img_01855.jpg,ARZ367
/content/drive/MyDrive/train_data/images/img_01572.jpg,AQC223
/content/drive/MyDrive/train_data/images/img_03983.jpg,BTX995
/content/drive/MyDrive/train_data/images/img_02799.jpg,AZD034
/content/drive/MyDrive/train_data/images/img_01754.jpg,ARG181
/content/drive/MyDrive/train_data/images/img_01476.jpg,APL4
/content/drive/MyDrive/train_data/images/img_05900.jpg,LOV1768
/content/drive/MyDrive/train_data/images/img_02970.jpg,BBD550
/content/drive/MyDrive/train_data/images/img_00149.jpg,ABY154
/content/drive/MyDrive/train_data/images/img_05033.jpg,LEA144
/content/drive/MyDrive/train_data/images/img_04165.jpg,BWQ070
/content/drive/MyDrive/train_data/images/img_03468.jpg,BJT892
/content/drive/MyDrive/train_data/images/img_06104.jpg,VU742
/content/drive/MyDrive/train_data/images/img_04312.jpg,BYZ789
/content/drive/MyDrive/train_data/images/img_01046.jpg,ALE243
/content/drive/MyDrive/train_data/images/img_02690.jpg,AXR782
/content/drive/MyDrive/train_data/images/img_03085.jpg,BCT174
/content/drive/MyDrive/train_data/images/img_06060.jpg,SAL652
/content/drive/MyDrive/train_data/images/img_02536.jpg,AWQ047
/content/drive/MyDrive/train_data/images/img_06111.jpg,XB846
/content/drive/MyDrive/train_data/images/img_05674.jpg,LEF6813
/content/drive/MyDrive/train_data/images/img_01056.jpg,ALG077
/content/drive/MyDrive/train_data/images/img_03210.jpg,BEQ308
/content/drive/MyDrive/train_data/images/img_05022.jpg,LE9949
/content/drive/MyDrive/train_data/images/img_02865.jpg,AZZ544
/content/drive/MyDrive/train_data/images/img_01158.jpg,AM473
/content/drive/MyDrive/train_data/images/img_04773.jpg,GT4
/content/drive/MyDrive/train_data/images/img_00667.jpg,AHF877
/content/drive/MyDrive/train_data/images/img_05627.jpg,LEE9208
/content/drive/MyDrive/train_data/images/img_01231.jpg,AMR087
/content/drive/MyDrive/train_data/images/img_02064.jpg,ATH961
/content/drive/MyDrive/train_data/images/img_02327.jpg,AVA056
/content/drive/MyDrive/train_data/images/img_03166.jpg,BEA903
/content/drive/MyDrive/train_data/images/img_04570.jpg,DCT418
/content/drive/MyDrive/train_data/images/img_00774.jpg,AHZ138
/content/drive/MyDrive/train_data/images/img_05164.jpg,LEA8144
/content/drive/MyDrive/train_data/images/img_00539.jpg,AGD838
/content/drive/MyDrive/train_data/images/img_02741.jpg,AYH155
/content/drive/MyDrive/train_data/images/img_00428.jpg,AEV417
/content/drive/MyDrive/train_data/images/img_04897.jpg,LE4430
/content/drive/MyDrive/train_data/images/img_02771.jpg,AYT414
/content/drive/MyDrive/train_data/images/img_03348.jpg,BGP631
/content/drive/MyDrive/train_data/images/img_03173.jpg,BEB673
/content/drive/MyDrive/train_data/images/img_05544.jpg,LED9647
/content/drive/MyDrive/train_data/images/img_03054.jpg,BCF755
/content/drive/MyDrive/train_data/images/img_02981.jpg,BBH385
/content/drive/MyDrive/train_data/images/img_01300.jpg,ANC607
/content/drive/MyDrive/train_data/images/img_06352.jpg,LEA5203
/content/drive/MyDrive/train_data/images/img_04293.jpg,BYU993
/content/drive/MyDrive/train_data/images/img_03599.jpg,BM79
/content/drive/MyDrive/train_data/images/img_05661.jpg,LEF4521
/content/drive/MyDrive/train_data/images/img_02029.jpg,ATC200
/content/drive/MyDrive/train_data/images/img_00320.jpg,ADS827
/content/drive/MyDrive/train_data/images/img_01413.jpg,APA130
/content/drive/MyDrive/train_data/images/img_04133.jpg,BWA43
/content/drive/MyDrive/train_data/images/img_00690.jpg,AHL091
/content/drive/MyDrive/train_data/images/img_02813.jpg,AZG106
/content/drive/MyDrive/train_data/images/img_00847.jpg,AJM7505
/content/drive/MyDrive/train_data/images/img_06085.jpg,UG131
/content/drive/MyDrive/train_data/images/img_00506.jpg,AFS3068
/content/drive/MyDrive/train_data/images/img_06386.jpg,LEB1162
/content/drive/MyDrive/train_data/images/img_04107.jpg,BVR836
/content/drive/MyDrive/train_data/images/img_03896.jpg,BSJ762
/content/drive/MyDrive/train_data/images/img_04956.jpg,LE6808
/content/drive/MyDrive/train_data/images/img_02633.jpg,AXB844
/content/drive/MyDrive/train_data/images/img_01542.jpg,APW793
/content/drive/MyDrive/train_data/images/img_04683.jpg,EAB638
/content/drive/MyDrive/train_data/images/img_03684.jpg,BNG694
/content/drive/MyDrive/train_data/images/img_06154.jpg,AUV766
/content/drive/MyDrive/train_data/images/img_05272.jpg,LEB5498
/content/drive/MyDrive/train_data/images/img_04754.jpg,GBE366
/content/drive/MyDrive/train_data/images/img_03790.jpg,BQF788
/content/drive/MyDrive/train_data/images/img_03149.jpg,BDS191
/content/drive/MyDrive/train_data/images/img_04153.jpg,BWJ657
/content/drive/MyDrive/train_data/images/img_04866.jpg,LE3002
/content/drive/MyDrive/train_data/images/img_05356.jpg,LEC1575
/content/drive/MyDrive/train_data/images/img_00628.jpg,AGX730
/content/drive/MyDrive/train_data/images/img_02351.jpg,AVC821
/content/drive/MyDrive/train_data/images/img_03020.jpg,BBV896
/content/drive/MyDrive/train_data/images/img_00466.jpg,AFJ057
/content/drive/MyDrive/train_data/images/img_00308.jpg,ADR039
/content/drive/MyDrive/train_data/images/img_05618.jpg,LEE8542
/content/drive/MyDrive/train_data/images/img_05967.jpg,LZL1406
/content/drive/MyDrive/train_data/images/img_06101.jpg,VK990
/content/drive/MyDrive/train_data/images/img_00607.jpg,AGT964
/content/drive/MyDrive/train_data/images/img_05152.jpg,LEA7628
/content/drive/MyDrive/train_data/images/img_02883.jpg,BAB021
/content/drive/MyDrive/train_data/images/img_00460.jpg,AFF574
/content/drive/MyDrive/train_data/images/img_04844.jpg,LE1634
/content/drive/MyDrive/train_data/images/img_02250.jpg,AUR184
/content/drive/MyDrive/train_data/images/img_02480.jpg,AWE127
/content/drive/MyDrive/train_data/images/img_05638.jpg,LEF193
/content/drive/MyDrive/train_data/images/img_03841.jpg,BRH284
/content/drive/MyDrive/train_data/images/img_00559.jpg,AGJ954
/content/drive/MyDrive/train_data/images/img_03602.jpg,BMA297
/content/drive/MyDrive/train_data/images/img_01236.jpg,AMS223
/content/drive/MyDrive/train_data/images/img_02589.jpg,AWW720
/content/drive/MyDrive/train_data/images/img_02647.jpg,AXE362
/content/drive/MyDrive/train_data/images/img_04624.jpg,DES630
/content/drive/MyDrive/train_data/images/img_03677.jpg,BNA691
/content/drive/MyDrive/train_data/images/img_05384.jpg,LEC4142
/content/drive/MyDrive/train_data/images/img_04618.jpg,DEM125
/content/drive/MyDrive/train_data/images/img_03800.jpg,BQJ455
/content/drive/MyDrive/train_data/images/img_04047.jpg,BUV795
/content/drive/MyDrive/train_data/images/img_01451.jpg,APJ328
/content/drive/MyDrive/train_data/images/img_06424.jpg,LEB5498
/content/drive/MyDrive/train_data/images/img_06544.jpg,LED7752
/content/drive/MyDrive/train_data/images/img_04934.jpg,LE604
/content/drive/MyDrive/train_data/images/img_01421.jpg,APC571
/content/drive/MyDrive/train_data/images/img_01616.jpg,AQJ491
/content/drive/MyDrive/train_data/images/img_02096.jpg,ATP590
/content/drive/MyDrive/train_data/images/img_01199.jpg,AMK55
/content/drive/MyDrive/train_data/images/img_06244.jpg,LE2158
/content/drive/MyDrive/train_data/images/img_01935.jpg,ASK667
/content/drive/MyDrive/train_data/images/img_01209.jpg,AMM248
/content/drive/MyDrive/train_data/images/img_06203.jpg,DCN917
/content/drive/MyDrive/train_data/images/img_02862.jpg,AZZ020
/content/drive/MyDrive/train_data/images/img_01588.jpg,AQE023
/content/drive/MyDrive/train_data/images/img_04177.jpg,BWW20
/content/drive/MyDrive/train_data/images/img_05203.jpg,LEB177
/content/drive/MyDrive/train_data/images/img_05753.jpg,LEH55
/content/drive/MyDrive/train_data/images/img_04181.jpg,BWW549
/content/drive/MyDrive/train_data/images/img_00625.jpg,AGW887
/content/drive/MyDrive/train_data/images/img_01377.jpg,ANU899
/content/drive/MyDrive/train_data/images/img_02728.jpg,AYD198
/content/drive/MyDrive/train_data/images/img_05821.jpg,LES2923
/content/drive/MyDrive/train_data/images/img_02781.jpg,AYW989
/content/drive/MyDrive/train_data/images/img_02541.jpg,AWR065
/content/drive/MyDrive/train_data/images/img_05409.jpg,LEC6178
/content/drive/MyDrive/train_data/images/img_00644.jpg,AHA841
/content/drive/MyDrive/train_data/images/img_04292.jpg,BYU502
/content/drive/MyDrive/train_data/images/img_05617.jpg,LEE8542
/content/drive/MyDrive/train_data/images/img_04824.jpg,LBD391
/content/drive/MyDrive/train_data/images/img_03569.jpg,BLK490
/content/drive/MyDrive/train_data/images/img_05818.jpg,LES1968
/content/drive/MyDrive/train_data/images/img_00867.jpg,AJR596
/content/drive/MyDrive/train_data/images/img_03577.jpg,BLP144
/content/drive/MyDrive/train_data/images/img_05613.jpg,LEE815
/content/drive/MyDrive/train_data/images/img_02964.jpg,BBB051
/content/drive/MyDrive/train_data/images/img_03769.jpg,BPY568
/content/drive/MyDrive/train_data/images/img_01407.jpg,AP0009
/content/drive/MyDrive/train_data/images/img_02660.jpg,AXG985
/content/drive/MyDrive/train_data/images/img_00170.jpg,ACC963
/content/drive/MyDrive/train_data/images/img_03318.jpg,BGA815
/content/drive/MyDrive/train_data/images/img_05364.jpg,LEC2593
/content/drive/MyDrive/train_data/images/img_05067.jpg,LEA2818
/content/drive/MyDrive/train_data/images/img_03421.jpg,BHR640
/content/drive/MyDrive/train_data/images/img_03313.jpg,BG7495
/content/drive/MyDrive/train_data/images/img_04697.jpg,EW711
/content/drive/MyDrive/train_data/images/img_03516.jpg,BKT833
/content/drive/MyDrive/train_data/images/img_05914.jpg,LRK5
/content/drive/MyDrive/train_data/images/img_02564.jpg,AWU329
/content/drive/MyDrive/train_data/images/img_00637.jpg,AHA033
/content/drive/MyDrive/train_data/images/img_05879.jpg,LEU4807
/content/drive/MyDrive/train_data/images/img_00153.jpg,ABZ626
/content/drive/MyDrive/train_data/images/img_03573.jpg,BLK868
/content/drive/MyDrive/train_data/images/img_00346.jpg,ADZ141
/content/drive/MyDrive/train_data/images/img_03252.jpg,BFD842
/content/drive/MyDrive/train_data/images/img_00590.jpg,AGQ702
/content/drive/MyDrive/train_data/images/img_02901.jpg,BAE500
/content/drive/MyDrive/train_data/images/img_04577.jpg,DCX339
/content/drive/MyDrive/train_data/images/img_04098.jpg,BVK524
/content/drive/MyDrive/train_data/images/img_05401.jpg,LEC540
/content/drive/MyDrive/train_data/images/img_04362.jpg,BZV163
/content/drive/MyDrive/train_data/images/img_03114.jpg,BDE150
/content/drive/MyDrive/train_data/images/img_01058.jpg,ALG799
/content/drive/MyDrive/train_data/images/img_01439.jpg,APG338
/content/drive/MyDrive/train_data/images/img_03527.jpg,BKX601
/content/drive/MyDrive/train_data/images/img_04074.jpg,BVE335
/content/drive/MyDrive/train_data/images/img_00063.jpg,AAT669
/content/drive/MyDrive/train_data/images/img_06364.jpg,LEA6850
/content/drive/MyDrive/train_data/images/img_05639.jpg,LEF1962
/content/drive/MyDrive/train_data/images/img_02371.jpg,AVH697
/content/drive/MyDrive/train_data/images/img_02093.jpg,ATP171
/content/drive/MyDrive/train_data/images/img_01124.jpg,ALV722
/content/drive/MyDrive/train_data/images/img_01730.jpg,ARD021
/content/drive/MyDrive/train_data/images/img_02469.jpg,AWC411
/content/drive/MyDrive/train_data/images/img_01674.jpg,AQV921
/content/drive/MyDrive/train_data/images/img_00062.jpg,AAT669
/content/drive/MyDrive/train_data/images/img_00448.jpg,AFC752
/content/drive/MyDrive/train_data/images/img_04909.jpg,LE525
/content/drive/MyDrive/train_data/images/img_03237.jpg,BF0541
/content/drive/MyDrive/train_data/images/img_06523.jpg,LED1572
/content/drive/MyDrive/train_data/images/img_05773.jpg,LEH7752
/content/drive/MyDrive/train_data/images/img_02526.jpg,AWM592
/content/drive/MyDrive/train_data/images/img_04316.jpg,BZ201
/content/drive/MyDrive/train_data/images/img_06393.jpg,LEB177
/content/drive/MyDrive/train_data/images/img_04858.jpg,LE251
/content/drive/MyDrive/train_data/images/img_02320.jpg,AV208
/content/drive/MyDrive/train_data/images/img_00908.jpg,AJZ853
/content/drive/MyDrive/train_data/images/img_06126.jpg,ACE317
/content/drive/MyDrive/train_data/images/img_06118.jpg,ZF222
/content/drive/MyDrive/train_data/images/img_00932.jpg,AKF842
/content/drive/MyDrive/train_data/images/img_04197.jpg,BXB250
/content/drive/MyDrive/train_data/images/img_01765.jpg,ARJ553
/content/drive/MyDrive/train_data/images/img_02237.jpg,AUP46
/content/drive/MyDrive/train_data/images/img_03392.jpg,BH6065
/content/drive/MyDrive/train_data/images/img_05594.jpg,LEE6261
/content/drive/MyDrive/train_data/images/img_05400.jpg,LEC5395
/content/drive/MyDrive/train_data/images/img_05990.jpg,MB068
/content/drive/MyDrive/train_data/images/img_03473.jpg,BJX060
/content/drive/MyDrive/train_data/images/img_03629.jpg,BMJ026
/content/drive/MyDrive/train_data/images/img_02229.jpg,AUN713
/content/drive/MyDrive/train_data/images/img_00668.jpg,AHF877
/content/drive/MyDrive/train_data/images/img_00407.jpg,AER842
/content/drive/MyDrive/train_data/images/img_05061.jpg,LEA257
/content/drive/MyDrive/train_data/images/img_05110.jpg,LEA4994
/content/drive/MyDrive/train_data/images/img_01274.jpg,AMX240
/content/drive/MyDrive/train_data/images/img_00430.jpg,AEW368
/content/drive/MyDrive/train_data/images/img_00695.jpg,AHL557
/content/drive/MyDrive/train_data/images/img_04884.jpg,LE388
/content/drive/MyDrive/train_data/images/img_04649.jpg,DFU094
/content/drive/MyDrive/train_data/images/img_05465.jpg,LED2438
/content/drive/MyDrive/train_data/images/img_02552.jpg,AWS602
/content/drive/MyDrive/train_data/images/img_03031.jpg,BC957
/content/drive/MyDrive/train_data/images/img_06375.jpg,LEA8569
/content/drive/MyDrive/train_data/images/img_02792.jpg,AZB431
/content/drive/MyDrive/train_data/images/img_06647.jpg,LEH5172
/content/drive/MyDrive/train_data/images/img_03439.jpg,BJ9111
/content/drive/MyDrive/train_data/images/img_03081.jpg,BCS474
/content/drive/MyDrive/train_data/images/img_01762.jpg,ARH784
/content/drive/MyDrive/train_data/images/img_04345.jpg,BZQ318
/content/drive/MyDrive/train_data/images/img_00751.jpg,AHV471
/content/drive/MyDrive/train_data/images/img_00251.jpg,AD2244
/content/drive/MyDrive/train_data/images/img_01162.jpg,AMA963
/content/drive/MyDrive/train_data/images/img_00570.jpg,AGL422
/content/drive/MyDrive/train_data/images/img_03283.jpg,BFM811
/content/drive/MyDrive/train_data/images/img_04639.jpg,DFK641
/content/drive/MyDrive/train_data/images/img_01173.jpg,AMD633
/content/drive/MyDrive/train_data/images/img_05636.jpg,LEF1617
/content/drive/MyDrive/train_data/images/img_00050.jpg,AAP450
/content/drive/MyDrive/train_data/images/img_02875.jpg,BA53
/content/drive/MyDrive/train_data/images/img_02783.jpg,AYY2
/content/drive/MyDrive/train_data/images/img_02531.jpg,AWP235
/content/drive/MyDrive/train_data/images/img_02238.jpg,AUP46
/content/drive/MyDrive/train_data/images/img_01477.jpg,APL871
/content/drive/MyDrive/train_data/images/img_05467.jpg,LED26
/content/drive/MyDrive/train_data/images/img_02190.jpg,AUF251
/content/drive/MyDrive/train_data/images/img_06546.jpg,LED8223
/content/drive/MyDrive/train_data/images/img_00215.jpg,ACP471
/content/drive/MyDrive/train_data/images/img_04560.jpg,DCM683
/content/drive/MyDrive/train_data/images/img_05026.jpg,LEA
/content/drive/MyDrive/train_data/images/img_05093.jpg,LEA4214
/content/drive/MyDrive/train_data/images/img_04595.jpg,DDJ278
/content/drive/MyDrive/train_data/images/img_03515.jpg,BKT622
/content/drive/MyDrive/train_data/images/img_01852.jpg,ARZ330
/content/drive/MyDrive/train_data/images/img_04703.jpg,FA926
/content/drive/MyDrive/train_data/images/img_06206.jpg,E646
/content/drive/MyDrive/train_data/images/img_00941.jpg,AKH972
/content/drive/MyDrive/train_data/images/img_03011.jpg,BBT525
/content/drive/MyDrive/train_data/images/img_04556.jpg,DCG644
/content/drive/MyDrive/train_data/images/img_02868.jpg,AZZ64
/content/drive/MyDrive/train_data/images/img_00886.jpg,AJV143
/content/drive/MyDrive/train_data/images/img_01837.jpg,ARX079
/content/drive/MyDrive/train_data/images/img_03950.jpg,BTG031
/content/drive/MyDrive/train_data/images/img_01267.jpg,AMW793
/content/drive/MyDrive/train_data/images/img_01742.jpg,ARE701
/content/drive/MyDrive/train_data/images/img_04156.jpg,BWL061
/content/drive/MyDrive/train_data/images/img_04734.jpg,GAT601
/content/drive/MyDrive/train_data/images/img_06305.jpg,LE854
/content/drive/MyDrive/train_data/images/img_02880.jpg,BA878
/content/drive/MyDrive/train_data/images/img_02559.jpg,AWT763
/content/drive/MyDrive/train_data/images/img_05899.jpg,LOR261
/content/drive/MyDrive/train_data/images/img_05435.jpg,LEC8686
/content/drive/MyDrive/train_data/images/img_00421.jpg,AET853
/content/drive/MyDrive/train_data/images/img_03464.jpg,BJS534
/content/drive/MyDrive/train_data/images/img_02896.jpg,BAC786
/content/drive/MyDrive/train_data/images/img_05522.jpg,LED8102
/content/drive/MyDrive/train_data/images/img_01001.jpg,AKW763
/content/drive/MyDrive/train_data/images/img_02700.jpg,AXU221
/content/drive/MyDrive/train_data/images/img_04601.jpg,DDX662
/content/drive/MyDrive/train_data/images/img_04600.jpg,DDX273
/content/drive/MyDrive/train_data/images/img_04804.jpg,KW7879
/content/drive/MyDrive/train_data/images/img_00491.jpg,AFQ628
/content/drive/MyDrive/train_data/images/img_04557.jpg,DCL371
/content/drive/MyDrive/train_data/images/img_01065.jpg,ALHT222
/content/drive/MyDrive/train_data/images/img_03052.jpg,BCE891
/content/drive/MyDrive/train_data/images/img_00791.jpg,AJB181
/content/drive/MyDrive/train_data/images/img_03537.jpg,BL175
/content/drive/MyDrive/train_data/images/img_06586.jpg,LEE9919
/content/drive/MyDrive/train_data/images/img_00699.jpg,AHM869
/content/drive/MyDrive/train_data/images/img_05693.jpg,LEF7909
/content/drive/MyDrive/train_data/images/img_00549.jpg,AGG308
/content/drive/MyDrive/train_data/images/img_03885.jpg,BSB567
/content/drive/MyDrive/train_data/images/img_01250.jpg,AMT994
/content/drive/MyDrive/train_data/images/img_03066.jpg,BCK723
/content/drive/MyDrive/train_data/images/img_02088.jpg,ATN471
/content/drive/MyDrive/train_data/images/img_05184.jpg,LEA8962
/content/drive/MyDrive/train_data/images/img_03496.jpg,BKK920
/content/drive/MyDrive/train_data/images/img_02560.jpg,AWT894
/content/drive/MyDrive/train_data/images/img_00778.jpg,AHZ172
/content/drive/MyDrive/train_data/images/img_03407.jpg,BHF844
/content/drive/MyDrive/train_data/images/img_03266.jpg,BFG29
/content/drive/MyDrive/train_data/images/img_03715.jpg,BNZ258
/content/drive/MyDrive/train_data/images/img_02776.jpg,AYV699
/content/drive/MyDrive/train_data/images/img_03389.jpg,BH354
/content/drive/MyDrive/train_data/images/img_01871.jpg,ASA982
/content/drive/MyDrive/train_data/images/img_03699.jpg,BNS185
/content/drive/MyDrive/train_data/images/img_03523.jpg,BKX062
/content/drive/MyDrive/train_data/images/img_01761.jpg,ARH784
/content/drive/MyDrive/train_data/images/img_04516.jpg,DAX756
/content/drive/MyDrive/train_data/images/img_05983.jpg,LZX8822
/content/drive/MyDrive/train_data/images/img_06704.jpg,LEU7295
/content/drive/MyDrive/train_data/images/img_03524.jpg,BKX182
/content/drive/MyDrive/train_data/images/img_04959.jpg,LE6867
/content/drive/MyDrive/train_data/images/img_04141.jpg,BWE524
/content/drive/MyDrive/train_data/images/img_05315.jpg,LEB8109
/content/drive/MyDrive/train_data/images/img_02415.jpg,AVS199
/content/drive/MyDrive/train_data/images/img_04346.jpg,BZQ318
/content/drive/MyDrive/train_data/images/img_04893.jpg,LE4228
/content/drive/MyDrive/train_data/images/img_03120.jpg,BDE832
/content/drive/MyDrive/train_data/images/img_02663.jpg,AXH250
/content/drive/MyDrive/train_data/images/img_04492.jpg,DA175
/content/drive/MyDrive/train_data/images/img_05635.jpg,LEF1412
/content/drive/MyDrive/train_data/images/img_05186.jpg,LEA8993
/content/drive/MyDrive/train_data/images/img_05114.jpg,LEA507
/content/drive/MyDrive/train_data/images/img_02252.jpg,AUR596
/content/drive/MyDrive/train_data/images/img_01033.jpg,ALB538
/content/drive/MyDrive/train_data/images/img_00538.jpg,AGD702
/content/drive/MyDrive/train_data/images/img_01215.jpg,AMM867
/content/drive/MyDrive/train_data/images/img_04983.jpg,LE7
/content/drive/MyDrive/train_data/images/img_02638.jpg,AXC44
/content/drive/MyDrive/train_data/images/img_00661.jpg,AHE683
/content/drive/MyDrive/train_data/images/img_00602.jpg,AGS820
/content/drive/MyDrive/train_data/images/img_03633.jpg,BMM745
/content/drive/MyDrive/train_data/images/img_04016.jpg,BUG392
/content/drive/MyDrive/train_data/images/img_00884.jpg,AJV130
/content/drive/MyDrive/train_data/images/img_03492.jpg,BKK511
/content/drive/MyDrive/train_data/images/img_03290.jpg,BFRT9595
/content/drive/MyDrive/train_data/images/img_03923.jpg,BSV013
/content/drive/MyDrive/train_data/images/img_00498.jpg,AFR08
/content/drive/MyDrive/train_data/images/img_00255.jpg,ADA236
/content/drive/MyDrive/train_data/images/img_03752.jpg,BPU463
/content/drive/MyDrive/train_data/images/img_05901.jpg,LOZ4449
/content/drive/MyDrive/train_data/images/img_04271.jpg,BYF544
/content/drive/MyDrive/train_data/images/img_06687.jpg,LEU2611
/content/drive/MyDrive/train_data/images/img_05038.jpg,LEA183
/content/drive/MyDrive/train_data/images/img_01814.jpg,ARU673
/content/drive/MyDrive/train_data/images/img_04127.jpg,BVZ855
/content/drive/MyDrive/train_data/images/img_03702.jpg,BNS915
/content/drive/MyDrive/train_data/images/img_00893.jpg,AJW717
/content/drive/MyDrive/train_data/images/img_04863.jpg,LE2789
/content/drive/MyDrive/train_data/images/img_04204.jpg,BXC827
/content/drive/MyDrive/train_data/images/img_06599.jpg,LEF382
/content/drive/MyDrive/train_data/images/img_03672.jpg,BN07
/content/drive/MyDrive/train_data/images/img_03901.jpg,BSK864
/content/drive/MyDrive/train_data/images/img_06583.jpg,LEE8298
/content/drive/MyDrive/train_data/images/img_00931.jpg,AKF842
/content/drive/MyDrive/train_data/images/img_04309.jpg,BYY890
/content/drive/MyDrive/train_data/images/img_03448.jpg,BJD106
/content/drive/MyDrive/train_data/images/img_01038.jpg,ALC499
/content/drive/MyDrive/train_data/images/img_00429.jpg,AEV438
/content/drive/MyDrive/train_data/images/img_02173.jpg,AUB987
/content/drive/MyDrive/train_data/images/img_01427.jpg,APE326
/content/drive/MyDrive/train_data/images/img_00129.jpg,ABS228
/content/drive/MyDrive/train_data/images/img_02652.jpg,AXF29
/content/drive/MyDrive/train_data/images/img_04823.jpg,LBD170
/content/drive/MyDrive/train_data/images/img_06470.jpg,LEB9588
/content/drive/MyDrive/train_data/images/img_02934.jpg,BAU554
/content/drive/MyDrive/train_data/images/img_00121.jpg,ABM647
/content/drive/MyDrive/train_data/images/img_01079.jpg,ALK519
/content/drive/MyDrive/train_data/images/img_06293.jpg,LE7660
/content/drive/MyDrive/train_data/images/img_00900.jpg,AJX313
/content/drive/MyDrive/train_data/images/img_01429.jpg,APE688
/content/drive/MyDrive/train_data/images/img_05394.jpg,LEC469
/content/drive/MyDrive/train_data/images/img_05313.jpg,LEB8080
/content/drive/MyDrive/train_data/images/img_01064.jpg,ALH845
/content/drive/MyDrive/train_data/images/img_01185.jpg,AMG883
/content/drive/MyDrive/train_data/images/img_06044.jpg,RU571
/content/drive/MyDrive/train_data/images/img_00023.jpg,AAEP612
/content/drive/MyDrive/train_data/images/img_04882.jpg,LE3822
/content/drive/MyDrive/train_data/images/img_06080.jpg,SND290
/content/drive/MyDrive/train_data/images/img_05625.jpg,LEE8876
/content/drive/MyDrive/train_data/images/img_01908.jpg,ASG093
/content/drive/MyDrive/train_data/images/img_01769.jpg,ARK183
/content/drive/MyDrive/train_data/images/img_04803.jpg,KW7879
/content/drive/MyDrive/train_data/images/img_01697.jpg,AQY856
/content/drive/MyDrive/train_data/images/img_04540.jpg,DBX325
/content/drive/MyDrive/train_data/images/img_05945.jpg,LWR1324
/content/drive/MyDrive/train_data/images/img_01681.jpg,AQX665
/content/drive/MyDrive/train_data/images/img_04625.jpg,DES805
/content/drive/MyDrive/train_data/images/img_01031.jpg,ALB514
/content/drive/MyDrive/train_data/images/img_01995.jpg,ASW667
/content/drive/MyDrive/train_data/images/img_06277.jpg,LE6211
/content/drive/MyDrive/train_data/images/img_06420.jpg,LEB52
/content/drive/MyDrive/train_data/images/img_00174.jpg,ACE810
/content/drive/MyDrive/train_data/images/img_04891.jpg,LE422
/content/drive/MyDrive/train_data/images/img_06744.jpg,US535
/content/drive/MyDrive/train_data/images/img_05256.jpg,LEB4748
/content/drive/MyDrive/train_data/images/img_05847.jpg,LET1191
/content/drive/MyDrive/train_data/images/img_00750.jpg,AHV342
/content/drive/MyDrive/train_data/images/img_05350.jpg,LEC1373
/content/drive/MyDrive/train_data/images/img_01000.jpg,AKW689
/content/drive/MyDrive/train_data/images/img_01554.jpg,APZ591
/content/drive/MyDrive/train_data/images/img_02260.jpg,AUS588
/content/drive/MyDrive/train_data/images/img_03261.jpg,BFF342
/content/drive/MyDrive/train_data/images/img_06440.jpg,LEB7275
/content/drive/MyDrive/train_data/images/img_02938.jpg,BAV
/content/drive/MyDrive/train_data/images/img_05282.jpg,LEB6215
/content/drive/MyDrive/train_data/images/img_04460.jpg,CBB1992
/content/drive/MyDrive/train_data/images/img_03009.jpg,BBT13
/content/drive/MyDrive/train_data/images/img_00813.jpg,AJF523
/content/drive/MyDrive/train_data/images/img_02971.jpg,BBF320
/content/drive/MyDrive/train_data/images/img_01934.jpg,ASK221
/content/drive/MyDrive/train_data/images/img_03642.jpg,BMR547
/content/drive/MyDrive/train_data/images/img_03632.jpg,BMK521
/content/drive/MyDrive/train_data/images/img_01779.jpg,ARL991
/content/drive/MyDrive/train_data/images/img_05891.jpg,LH50
/content/drive/MyDrive/train_data/images/img_00268.jpg,ADD781
/content/drive/MyDrive/train_data/images/img_02291.jpg,AUX329
/content/drive/MyDrive/train_data/images/img_03343.jpg,BGM351
/content/drive/MyDrive/train_data/images/img_05043.jpg,LEA1988
/content/drive/MyDrive/train_data/images/img_04008.jpg,BUE173
/content/drive/MyDrive/train_data/images/img_00811.jpg,AJF417
/content/drive/MyDrive/train_data/images/img_06019.jpg,QE347
/content/drive/MyDrive/train_data/images/img_01265.jpg,AMW675
/content/drive/MyDrive/train_data/images/img_04811.jpg,LA0850
/content/drive/MyDrive/train_data/images/img_03433.jpg,BHX729
/content/drive/MyDrive/train_data/images/img_04425.jpg,CAS6152
/content/drive/MyDrive/train_data/images/img_03039.jpg,BCC575
/content/drive/MyDrive/train_data/images/img_06560.jpg,LEE2719
/content/drive/MyDrive/train_data/images/img_03183.jpg,BEE682
/content/drive/MyDrive/train_data/images/img_06185.jpg,BZB607
/content/drive/MyDrive/train_data/images/img_04403.jpg,CAM9470
/content/drive/MyDrive/train_data/images/img_05986.jpg,LZY3863
/content/drive/MyDrive/train_data/images/img_00796.jpg,AJC224
/content/drive/MyDrive/train_data/images/img_00951.jpg,AKN166
/content/drive/MyDrive/train_data/images/img_04035.jpg,BUQ378
/content/drive/MyDrive/train_data/images/img_02493.jpg,AWG944
/content/drive/MyDrive/train_data/images/img_00304.jpg,ADP734
/content/drive/MyDrive/train_data/images/img_00371.jpg,AEE789
/content/drive/MyDrive/train_data/images/img_01145.jpg,ALY462
/content/drive/MyDrive/train_data/images/img_00955.jpg,AKN523
/content/drive/MyDrive/train_data/images/img_03344.jpg,BGN734
/content/drive/MyDrive/train_data/images/img_05318.jpg,LEB8190
/content/drive/MyDrive/train_data/images/img_02475.jpg,AWD497
/content/drive/MyDrive/train_data/images/img_03803.jpg,BQL610
/content/drive/MyDrive/train_data/images/img_05205.jpg,LEB1835
/content/drive/MyDrive/train_data/images/img_00517.jpg,AFU592
/content/drive/MyDrive/train_data/images/img_05682.jpg,LEF7181
/content/drive/MyDrive/train_data/images/img_01813.jpg,ARU48
/content/drive/MyDrive/train_data/images/img_04997.jpg,LE8888
/content/drive/MyDrive/train_data/images/img_02687.jpg,AXR256
/content/drive/MyDrive/train_data/images/img_04599.jpg,DDU079
/content/drive/MyDrive/train_data/images/img_05075.jpg,LEA3135
/content/drive/MyDrive/train_data/images/img_00205.jpg,ACL863
/content/drive/MyDrive/train_data/images/img_03862.jpg,BRU086
/content/drive/MyDrive/train_data/images/img_01915.jpg,ASG977
/content/drive/MyDrive/train_data/images/img_00887.jpg,AJV177
/content/drive/MyDrive/train_data/images/img_03043.jpg,BCD317
/content/drive/MyDrive/train_data/images/img_05230.jpg,LEB3485
/content/drive/MyDrive/train_data/images/img_03121.jpg,BDE832
/content/drive/MyDrive/train_data/images/img_06603.jpg,LEF4256
/content/drive/MyDrive/train_data/images/img_02147.jpg,ATZ981
/content/drive/MyDrive/train_data/images/img_03019.jpg,BBV854
/content/drive/MyDrive/train_data/images/img_05614.jpg,LEE8173
/content/drive/MyDrive/train_data/images/img_01012.jpg,AKZ803
/content/drive/MyDrive/train_data/images/img_04395.jpg,CAL3227
/content/drive/MyDrive/train_data/images/img_06303.jpg,LE8476
/content/drive/MyDrive/train_data/images/img_00114.jpg,ABK185
/content/drive/MyDrive/train_data/images/img_03232.jpg,BEY986
/content/drive/MyDrive/train_data/images/img_00739.jpg,AHU005
/content/drive/MyDrive/train_data/images/img_02996.jpg,BBM882
/content/drive/MyDrive/train_data/images/img_04565.jpg,DCQ168
/content/drive/MyDrive/train_data/images/img_03255.jpg,BFE427
/content/drive/MyDrive/train_data/images/img_05732.jpg,LEH3111
/content/drive/MyDrive/train_data/images/img_01153.jpg,ALZ241
/content/drive/MyDrive/train_data/images/img_06264.jpg,LE5001
/content/drive/MyDrive/train_data/images/img_03836.jpg,BRD02
/content/drive/MyDrive/train_data/images/img_00943.jpg,AKK480
/content/drive/MyDrive/train_data/images/img_02774.jpg,AYU155
/content/drive/MyDrive/train_data/images/img_05380.jpg,LEC3915
/content/drive/MyDrive/train_data/images/img_03947.jpg,BTD905
/content/drive/MyDrive/train_data/images/img_02105.jpg,ATS689
/content/drive/MyDrive/train_data/images/img_01347.jpg,ANQ727
/content/drive/MyDrive/train_data/images/img_02232.jpg,AUP125
/content/drive/MyDrive/train_data/images/img_04110.jpg,BVS663
/content/drive/MyDrive/train_data/images/img_04348.jpg,BZS105
/content/drive/MyDrive/train_data/images/img_02997.jpg,BBN266
/content/drive/MyDrive/train_data/images/img_05950.jpg,LXC3838
/content/drive/MyDrive/train_data/images/img_01082.jpg,ALK726
/content/drive/MyDrive/train_data/images/img_01644.jpg,AQQ270
/content/drive/MyDrive/train_data/images/img_01438.jpg,APG338
/content/drive/MyDrive/train_data/images/img_05985.jpg,LZY2864
/content/drive/MyDrive/train_data/images/img_02676.jpg,AXM500
/content/drive/MyDrive/train_data/images/img_02417.jpg,AVS937
/content/drive/MyDrive/train_data/images/img_00738.jpg,AHU005
/content/drive/MyDrive/train_data/images/img_01076.jpg,ALK372
/content/drive/MyDrive/train_data/images/img_06659.jpg,LEH8562
/content/drive/MyDrive/train_data/images/img_04747.jpg,GBA120
/content/drive/MyDrive/train_data/images/img_00273.jpg,ADF231
/content/drive/MyDrive/train_data/images/img_03611.jpg,BMD522
/content/drive/MyDrive/train_data/images/img_02530.jpg,AWP235
/content/drive/MyDrive/train_data/images/img_00322.jpg,ADT230
/content/drive/MyDrive/train_data/images/img_05294.jpg,LEB6832
/content/drive/MyDrive/train_data/images/img_06589.jpg,LEF1486
/content/drive/MyDrive/train_data/images/img_00795.jpg,AJB8453
/content/drive/MyDrive/train_data/images/img_05146.jpg,LEA7525
/content/drive/MyDrive/train_data/images/img_01120.jpg,ALU878
/content/drive/MyDrive/train_data/images/img_02053.jpg,ATH017
/content/drive/MyDrive/train_data/images/img_05086.jpg,LEA3953
/content/drive/MyDrive/train_data/images/img_06177.jpg,BFW9
/content/drive/MyDrive/train_data/images/img_05215.jpg,LEB2245
/content/drive/MyDrive/train_data/images/img_01794.jpg,ARP081
/content/drive/MyDrive/train_data/images/img_02886.jpg,BAB616
/content/drive/MyDrive/train_data/images/img_04973.jpg,LE7491
/content/drive/MyDrive/train_data/images/img_06484.jpg,LEC3074
/content/drive/MyDrive/train_data/images/img_02344.jpg,AVC045
/content/drive/MyDrive/train_data/images/img_04069.jpg,BVC788
/content/drive/MyDrive/train_data/images/img_04967.jpg,LE728
/content/drive/MyDrive/train_data/images/img_00401.jpg,AEP877
/content/drive/MyDrive/train_data/images/img_05455.jpg,LED130
/content/drive/MyDrive/train_data/images/img_00066.jpg,AAV855
/content/drive/MyDrive/train_data/images/img_02248.jpg,AUR184
/content/drive/MyDrive/train_data/images/img_06343.jpg,LEA3953
/content/drive/MyDrive/train_data/images/img_05392.jpg,LEC4400
/content/drive/MyDrive/train_data/images/img_00179.jpg,ACF333
/content/drive/MyDrive/train_data/images/img_02418.jpg,AVT098
/content/drive/MyDrive/train_data/images/img_02423.jpg,AVT711
/content/drive/MyDrive/train_data/images/img_04708.jpg,FD33
/content/drive/MyDrive/train_data/images/img_06692.jpg,LEU4148
/content/drive/MyDrive/train_data/images/img_04685.jpg,EAD333
/content/drive/MyDrive/train_data/images/img_03124.jpg,BDF779
/content/drive/MyDrive/train_data/images/img_01943.jpg,ASN082
/content/drive/MyDrive/train_data/images/img_06076.jpg,SG105
/content/drive/MyDrive/train_data/images/img_03958.jpg,BTK137
/content/drive/MyDrive/train_data/images/img_03151.jpg,BDT950
/content/drive/MyDrive/train_data/images/img_06099.jpg,VF502
/content/drive/MyDrive/train_data/images/img_02474.jpg,AWD047
/content/drive/MyDrive/train_data/images/img_03742.jpg,BPP376
/content/drive/MyDrive/train_data/images/img_02048.jpg,ATG578
/content/drive/MyDrive/train_data/images/img_03475.jpg,BK1
/content/drive/MyDrive/train_data/images/img_06548.jpg,LED8352
/content/drive/MyDrive/train_data/images/img_02450.jpg,AW05
/content/drive/MyDrive/train_data/images/img_04813.jpg,LA95
/content/drive/MyDrive/train_data/images/img_02830.jpg,AZQ152
/content/drive/MyDrive/train_data/images/img_03618.jpg,BMG176
/content/drive/MyDrive/train_data/images/img_00605.jpg,AGT603
/content/drive/MyDrive/train_data/images/img_01294.jpg,ANB481
/content/drive/MyDrive/train_data/images/img_04477.jpg,CCM357
/content/drive/MyDrive/train_data/images/img_02356.jpg,AVD732
/content/drive/MyDrive/train_data/images/img_03811.jpg,BQU382
/content/drive/MyDrive/train_data/images/img_06334.jpg,LEA2678
/content/drive/MyDrive/train_data/images/img_02091.jpg,ATP044
/content/drive/MyDrive/train_data/images/img_03764.jpg,BPX403
/content/drive/MyDrive/train_data/images/img_02080.jpg,ATL883
/content/drive/MyDrive/train_data/images/img_05767.jpg,LEH70
/content/drive/MyDrive/train_data/images/img_03777.jpg,BQA230
/content/drive/MyDrive/train_data/images/img_01902.jpg,ASE928
/content/drive/MyDrive/train_data/images/img_01172.jpg,AMD630
/content/drive/MyDrive/train_data/images/img_04777.jpg,HA551
/content/drive/MyDrive/train_data/images/img_04076.jpg,BVF024
/content/drive/MyDrive/train_data/images/img_01972.jpg,AST134
/content/drive/MyDrive/train_data/images/img_05076.jpg,LEA3390
/content/drive/MyDrive/train_data/images/img_06221.jpg,HZ297
/content/drive/MyDrive/train_data/images/img_04992.jpg,LE8550
/content/drive/MyDrive/train_data/images/img_00646.jpg,AHA848
/content/drive/MyDrive/train_data/images/img_01434.jpg,APF241
/content/drive/MyDrive/train_data/images/img_01392.jpg,ANX462
/content/drive/MyDrive/train_data/images/img_01475.jpg,APL4
/content/drive/MyDrive/train_data/images/img_05897.jpg,LO708
/content/drive/MyDrive/train_data/images/img_03375.jpg,BGW186
/content/drive/MyDrive/train_data/images/img_06061.jpg,SAL652
/content/drive/MyDrive/train_data/images/img_02000.jpg,ASY007
/content/drive/MyDrive/train_data/images/img_01192.jpg,AMJ523
/content/drive/MyDrive/train_data/images/img_03528.jpg,BKX750
/content/drive/MyDrive/train_data/images/img_03070.jpg,BCM488
/content/drive/MyDrive/train_data/images/img_02936.jpg,BAU755
/content/drive/MyDrive/train_data/images/img_02403.jpg,AVP832
/content/drive/MyDrive/train_data/images/img_00459.jpg,AFF430
/content/drive/MyDrive/train_data/images/img_02657.jpg,AXG797
/content/drive/MyDrive/train_data/images/img_00376.jpg,AEH649
/content/drive/MyDrive/train_data/images/img_05989.jpg,LZY503
/content/drive/MyDrive/train_data/images/img_02453.jpg,AW39
/content/drive/MyDrive/train_data/images/img_06413.jpg,LEB4240
/content/drive/MyDrive/train_data/images/img_03634.jpg,BMM745
/content/drive/MyDrive/train_data/images/img_05784.jpg,LEH920
/content/drive/MyDrive/train_data/images/img_05191.jpg,LEA946
/content/drive/MyDrive/train_data/images/img_06441.jpg,LEB7320
/content/drive/MyDrive/train_data/images/img_03555.jpg,BLD386
/content/drive/MyDrive/train_data/images/img_00740.jpg,AHU005
/content/drive/MyDrive/train_data/images/img_05781.jpg,LEH9006
/content/drive/MyDrive/train_data/images/img_02354.jpg,AVD56
/content/drive/MyDrive/train_data/images/img_05170.jpg,LEA8518
/content/drive/MyDrive/train_data/images/img_01923.jpg,ASJ301
/content/drive/MyDrive/train_data/images/img_00560.jpg,AGJ954
/content/drive/MyDrive/train_data/images/img_05058.jpg,LEA2490
/content/drive/MyDrive/train_data/images/img_00294.jpg,ADM84
/content/drive/MyDrive/train_data/images/img_04432.jpg,CAS6152
/content/drive/MyDrive/train_data/images/img_03997.jpg,BUA903
/content/drive/MyDrive/train_data/images/img_06041.jpg,RSF08
/content/drive/MyDrive/train_data/images/img_02594.jpg,AWX779
/content/drive/MyDrive/train_data/images/img_06663.jpg,LEH9459
/content/drive/MyDrive/train_data/images/img_04371.jpg,BZX499
/content/drive/MyDrive/train_data/images/img_02691.jpg,AXS262
/content/drive/MyDrive/train_data/images/img_00657.jpg,AHE031
/content/drive/MyDrive/train_data/images/img_06497.jpg,LEC5335
/content/drive/MyDrive/train_data/images/img_03256.jpg,BFE442
/content/drive/MyDrive/train_data/images/img_05105.jpg,LEA4561
/content/drive/MyDrive/train_data/images/img_02773.jpg,AYT8
/content/drive/MyDrive/train_data/images/img_06511.jpg,LEC8638
/content/drive/MyDrive/train_data/images/img_03846.jpg,BRNZ79
/content/drive/MyDrive/train_data/images/img_00612.jpg,AGU989
/content/drive/MyDrive/train_data/images/img_01264.jpg,AMW675
/content/drive/MyDrive/train_data/images/img_06123.jpg,AAX425
/content/drive/MyDrive/train_data/images/img_03358.jpg,BGS3
/content/drive/MyDrive/train_data/images/img_01180.jpg,AME784
/content/drive/MyDrive/train_data/images/img_00125.jpg,ABR144
/content/drive/MyDrive/train_data/images/img_03743.jpg,BPP787
/content/drive/MyDrive/train_data/images/img_04308.jpg,BYY889
/content/drive/MyDrive/train_data/images/img_00816.jpg,AJF912
/content/drive/MyDrive/train_data/images/img_03606.jpg,BMB230
/content/drive/MyDrive/train_data/images/img_00822.jpg,AJH470
/content/drive/MyDrive/train_data/images/img_02719.jpg,AYA1
/content/drive/MyDrive/train_data/images/img_04834.jpg,LD7920
/content/drive/MyDrive/train_data/images/img_04114.jpg,BVU652
/content/drive/MyDrive/train_data/images/img_05768.jpg,LEH70
/content/drive/MyDrive/train_data/images/img_00303.jpg,ADP579
/content/drive/MyDrive/train_data/images/img_04057.jpg,BUY765
/content/drive/MyDrive/train_data/images/img_01246.jpg,AMT787
/content/drive/MyDrive/train_data/images/img_05341.jpg,LEB9605
/content/drive/MyDrive/train_data/images/img_05436.jpg,LEC8862
/content/drive/MyDrive/train_data/images/img_03162.jpg,BE623
/content/drive/MyDrive/train_data/images/img_03123.jpg,BDF229
/content/drive/MyDrive/train_data/images/img_06457.jpg,LEB8521
/content/drive/MyDrive/train_data/images/img_02606.jpg,AWZ310
/content/drive/MyDrive/train_data/images/img_00357.jpg,AEC268
/content/drive/MyDrive/train_data/images/img_03365.jpg,BGU805
/content/drive/MyDrive/train_data/images/img_01913.jpg,ASG731
/content/drive/MyDrive/train_data/images/img_06025.jpg,RB014
/content/drive/MyDrive/train_data/images/img_04684.jpg,EAB774
/content/drive/MyDrive/train_data/images/img_01956.jpg,ASP015
/content/drive/MyDrive/train_data/images/img_01545.jpg,APY320
/content/drive/MyDrive/train_data/images/img_02636.jpg,AXC280
/content/drive/MyDrive/train_data/images/img_06091.jpg,US535
/content/drive/MyDrive/train_data/images/img_03090.jpg,BCV7
/content/drive/MyDrive/train_data/images/img_04451.jpg,CAW046
/content/drive/MyDrive/train_data/images/img_05709.jpg,LEF991
/content/drive/MyDrive/train_data/images/img_02723.jpg,AYC485
/content/drive/MyDrive/train_data/images/img_02827.jpg,AZN227
/content/drive/MyDrive/train_data/images/img_03967.jpg,BTN252
/content/drive/MyDrive/train_data/images/img_04412.jpg,CAQ3869
/content/drive/MyDrive/train_data/images/img_03658.jpg,BMX187
/content/drive/MyDrive/train_data/images/img_01217.jpg,AMM900
/content/drive/MyDrive/train_data/images/img_04011.jpg,BUG172
/content/drive/MyDrive/train_data/images/img_06210.jpg,FE88
/content/drive/MyDrive/train_data/images/img_04750.jpg,GBD317
/content/drive/MyDrive/train_data/images/img_04808.jpg,KY6125
/content/drive/MyDrive/train_data/images/img_02445.jpg,AVZ494
/content/drive/MyDrive/train_data/images/img_02317.jpg,AUZ308
/content/drive/MyDrive/train_data/images/img_06398.jpg,LEB1968
/content/drive/MyDrive/train_data/images/img_02188.jpg,AUF042
/content/drive/MyDrive/train_data/images/img_04159.jpg,BWL558
/content/drive/MyDrive/train_data/images/img_02784.jpg,AYY2
/content/drive/MyDrive/train_data/images/img_03399.jpg,BHB898
/content/drive/MyDrive/train_data/images/img_06501.jpg,LEC6343
/content/drive/MyDrive/train_data/images/img_00571.jpg,AGL422
/content/drive/MyDrive/train_data/images/img_01118.jpg,ALU716
/content/drive/MyDrive/train_data/images/img_04163.jpg,BWN663
/content/drive/MyDrive/train_data/images/img_04910.jpg,LE5254
/content/drive/MyDrive/train_data/images/img_01561.jpg,AQA356
/content/drive/MyDrive/train_data/images/img_03142.jpg,BDK771
/content/drive/MyDrive/train_data/images/img_01184.jpg,AMG594
/content/drive/MyDrive/train_data/images/img_04515.jpg,DAX756
/content/drive/MyDrive/train_data/images/img_03741.jpg,BPK969
/content/drive/MyDrive/train_data/images/img_01996.jpg,ASW667
/content/drive/MyDrive/train_data/images/img_03868.jpg,BRW177
/content/drive/MyDrive/train_data/images/img_03952.jpg,BTG917
/content/drive/MyDrive/train_data/images/img_03403.jpg,BHE169
/content/drive/MyDrive/train_data/images/img_02239.jpg,AUQ184
/content/drive/MyDrive/train_data/images/img_04168.jpg,BWS294
/content/drive/MyDrive/train_data/images/img_02390.jpg,AVK817
/content/drive/MyDrive/train_data/images/img_04082.jpg,BVG503
/content/drive/MyDrive/train_data/images/img_01261.jpg,AMV543
/content/drive/MyDrive/train_data/images/img_05306.jpg,LEB7562
/content/drive/MyDrive/train_data/images/img_00962.jpg,AKQ864
/content/drive/MyDrive/train_data/images/img_03780.jpg,BQB016
/content/drive/MyDrive/train_data/images/img_00929.jpg,AKF601
/content/drive/MyDrive/train_data/images/img_06100.jpg,VK990
/content/drive/MyDrive/train_data/images/img_00763.jpg,AHX431
/content/drive/MyDrive/train_data/images/img_03342.jpg,BGL828
/content/drive/MyDrive/train_data/images/img_04524.jpg,DBF604
/content/drive/MyDrive/train_data/images/img_00112.jpg,ABJ566
/content/drive/MyDrive/train_data/images/img_04512.jpg,DAU727
/content/drive/MyDrive/train_data/images/img_02545.jpg,AWR210
/content/drive/MyDrive/train_data/images/img_01297.jpg,ANB853
/content/drive/MyDrive/train_data/images/img_01960.jpg,ASP642
/content/drive/MyDrive/train_data/images/img_04987.jpg,LE8133
/content/drive/MyDrive/train_data/images/img_05161.jpg,LEA796
/content/drive/MyDrive/train_data/images/img_00236.jpg,ACW343
/content/drive/MyDrive/train_data/images/img_06066.jpg,SAM505
/content/drive/MyDrive/train_data/images/img_03970.jpg,BTP078
/content/drive/MyDrive/train_data/images/img_06317.jpg,LE9687
/content/drive/MyDrive/train_data/images/img_02359.jpg,AVE692
/content/drive/MyDrive/train_data/images/img_01073.jpg,ALK207
/content/drive/MyDrive/train_data/images/img_04499.jpg,DAH349
/content/drive/MyDrive/train_data/images/img_06653.jpg,LEH7073
/content/drive/MyDrive/train_data/images/img_06291.jpg,LE7462
/content/drive/MyDrive/train_data/images/img_00422.jpg,AEU208
/content/drive/MyDrive/train_data/images/img_03621.jpg,BMG712
/content/drive/MyDrive/train_data/images/img_05123.jpg,LEA5691
/content/drive/MyDrive/train_data/images/img_04083.jpg,BVG752
/content/drive/MyDrive/train_data/images/img_05100.jpg,LEA4447
/content/drive/MyDrive/train_data/images/img_02963.jpg,BBA362
/content/drive/MyDrive/train_data/images/img_04247.jpg,BXV940
/content/drive/MyDrive/train_data/images/img_01536.jpg,APW186
/content/drive/MyDrive/train_data/images/img_00444.jpg,AFB707
/content/drive/MyDrive/train_data/images/img_03385.jpg,BH0509
/content/drive/MyDrive/train_data/images/img_03784.jpg,BQC315
/content/drive/MyDrive/train_data/images/img_04444.jpg,CAV398
/content/drive/MyDrive/train_data/images/img_05387.jpg,LEC4204
/content/drive/MyDrive/train_data/images/img_00009.jpg,AABF087
/content/drive/MyDrive/train_data/images/img_04215.jpg,BXH989
/content/drive/MyDrive/train_data/images/img_03311.jpg,BG5
/content/drive/MyDrive/train_data/images/img_00949.jpg,AKL845
/content/drive/MyDrive/train_data/images/img_02648.jpg,AXE362
/content/drive/MyDrive/train_data/images/img_02067.jpg,ATJ602
/content/drive/MyDrive/train_data/images/img_02576.jpg,AWV525
/content/drive/MyDrive/train_data/images/img_00721.jpg,AHR683
/content/drive/MyDrive/train_data/images/img_03725.jpg,BPB815
/content/drive/MyDrive/train_data/images/img_00300.jpg,ADP254
/content/drive/MyDrive/train_data/images/img_04506.jpg,DAP067
/content/drive/MyDrive/train_data/images/img_03280.jpg,BFM492
/content/drive/MyDrive/train_data/images/img_05427.jpg,LEC7782
/content/drive/MyDrive/train_data/images/img_02361.jpg,AVF016
/content/drive/MyDrive/train_data/images/img_04058.jpg,BUY765
/content/drive/MyDrive/train_data/images/img_06229.jpg,LE110
/content/drive/MyDrive/train_data/images/img_02701.jpg,AXV200
/content/drive/MyDrive/train_data/images/img_01317.jpg,ANG617
/content/drive/MyDrive/train_data/images/img_00856.jpg,AJO653
/content/drive/MyDrive/train_data/images/img_05489.jpg,LED5328
/content/drive/MyDrive/train_data/images/img_02630.jpg,AXB412
/content/drive/MyDrive/train_data/images/img_02730.jpg,AYE160
/content/drive/MyDrive/train_data/images/img_06149.jpg,ARK568
/content/drive/MyDrive/train_data/images/img_02850.jpg,AZW602
/content/drive/MyDrive/train_data/images/img_03850.jpg,BRS020
/content/drive/MyDrive/train_data/images/img_00747.jpg,AHUQ440
/content/drive/MyDrive/train_data/images/img_05750.jpg,LEH5323
/content/drive/MyDrive/train_data/images/img_05200.jpg,LEB1170
/content/drive/MyDrive/train_data/images/img_05991.jpg,MBS001
/content/drive/MyDrive/train_data/images/img_04795.jpg,JV4929
/content/drive/MyDrive/train_data/images/img_01486.jpg,APM925
/content/drive/MyDrive/train_data/images/img_06710.jpg,LRE896
/content/drive/MyDrive/train_data/images/img_06604.jpg,LEF4457
/content/drive/MyDrive/train_data/images/img_05337.jpg,LEB9548
/content/drive/MyDrive/train_data/images/img_04251.jpg,BXW604
/content/drive/MyDrive/train_data/images/img_03854.jpg,BRS369
/content/drive/MyDrive/train_data/images/img_01435.jpg,APF700
/content/drive/MyDrive/train_data/images/img_05943.jpg,LWQ6090
/content/drive/MyDrive/train_data/images/img_06461.jpg,LEB9032
/content/drive/MyDrive/train_data/images/img_02207.jpg,AUJ167
/content/drive/MyDrive/train_data/images/img_05507.jpg,LED6722
/content/drive/MyDrive/train_data/images/img_00169.jpg,ACC956
/content/drive/MyDrive/train_data/images/img_04809.jpg,LA0
/content/drive/MyDrive/train_data/images/img_04712.jpg,FDA5435
/content/drive/MyDrive/train_data/images/img_05523.jpg,LED8109
/content/drive/MyDrive/train_data/images/img_06476.jpg,LEB9863
/content/drive/MyDrive/train_data/images/img_00748.jpg,AHUR4
/content/drive/MyDrive/train_data/images/img_00211.jpg,ACN791
/content/drive/MyDrive/train_data/images/img_02051.jpg,ATG880
/content/drive/MyDrive/train_data/images/img_06690.jpg,LEU3974
/content/drive/MyDrive/train_data/images/img_05864.jpg,LEU1700
/content/drive/MyDrive/train_data/images/img_03539.jpg,BL3927
/content/drive/MyDrive/train_data/images/img_06250.jpg,LE2787
/content/drive/MyDrive/train_data/images/img_04899.jpg,LE4655
/content/drive/MyDrive/train_data/images/img_00658.jpg,AHE115
/content/drive/MyDrive/train_data/images/img_03586.jpg,BLV474
/content/drive/MyDrive/train_data/images/img_04045.jpg,BUV729
/content/drive/MyDrive/train_data/images/img_04423.jpg,CAS6152
/content/drive/MyDrive/train_data/images/img_04099.jpg,BVK524
/content/drive/MyDrive/train_data/images/img_02230.jpg,AUN713
/content/drive/MyDrive/train_data/images/img_03297.jpg,BFU462
/content/drive/MyDrive/train_data/images/img_02491.jpg,AWG538
/content/drive/MyDrive/train_data/images/img_05641.jpg,LEF2111
/content/drive/MyDrive/train_data/images/img_03839.jpg,BRF772
/content/drive/MyDrive/train_data/images/img_01018.jpg,ALA11
/content/drive/MyDrive/train_data/images/img_03597.jpg,BM155
/content/drive/MyDrive/train_data/images/img_02364.jpg,AVF754
/content/drive/MyDrive/train_data/images/img_06134.jpg,AGS579
/content/drive/MyDrive/train_data/images/img_06369.jpg,LEA7117
/content/drive/MyDrive/train_data/images/img_06530.jpg,LED4068
/content/drive/MyDrive/train_data/images/img_01359.jpg,ANR616
/content/drive/MyDrive/train_data/images/img_00488.jpg,AFN928
/content/drive/MyDrive/train_data/images/img_06649.jpg,LEH5294
/content/drive/MyDrive/train_data/images/img_01165.jpg,AMB572
/content/drive/MyDrive/train_data/images/img_02176.jpg,AUC480
/content/drive/MyDrive/train_data/images/img_01220.jpg,AMN664
/content/drive/MyDrive/train_data/images/img_05305.jpg,LEB7549
/content/drive/MyDrive/train_data/images/img_01841.jpg,ARX305
/content/drive/MyDrive/train_data/images/img_04461.jpg,CBB1992
/content/drive/MyDrive/train_data/images/img_00940.jpg,AKH602
/content/drive/MyDrive/train_data/images/img_06075.jpg,SC5302
/content/drive/MyDrive/train_data/images/img_01620.jpg,AQK007
/content/drive/MyDrive/train_data/images/img_05416.jpg,LEC7146
/content/drive/MyDrive/train_data/images/img_04831.jpg,LD5558
/content/drive/MyDrive/train_data/images/img_05120.jpg,LEA5484
/content/drive/MyDrive/train_data/images/img_05715.jpg,LEG5029
/content/drive/MyDrive/train_data/images/img_01912.jpg,ASG731
/content/drive/MyDrive/train_data/images/img_06290.jpg,LE7399
/content/drive/MyDrive/train_data/images/img_00583.jpg,AGP035
/content/drive/MyDrive/train_data/images/img_03719.jpg,BP5452
/content/drive/MyDrive/train_data/images/img_02316.jpg,AUZ257
/content/drive/MyDrive/train_data/images/img_02360.jpg,AVE825
/content/drive/MyDrive/train_data/images/img_01896.jpg,ASE777
/content/drive/MyDrive/train_data/images/img_00267.jpg,ADD653
/content/drive/MyDrive/train_data/images/img_02385.jpg,AVK325
/content/drive/MyDrive/train_data/images/img_03849.jpg,BRQ305
/content/drive/MyDrive/train_data/images/img_04864.jpg,LE2823
/content/drive/MyDrive/train_data/images/img_05647.jpg,LEF3188
/content/drive/MyDrive/train_data/images/img_05729.jpg,LEH2962
/content/drive/MyDrive/train_data/images/img_03346.jpg,BGP294
/content/drive/MyDrive/train_data/images/img_00021.jpg,AAEK799
/content/drive/MyDrive/train_data/images/img_01282.jpg,AMZ100
/content/drive/MyDrive/train_data/images/img_00614.jpg,AGU989
/content/drive/MyDrive/train_data/images/img_04521.jpg,DB273
/content/drive/MyDrive/train_data/images/img_01423.jpg,APD738
/content/drive/MyDrive/train_data/images/img_01964.jpg,ASR306
/content/drive/MyDrive/train_data/images/img_01286.jpg,AN073
/content/drive/MyDrive/train_data/images/img_00665.jpg,AHF430
/content/drive/MyDrive/train_data/images/img_05410.jpg,LEC6336
/content/drive/MyDrive/train_data/images/img_02167.jpg,AUA830
/content/drive/MyDrive/train_data/images/img_06622.jpg,LEF7909
/content/drive/MyDrive/train_data/images/img_05124.jpg,LEA5794
/content/drive/MyDrive/train_data/images/img_01702.jpg,AQZ330
/content/drive/MyDrive/train_data/images/img_00812.jpg,AJF417
/content/drive/MyDrive/train_data/images/img_04994.jpg,LE866
/content/drive/MyDrive/train_data/images/img_00493.jpg,AFR026
/content/drive/MyDrive/train_data/images/img_05087.jpg,LEA3993
/content/drive/MyDrive/train_data/images/img_04658.jpg,DFX034
/content/drive/MyDrive/train_data/images/img_02501.jpg,AWJ495
/content/drive/MyDrive/train_data/images/img_03512.jpg,BKS506
/content/drive/MyDrive/train_data/images/img_04821.jpg,LB631
/content/drive/MyDrive/train_data/images/img_02435.jpg,AVX371
/content/drive/MyDrive/train_data/images/img_03626.jpg,BMH382
/content/drive/MyDrive/train_data/images/img_03690.jpg,BNI65
/content/drive/MyDrive/train_data/images/img_06005.jpg,MNE706
/content/drive/MyDrive/train_data/images/img_04280.jpg,BYN274
/content/drive/MyDrive/train_data/images/img_01848.jpg,ARZ067
